Workbook

Sheet Trimestre contra Trimestre Ant.
A1: TRIMESTRE CONTRA TRIMESTRE IMEDIATAMENTE ANTERIOR (%)
A2: Com ajuste sazonal
A3: Período | B3: AGROPECUÁRIA | C3: INDÚSTRIA | H3: SERVIÇOS | P3: VA | Q3: PIB | R3: Consumo das Famílias | S3: Consumo do Governo | T3: Formação Bruta de Capital Fixo | U3: Exportação | V3: Importação
B4: Total | C4: Indústrias extrativas | D4: Indústrias de transformação | E4: Eletricidade e gás, água, esgoto, ativ. de gestão de resíduos | F4: Construção | G4: Total | H4: Comércio | I4: Transporte, armazenagem e correio | J4: Informação e comunicação | K4: Atividades financeiras, de seguros e serviços relacionados | L4: Atividades Imobiliárias | M4: Outras atividades de serviços | N4: Adm., defesa, saúde e educação públicas e seguridade social | O4: Total
A5: 1996.I
A6: 1996.II | B6: 1.4056204 | C6: -0.42489475 | D6: -5.0751008 | E6: 0.6464082 | F6: -0.95181231 | G6: -3.6926725 | H6: 1.7965925 | I6: -1.4493752 | J6: 1.4164885 | K6: -0.89047016 | L6: 0.64842856 | M6: -0.50966031 | N6: 2.0364448 | O6: 0.26049221 | P6: 0.89787228 | Q6: 1.1891662 | R6: 2.0670043 | S6: 1.6092551 | T6: 1.9355389 | U6: -2.8990378 | V6: 9.1330691
A7: 1996.III | B7: 5.3540981 | C7: -4.9559555 | D7: 15.364273 | E7: 0.86606043 | F7: 0.79689141 | G7: 8.9951725 | H7: 2.6222413 | I7: 3.1251889 | J7: 4.1574578 | K7: 0.83773382 | L7: 0.93603732 | M7: 0.28424981 | N7: 0.49424839 | O7: 1.2671723 | P7: 3.6878805 | Q7: 3.69284 | R7: 2.7929375 | S7: 3.4723973 | T7: 3.7446034 | U7: -0.51056506 | V7: 7.3647927
A8: 1996.IV | B8: 23.627056 | C8: 4.768471 | D8: -9.6242662 | E8: 2.2371308 | F8: -0.14229319 | G8: -6.0858562 | H8: 1.3942763 | I8: -3.5753816 | J8: -2.4475933 | K8: -8.0448143 | L8: -2.4023688 | M8: -0.35312821 | N8: -0.6105178 | O8: -2.0665969 | P8: -2.4001376 | Q8: -0.95177098 | R8: 5.2515739 | S8: -15.049974 | T8: 4.2627093 | U8: 3.0935974 | V8: 10.932623
A9: 1997.I | B9: -19.021829 | C9: 1.0919209 | D9: 3.5383569 | E9: 2.407272 | F9: 3.4817398 | G9: 5.0656663 | H9: 0.16045029 | I9: 4.903681 | J9: 1.5410326 | K9: 10.435404 | L9: 2.1912052 | M9: 1.4298879 | N9: 0.15629282 | O9: 2.4583411 | P9: 2.001619 | Q9: 1.0767159 | R9: -2.312387 | S9: 13.282502 | T9: 0.85122326 | U9: 6.3685436 | V9: -0.28102123
A10: 1997.II | B10: -1.4649222 | C10: 1.7928655 | D10: 1.2842817 | E10: -0.89805036 | F10: 2.5181769 | G10: -0.14810229 | H10: 0.57550609 | I10: 2.9430015 | J10: 2.6264477 | K10: -1.2203994 | L10: 0.74777544 | M10: 0.89331544 | N10: -0.78420389 | O10: 0.54732192 | P10: 0.20691569 | Q10: 0.48375147 | R10: 0.27666178 | S10: -0.40321644 | T10: 1.4064721 | U10: 6.4184263 | V10: 4.1554178
A11: 1997.III | B11: 3.246908 | C11: 3.0982488 | D11: 0.47498924 | E11: 2.9457716 | F11: 2.9313347 | G11: 1.881761 | H11: 1.4161338 | I11: 0.55434052 | J11: 0.89119783 | K11: 0.7670352 | L11: 1.113783 | M11: 0.70641592 | N11: 0.33991276 | O11: 0.46818587 | P11: 1.2192382 | Q11: 1.2716514 | R11: -0.96052413 | S11: -1.5693782 | T11: 1.9577167 | U11: 1.974231 | V11: 0.64451195
A12: 1997.IV | B12: 8.6182696 | C12: -0.13140761 | D12: -1.344706 | E12: 1.3251554 | F12: 1.821875 | G12: -0.35615598 | H12: 0.16237599 | I12: 1.9654908 | J12: 2.5347768 | K12: 0.18292075 | L12: 1.5280284 | M12: 2.1765132 | N12: 0.90768783 | O12: 1.2238559 | P12: 0.91719479 | Q12: 0.84076386 | R12: 0.13054578 | S12: 0.7137161 | T12: -0.65264472 | U12: -4.5735943 | V12: -5.9839809
A13: 1998.I | B13: -11.027025 | C13: 1.4874866 | D13: -4.2208336 | E13: -0.54049598 | F13: -1.2812009 | G13: -2.2456869 | H13: -2.3306886 | I13: -3.6634246 | J13: -1.6065024 | K13: -1.7967735 | L13: -0.48914423 | M13: -2.6920641 | N13: 0.85796783 | O13: -0.99850154 | P13: -1.752479 | Q13: -1.9771681 | R13: 0.017047604 | S13: 2.3951709 | T13: 0.5432808 | U13: 5.9880883 | V13: 9.0290072
A14: 1998.II | B14: 12.53657 | C14: 1.7327217 | D14: 1.5903105 | E14: -0.34442963 | F14: 1.2480028 | G14: 1.2827494 | H14: 1.6550506 | I14: 3.7946442 | J14: -0.76075433 | K14: -0.31080995 | L14: 0.91713129 | M14: 1.9176995 | N14: 0.96905223 | O14: 1.1076079 | P14: 1.835143 | Q14: 1.7124215 | R14: -0.30922031 | S14: 0.66769247 | T14: 0.36669941 | U14: 2.6877997 | V14: -5.3882377
A15: 1998.III | B15: -2.6230377 | C15: -1.3750265 | D15: -0.97632831 | E15: 0.045146022 | F15: -1.4888066 | G15: -1.2699203 | H15: -1.1537292 | I15: 0.40640859 | J15: 11.750092 | K15: 0.50749757 | L15: 0.5598759 | M15: 0.35589733 | N15: 0.77106616 | O15: 0.60924949 | P15: -0.080775525 | Q15: -0.02876667 | R15: 0.30750461 | S15: 1.7360796 | T15: -1.2910957 | U15: -4.2635468 | V15: 1.0243691
A16: 1998.IV | B16: -2.0770049 | C16: -1.0416728 | D16: -3.5911782 | E16: -0.78581438 | F16: -2.4471579 | G16: -3.1185236 | H16: -4.2913386 | I16: -3.9909089 | J16: 4.2364204 | K16: 0.37030482 | L16: 0.72936676 | M16: 0.2180194 | N16: 0.93350223 | O16: 0.057832982 | P16: -1.0466852 | Q16: -1.1467992 | R16: -1.3236167 | S16: -0.73944295 | T16: -4.5011696 | U16: 0.36441054 | V16: -5.6571928
A17: 1999.I | B17: 4.2154261 | C17: -0.43534977 | D17: -0.80475519 | E17: -0.046368841 | F17: -3.3213122 | G17: -0.50657993 | H17: 0.84381343 | I17: -2.0217983 | J17: 2.6565151 | K17: -0.16231543 | L17: 1.5326988 | M17: -0.91180616 | N17: 1.4128744 | O17: 0.75649783 | P17: 0.9062423 | Q17: 0.18453375 | R17: 0.3050397 | S17: -1.1346896 | T17: -3.5651365 | U17: 1.8779186 | V17: -9.76306
... A126: 2026.II | B126: 2.8213171 | C126: 3.4066744 | D126: -0.37959622 | E126: -1.0717881 | F126: -0.35722726 | G126: 0.12142255 | H126: 0.048255341 | I126: 1.0702845 | J126: 2.0700852 | K126: -0.25002286 | L126: 0.24575721 | M126: -0.036811192 | N126: -0.35605236 | O126: 0.18578936 | P126: 0.51330198 | Q126: 0.47884015 | R126: -0.44380458 | S126: 0.4215136 | T126: 1.2001045 | U126: -0.75488797 | V126: 1.802764

Sheet Acum. em 4 trimestres
A1: TAXA ACUMULADA EM QUATRO TRIMESTRES (em relação ao mesmo período do ano anterior % )
A2: Em relação ao mesmo período do ano anterior - %
A3: Período | B3: AGROPECUÁRIA | C3: INDÚSTRIA | H3: SERVIÇOS | P3: VA | Q3: Imposto | R3: PIB | S3: Consumo das Famílias | T3: Consumo do Governo | U3: Formação Bruta de Capital Fixo | V3: Exportação | W3: Importação
B4: Total | C4: Indústrias extrativas | D4: Indústrias de transformação | E4: Eletricidade e gás, água, esgoto, ativ. de gestão de resíduos | F4: Construção | G4: Total | H4: Comércio | I4: Transporte, armazenagem e correio | J4: Informação e comunicação | K4: Atividades financeiras, de seguros e serviços relacionados | L4: Atividades Imobiliárias | M4: Outras atividades de serviços | N4: Adm., defesa, saúde e educação públicas e seguridade social | O4: Total
A5: 1996.I | B5: -1.9392683 | C5: 2.3086172 | D5: 1.2947563 | E5: 0.35330238 | F5: -6.2399908 | G5: -0.64066569 | H5: 2.9330482 | I5: 9.4464267 | J5: 8.4233497 | K5: 9.6517963 | L5: 1.6647335 | M5: 2.8500363 | N5: 2.8666354 | O5: 5.1577255 | P5: 3.1179752 | Q5: -1.8678772 | R5: 2.5196866 | S5: 2.4902088 | T5: -0.16449651 | U5: -9.1630448 | V5: 11.214702 | W5: -1.9413575
A6: 1996.II | B6: -1.6905568 | C6: 6.4502671 | D6: -2.5695721 | E6: 2.1492124 | F6: -4.4321231 | G6: -2.2684924 | H6: 0.37274615 | I6: 8.7780831 | J6: 8.2064468 | K6: 11.872414 | L6: 1.9799699 | M6: 1.8565951 | N6: 2.927223 | O6: 5.3777404 | P6: 2.8288523 | Q6: -2.9700037 | R6: 2.1356122 | S6: 2.5867536 | T6: -0.69596315 | U6: -9.787323 | V6: 7.0274117 | W6: -7.1365615
A7: 1996.III | B7: -3.653437 | C7: 5.4348149 | D7: 0.2609019 | E7: 2.882425 | F7: -0.5292956 | G7: 0.50274181 | H7: 1.3589427 | I7: 6.782862 | J7: 7.0237504 | K7: 6.4933576 | L7: 2.4121801 | M7: 1.4677786 | N7: 3.5860919 | O7: 4.0343154 | P7: 2.5884762 | Q7: 0.28268275 | R7: 2.309147 | S7: 3.3330881 | T7: -0.76561841 | U7: -4.3899793 | V7: 0.62413065 | W7: -2.8008337
A8: 1996.IV | B8: 2.9531711 | C8: 2.4380536 | D8: 0.08022077 | E8: 3.117207 | F8: 2.2140377 | G8: 0.97461659 | H8: 1.813372 | I8: 5.6181011 | J8: 5.9636196 | K8: 0.88067666 | L8: 2.3860974 | M8: -0.027876507 | N8: 4.3126067 | O8: 2.2991377 | P8: 1.9790592 | Q8: 3.6831528 | R8: 2.2088641 | S8: 3.2365808 | T8: -1.8257396 | U8: 1.1955211 | V8: -0.41986447 | W8: 5.5943152
A9: 1997.I | B9: 4.0956496 | C9: 1.6689031 | D9: 2.5766165 | E9: 3.942278 | F9: 4.8254706 | G9: 3.2773883 | H9: 4.0569004 | I9: 4.6849768 | J9: 5.2895183 | K9: 0.45991301 | L9: 1.9608273 | M9: 0.25944364 | N9: 3.2893238 | O9: 2.105901 | P9: 2.5307922 | Q9: 7.5512526 | R9: 3.1778325 | S9: 5.4520213 | T9: -0.72613477 | U9: 7.4286228 | V9: -1.589057 | W9: 15.839967
A10: 1997.II | B10: 4.6706724 | C10: 0.98106788 | D10: 6.3502632 | E10: 4.5263586 | F10: 6.5445832 | G10: 6.0831953 | H10: 5.5095425 | I10: 5.1255768 | J10: 5.1256282 | K10: 0.015119658 | L10: 1.5804759 | M10: 0.91784529 | N10: 1.9143581 | O10: 1.7646255 | P10: 3.0474948 | Q10: 10.847858 | R10: 4.0228433 | S10: 6.4732685 | T10: -0.86766885 | U10: 11.467143 | V10: 0.9901604 | W10: 24.1773
A11: 1997.III | B11: 5.2349244 | C11: 3.3541194 | D11: 1.3306597 | E11: 5.4653775 | F11: 6.4228983 | G11: 3.1440225 | H11: 4.3959857 | I11: 4.2395146 | J11: 4.5160102 | K11: -0.44018335 | L11: 1.3075134 | M11: 1.2654976 | N11: 0.58067139 | O11: 1.2758239 | P11: 1.9648024 | Q11: 10.285117 | R11: 3.0255588 | S11: 5.6004507 | T11: -3.0717428 | U11: 11.000093 | V11: 6.6092356 | W11: 24.079648
A12: 1997.IV | B12: 0.81302798 | C12: 4.997782 | D12: 2.4934078 | E12: 5.9046728 | F12: 7.6055432 | G12: 4.3749925 | H12: 3.8542985 | I12: 6.1355717 | J12: 5.238603 | K12: 3.3286013 | L12: 2.5060091 | M12: 2.8164643 | N12: -0.042202996 | O12: 2.5342338 | P12: 2.9107215 | Q12: 6.7613546 | R12: 3.394846 | S12: 3.0329739 | T12: 1.2464329 | U12: 8.4181144 | V12: 11.019289 | W12: 14.595077
A13: 1998.I | B13: -1.3340594 | C13: 7.1061653 | D13: 0.89822312 | E13: 5.415092 | F13: 8.3068492 | G13: 3.6061108 | H13: 2.9185419 | I13: 6.5334127 | J13: 5.1886163 | K13: 2.4206075 | L13: 2.9011409 | M13: 2.848082 | N13: 0.16150579 | O13: 2.4055865 | P13: 2.5035432 | Q13: 5.0109891 | R13: 2.8134774 | S13: 1.0513803 | T13: 1.243576 | U13: 6.5549843 | V13: 13.62871 | W13: 10.621462
A14: 1998.II | B14: 0.98311107 | C14: 7.413165 | D14: -2.1589032 | E14: 4.6853435 | F14: 7.7650589 | G14: 1.5699458 | H14: 1.7046875 | I14: 4.8290322 | J14: 3.982146 | K14: 1.7983335 | L14: 3.314748 | M14: 2.8046955 | N14: 1.0294187 | O14: 2.3088164 | P14: 2.0409778 | Q14: 1.9454345 | R14: 2.0194318 | S14: -0.63235191 | T14: 2.0183044 | U14: 4.4129154 | V14: 10.893407 | W14: 4.5120543
A15: 1998.III | B15: 1.9468343 | C15: 5.0081448 | D15: -2.1848646 | E15: 3.134327 | F15: 5.3541317 | G15: 0.78163842 | H15: 0.24513417 | I15: 4.2134024 | J15: 6.3389168 | K15: 1.1603605 | L15: 3.5385897 | M15: 2.5342781 | N15: 2.1526665 | O15: 2.4413181 | P15: 2.0056859 | Q15: -0.6930035 | R15: 1.6430603 | S15: -1.1240628 | T15: 4.9749242 | U15: 1.945327 | V15: 6.0574425 | W15: 0.038000926
A16: 1998.IV | B16: 3.4088881 | C16: 3.6165577 | D16: -4.8411443 | E16: 1.2427167 | F16: 1.5963242 | G16: -2.0900044 | H16: -1.8705087 | I16: 0.68455425 | J16: 7.9436115 | K16: -1.4840004 | L16: 2.5708672 | M16: 1.0980734 | N16: 2.8931569 | O16: 1.4214815 | P16: 0.62466738 | Q16: -1.740725 | R16: 0.3380979 | S16: -0.72001366 | T16: 3.2217667 | U16: -0.16384079 | V16: 4.9082053 | W16: -0.056661237
... A126: 2026.II | B126: 6.1901245 | C126: 12.2428 | D126: -1.1022948 | E126: -0.56850251 | F126: 0.3085819 | G126: 1.3671576 | H126: 0.76461944 | I126: 1.9789319 | J126: 7.0922899 | K126: 2.1910618 | L126: 2.2506921 | M126: 1.6648739 | N126: 0.78698206 | O126: 1.7270866 | P126: 1.889471 | Q126: 1.691615 | R126: 1.8728163 | S126: 0.87306005 | T126: 2.8223734 | U126: -0.18749719 | V126: 8.0417837 | W126: 2.1495559

Sheet Taxa Trimestral
A1: TAXA TRIMESTRAL
A2: Variação em volume em relação ao mesmo trimestre do ano anterior - %
A3: Período | B3: AGROPECUÁRIA | C3: INDÚSTRIA | H3: SERVIÇOS | P3: VA | Q3: Imposto | R3: PIB | S3: Consumo das Famílias | T3: Consumo do Governo | U3: Formação Bruta de Capital Fixo | V3: Exportação | W3: Importação
B4: Total | C4: Indústrias extrativas | D4: Indústrias de transformação | E4: Eletricidade e gás, água, esgoto, ativ. de gestão de resíduos | F4: Construção | G4: Total | H4: Comércio | I4: Transporte, armazenagem e correio | J4: Informação e comunicação | K4: Atividades financeiras, de seguros e serviços relacionados | L4: Atividades Imobiliárias | M4: Outras atividades de serviços | N4: Adm., defesa, saúde e educação públicas e seguridade social | O4: Total
A5: 1996.I | B5: 2.5973826 | C5: 2.1531192 | D5: -7.5763159 | E5: 2.435998 | F5: -6.6822537 | G5: -6.008873 | H5: -4.8100774 | I5: 4.8963854 | J5: 7.4943742 | K5: 3.5650247 | L5: 3.0606288 | M5: -0.31632806 | N5: 4.7495141 | O5: 2.7167606 | P5: 0.29716929 | Q5: -6.5510195 | R5: -0.57987261 | S5: -1.2461874 | T5: -3.2578247 | U5: -12.661424 | V5: 4.7117725 | W5: -16.198831
A6: 1996.II | B6: 2.1608387 | C6: 6.7754178 | D6: -5.5481659 | E6: 2.9183625 | F6: 0.1241511 | G6: -2.9808055 | H6: -0.27872482 | I6: 6.691564 | J6: 6.6236183 | K6: 3.1928788 | L6: 2.9246176 | M6: -0.40232423 | N6: 4.8187614 | O6: 3.6837627 | P6: 1.7441852 | Q6: -1.6504355 | R6: 1.3471927 | S6: 1.8256413 | T6: -0.23172633 | U6: -4.0699731 | V6: 4.5250635 | W6: -6.6103265
A7: 1996.III | B7: -0.60096791 | C7: 1.6228057 | D7: 13.731157 | E7: 2.9826723 | F7: 9.6817038 | G7: 11.346999 | H7: 7.5367346 | I7: 7.8524837 | J7: 5.055919 | K7: 2.8321914 | L7: 2.7235877 | M7: 1.2954632 | N7: 4.4511641 | O7: 3.20869 | P7: 5.1127931 | Q7: 9.894499 | R7: 5.6472133 | S7: 5.3853482 | T7: 2.7650927 | U7: 10.126797 | V7: -3.6480353 | W7: 15.025771
A8: 1996.IV | B8: 8.8704437 | C8: -0.300246 | D8: -0.60351675 | E8: 4.1052856 | F8: 6.4874812 | G8: 1.493972 | H8: 4.4389108 | I8: 3.0328639 | J8: 4.8855724 | K8: -5.0386434 | L8: 0.85189346 | M8: -0.67667832 | N8: 3.2367331 | O8: -0.25294915 | P8: 0.66826459 | Q8: 13.276343 | R8: 2.2744835 | S8: 6.6597965 | T8: -6.7829032 | U8: 13.898074 | V8: -6.5638707 | W8: 31.042743
A9: 1997.I | B9: 6.9742314 | C9: -0.92216048 | D9: 2.740075 | E9: 5.6853813 | F9: 3.1759419 | G9: 3.2818395 | H9: 4.5593338 | I9: 1.0356738 | J9: 4.6679442 | K9: 1.6906494 | L9: 1.3625565 | M9: 0.86854307 | N9: 0.71014643 | O9: 1.9143999 | P9: 2.5711533 | Q9: 8.9793274 | R9: 3.4005717 | S9: 7.8942946 | T9: 1.2330078 | U9: 11.260826 | V9: -0.48635072 | W9: 27.543701
A10: 1997.II | B10: 4.4085455 | C10: 3.6400265 | D10: 9.1783773 | E10: 5.2913471 | F10: 6.8203395 | G10: 8.0337367 | H10: 5.4196061 | I10: 8.3243751 | J10: 5.8869184 | K10: 1.1539614 | L10: 1.3959755 | M10: 2.2651828 | N10: -0.59206147 | O10: 2.2495651 | P10: 3.8318653 | Q10: 11.114249 | R10: 4.7540023 | S10: 5.9917178 | T10: -0.79142139 | U10: 10.698806 | V10: 14.337372 | W10: 23.824245
A11: 1997.III | B11: 1.4772805 | C11: 11.202796 | D11: -4.6279544 | E11: 6.7788729 | F11: 8.9484491 | G11: 0.21397621 | H11: 3.2729455 | I11: 4.3911944 | J11: 2.6850618 | K11: 1.0557897 | L11: 1.6100939 | M11: 2.6642633 | N11: -0.90023626 | O11: 1.2712096 | P11: 0.90983076 | Q11: 7.8908967 | R11: 1.7912794 | S11: 2.0582948 | T11: -5.7157601 | U11: 8.511062 | V11: 17.497994 | W11: 15.886615
A12: 1997.IV | B12: -11.02988 | C12: 5.9265168 | D12: 4.0635719 | E12: 5.8589736 | F12: 11.191718 | G12: 6.4315359 | H12: 2.3663353 | I12: 10.436201 | J12: 7.6070772 | K12: 9.0364491 | L12: 5.6885971 | M12: 5.3199544 | N12: 0.64215323 | O12: 4.6685657 | P12: 4.424305 | Q12: -0.010567904 | R12: 3.738518 | S12: -2.8397277 | T12: 11.476993 | U12: 3.6314129 | V12: 11.635394 | W12: -1.9854469
A13: 1998.I | B13: -1.4151551 | C13: 7.6899984 | D13: -4.2485567 | E13: 3.8103134 | F13: 6.1758733 | G13: 0.065532786 | H13: 0.50054069 | I13: 2.808314 | J13: 4.4905217 | K13: -2.0810138 | L13: 2.9462496 | M13: 1.0150162 | N13: 1.5255225 | O13: 1.3982355 | P13: 0.90580425 | Q13: 1.5405871 | R13: 1.0075748 | S13: -0.50145755 | T13: 1.2216065 | U13: 3.4890502 | V13: 10.420472 | W13: 7.8553828
A14: 1998.II | B14: 13.081073 | C14: 4.9843575 | D14: -3.5156428 | E14: 2.3903184 | F14: 4.8121809 | G14: -0.28143071 | H14: 0.51520007 | I14: 1.5845767 | J14: 1.0696047 | K14: -1.534987 | L14: 3.0521855 | M14: 2.1044562 | N14: 2.8595116 | O14: 1.8640741 | P14: 1.9399987 | Q14: -1.4810651 | R14: 1.5096533 | S14: -1.0797019 | T14: 2.2599265 | U14: 2.1498922 | V14: 4.8092161 | W14: -2.2491282
A15: 1998.III | B15: 5.207556 | C15: 1.7875835 | D15: -4.8437545 | E15: 0.5256954 | F15: 0.019473069 | G15: -2.7083114 | H15: -2.2378868 | I15: 2.1459701 | J15: 12.061296 | K15: -1.2816023 | L15: 2.5227217 | M15: 1.6140029 | N15: 3.5641942 | O15: 1.7972894 | P15: 0.78490424 | Q15: -2.5577779 | R15: 0.3555997 | S15: 0.032241091 | T15: 5.3761198 | U15: -1.208789 | V15: -0.13514998 | W15: -2.0873377
A16: 1998.IV | B16: -5.2939336 | C16: 0.64030728 | D16: -6.7078655 | E16: -1.6154396 | F16: -3.8733841 | G16: -5.1502399 | H16: -5.8878952 | I16: -3.3304731 | J16: 13.465557 | K16: -1.1373077 | L16: 1.7881064 | M16: -0.25364191 | N16: 3.6169998 | O16: 0.65899702 | P16: -1.0700269 | Q16: -4.1173597 | R16: -1.4345374 | S16: -1.3155901 | T16: 3.9749311 | U16: -4.8994758 | V16: 6.0977356 | W16: -2.3925936
... A24: 2000.IV | B24: -1.6294885 | C24: 18.425622 | D24: 5.3330769 | E24: 4.5345915 | F24: 1.4681647 | G24: 4.6937621 | H24: 7.5721796 | I24: 1.4906205 | J24: 17.151355 | K24: 2.322429 | L24: 8.0578839 | M24: 1.7160259 | N24: 2.3433735 | O24: 4.5471062 | P24: 4.4325321 | Q24: 5.364178 | R24: 4.5975118 | S24: 4.084838 | T24: -2.7698631 | U24: 8.8336556 | V24: 2.6751956 | W24: 12.985255
A25: 2001.I | B25: 2.8876747 | C25: 8.9421581 | D25: 4.8139449 | E25: 0.94180185 | F25: 3.5159984 | G25: 4.1115371 | H25: 5.2128328 | I25: 0.50104804 | J25: 10.513598 | K25: 0.075321896 | L25: 4.7145018 | M25: -1.6048103 | N25: 3.0847714 | O25: 2.4243241 | P25: 2.8669349 | Q25: 7.2159888 | R25: 3.4750903 | S25: 4.0243367 | T25: 1.082445 | U25: 10.244422 | V25: 11.186123 | W25: 24.283185 | X25: =AVERAGE(S5:S25) -> 2.114397 | Y25: =AVERAGE(T5:T25) -> 0.90600423 | Z25: =AVERAGE(U5:U25) -> 1.6784059 | AA25: =AVERAGE(V5:V25) -> 7.2146723 | AB25: =AVERAGE(W5:W25) -> 4.5571591
A26: 2001.II | B26: 3.0345477 | C26: 8.6081551 | D26: 0.74783164 | E26: -2.0409705 | F26: -0.2198797 | G26: 0.42885367 | H26: 4.9006004 | I26: -0.4384902 | J26: 7.3212046 | K26: 0.81004112 | L26: 4.2929594 | M26: 0.93715917 | N26: 3.7904658 | O26: 3.1823721 | P26: 2.4941184 | Q26: 1.290097 | R26: 2.3260554 | S26: 3.0913681 | T26: 2.2454493 | U26: 2.0369539 | V26: 13.82371 | W26: 12.826781 | X26: =AVERAGE(S6:S26) -> 2.3209473 | Y26: =AVERAGE(T6:T26) -> 1.1680649 | Z26: =AVERAGE(U6:U26) -> 2.3783286 | AA26: =AVERAGE(V6:V26) -> 7.6485741 | AB26: =AVERAGE(W6:W26) -> 5.9393311
A27: 2001.III | B27: 5.9672658 | C27: 5.1204776 | D27: -0.15553135 | E27: -13.821586 | F27: -4.7669481 | G27: -2.6201625 | H27: 1.1132994 | I27: -0.090114689 | J27: 3.6681893 | K27: 1.3780279 | L27: 2.8202392 | M27: -0.58990525 | N27: 3.9022679 | O27: 1.7323942 | P27: 0.82307002 | Q27: -1.7645307 | R27: 0.46119575 | S27: -1.8256728 | T27: 3.498909 | U27: 1.1936071 | V27: 3.013957 | W27: -5.1981001 | X27: =AVERAGE(S7:S27) -> 2.1470752 | Y27: =AVERAGE(T7:T27) -> 1.3457142 | Z27: =AVERAGE(U7:U27) -> 2.6289753 | AA27: =AVERAGE(V7:V27) -> 7.5766167 | AB27: =AVERAGE(W7:W27) -> 6.0065799
A28: 2001.IV | B28: 11.062489 | C28: 0.2589722 | D28: -1.9260574 | E28: -15.700649 | F28: -4.6341421 | G28: -3.8940035 | H28: -3.1536148 | I28: 0.94475934 | J28: 5.0451939 | K28: 2.1072074 | L28: 0.99377748 | M28: -0.2378156 | N28: 3.4234094 | O28: 1.0089174 | P28: -0.0067379395 | Q28: -3.7663263 | R28: -0.5318018 | S28: -1.8510549 | T28: 3.5966006 | U28: -7.4413581 | V28: 9.764961 | W28: -12.493609 | X28: =AVERAGE(S8:S28) -> 1.8024846 | Y28: =AVERAGE(T8:T28) -> 1.3853098 | Z28: =AVERAGE(U8:U28) -> 1.7923965 | AA28: =AVERAGE(V8:V28) -> 8.2153308 | AB28: =AVERAGE(W8:W28) -> 4.6961333
A29: 2002.I | B29: 4.7146926 | C29: 13.887837 | D29: -2.3006947 | E29: -9.8469114 | F29: -2.4666942 | G29: -2.3258082 | H29: -4.2340839 | I29: 4.6041095 | J29: 7.0110702 | K29: 4.3802523 | L29: 3.0156846 | M29: 4.3673656 | N29: 3.1870616 | O29: 2.9367365 | P29: 1.64909 | Q29: -6.2353546 | R29: 0.47691913 | S29: 0.23811659 | T29: 4.2692785 | U29: -7.9268596 | V29: -4.5753313 | W29: -18.584694 | X29: =AVERAGE(S9:S29) -> 1.4966903 | Y29: =AVERAGE(T9:T29) -> 1.9116042 | Z29: =AVERAGE(U9:U29) -> 0.75311394 | AA29: =AVERAGE(V9:V29) -> 8.3100231 | AB29: =AVERAGE(W9:W29) -> 2.332922
A30: 2002.II | B30: 7.344056 | C30: 20.784198 | D30: 0.6618069 | E30: 0.40271157 | F30: 2.8125651 | G30: 2.31627 | H30: -3.0899818 | I30: 4.3997598 | J30: 4.2476411 | K30: 4.4238581 | L30: 3.2626097 | M30: 3.0430354 | N30: 2.780927 | O30: 2.4859075 | P30: 2.7387762 | Q30: -0.24039828 | R30: 2.2982025 | S30: 0.6953449 | T30: 4.122198 | U30: -4.277079 | V30: -11.07212 | W30: -16.531879 | X30: =AVERAGE(S10:S30) -> 1.1538832 | Y30: =AVERAGE(T10:T30) -> 2.0491847 | Z30: =AVERAGE(U10:U30) -> 0.013213708 | AA30: =AVERAGE(V10:V30) -> 7.8059389 | AB30: =AVERAGE(W10:W30) -> 0.23408486
A31: 2002.III | B31: 11.683817 | C31: 15.821938 | D31: 2.9267283 | E31: 13.577129 | F31: 7.1242601 | G31: 5.7486083 | H31: -1.2885946 | I31: 4.9254337 | J31: 6.3332142 | K31: 4.0299384 | L31: 4.0627253 | M31: 4.7192296 | N31: 2.4144861 | O31: 3.3995968 | P31: 4.5039423 | Q31: 2.3781869 | R31: 4.174709 | S31: 2.7109752 | T31: 4.1796444 | U31: -0.45162664 | V31: 20.140272 | W31: -8.6132133 | X31: =AVERAGE(S11:S31) -> 0.99765734 | Y31: =AVERAGE(T11:T31) -> 2.2859021 | Z31: =AVERAGE(U11:U31) -> -0.51775926 | AA31: =AVERAGE(V11:V31) -> 8.0822674 | AB31: =AVERAGE(W11:W31) -> -1.310556
A32: 2002.IV | B32: 8.7848334 | C32: 10.980896 | D32: 6.6462653 | E32: 16.116083 | F32: 11.779486 | G32: 9.1972109 | H32: -0.97867341 | I32: 2.0022427 | J32: 7.3828831 | K32: 2.581175 | L32: 5.0484626 | M32: 5.74488 | N32: 2.440357 | O32: 3.6311336 | P32: 5.3314599 | Q32: 4.461593 | R32: 5.1726282 | S32: 1.6278146 | T32: 2.7507196 | U32: 7.5965393 | V32: 20.858804 | W32: -8.9966795 | X32: =AVERAGE(S12:S32) -> 0.97715829 | Y32: =AVERAGE(T12:T32) -> 2.6890678 | Z32: =AVERAGE(U12:U32) -> -0.56130796 | AA32: =AVERAGE(V12:V32) -> 8.242306 | AB32: =AVERAGE(W12:W32) -> -2.4954748
A33: 2003.I | B33: 15.371846 | C33: 2.8691761 | D33: -2.6199894 | E33: 9.8913221 | F33: -0.77248562 | G33: 0.069242304 | H33: 0.42245287 | I33: -5.4621701 | J33: 2.994757 | K33: -2.5420766 | L33: 6.8106615 | M33: 2.3524304 | N33: 2.1454604 | O33: 1.8306206 | P33: 2.4474926 | Q33: 3.9309859 | R33: 2.6670284 | S33: -0.017298106 | T33: -0.75047811 | U33: 3.1221299 | V33: 14.664597 | W33: -4.6419319 | X33: =AVERAGE(S13:S33) -> 1.1115597 | Y33: =AVERAGE(T13:T33) -> 2.1068073 | Z33: =AVERAGE(U13:U33) -> -0.58555953 | AA33: =AVERAGE(V13:V33) -> 8.3865538 | AB33: =AVERAGE(W13:W33) -> -2.6219741
A34: 2003.II | B34: 13.434888 | C34: -2.0252171 | D34: 2.0808277 | E34: 0.099959206 | F34: -12.314611 | G34: -1.9913947 | H34: -1.7047271 | I34: -2.8229391 | J34: 4.802508 | K34: -3.8103087 | L34: 5.1407613 | M34: -0.54808142 | N34: 2.9926367 | O34: 0.88887342 | P34: 1.0603284 | Q34: -0.84254288 | R34: 0.78124238 | S34: -2.0397228 | T34: 0.2535281 | U34: -6.8266814 | V34: 27.409337 | W34: -4.1092451 | X34: =AVERAGE(S14:S34) -> 1.038309 | Y34: =AVERAGE(T14:T34) -> 2.0607083 | Z34: =AVERAGE(U14:U34) -> -1.0767848 | AA34: =AVERAGE(V14:V34) -> 9.1955474 | AB34: =AVERAGE(W14:W34) -> -3.1917183
A35: 2003.III | B35: 1.4687258 | C35: 2.5258101 | D35: 7.7030884 | E35: 3.21116 | F35: -12.023103 | G35: 1.9062119 | H35: -3.1644845 | I35: -2.0636257 | J35: 1.827008 | K35: -3.8778324 | L35: 2.653989 | M35: -0.080582166 | N35: 3.5079321 | O35: 0.47002098 | P35: 0.94352272 | Q35: -1.217988 | R35: 0.62618071 | S35: -0.73181201 | T35: 2.0075091 | U35: -6.885549 | V35: 1.5715356 | W35: -3.6939516 | X35: =AVERAGE(S15:S35) -> 1.0548752 | Y35: =AVERAGE(T15:T35) -> 2.0486884 | Z35: =AVERAGE(U15:U35) -> -1.507044 | AA35: =AVERAGE(V15:V35) -> 9.0413721 | AB35: =AVERAGE(W15:W35) -> -3.2605194
A36: 2003.IV | B36: 0.77621901 | C36: 14.426583 | D36: 2.5773218 | E36: 2.0406768 | F36: -9.9614002 | G36: 0.32561996 | H36: 2.9576474 | I36: 1.0154311 | J36: -0.29233717 | K36: -2.6680551 | L36: 1.0479315 | M36: -1.7419146 | N36: 4.1887204 | O36: 0.82503513 | P36: 0.5402448 | Q36: 0.88516564 | R36: 0.58871195 | S36: 0.58959981 | T36: 4.7273271 | U36: -4.8898009 | V36: 5.5536712 | W36: 10.703904 | X36: =AVERAGE(S16:S36) -> 1.081416 | Y36: =AVERAGE(T16:T36) -> 2.0177935 | Z36: =AVERAGE(U16:U36) -> -1.6823302 | AA36: =AVERAGE(V16:V36) -> 9.3122684 | AB36: =AVERAGE(W16:W36) -> -2.6514127
... A126: 2026.II | B126: 6.7643315 | C126: 12.007466 | D126: -0.85553206 | E126: -0.49141994 | F126: 0.95170029 | G126: 1.5017409 | H126: 0.92786745 | I126: 1.1868739 | J126: 8.4234538 | K126: 0.96912915 | L126: 2.2285572 | M126: 1.1216339 | N126: 0.87193788 | O126: 1.5168303 | P126: 1.903103 | Q126: 2.4826862 | R126: 1.9835909 | S126: 0.45530628 | T126: 3.0504653 | U126: 1.4256496 | V126: 3.8463166 | W126: 5.5235997 | X126: =AVERAGE(S106:S126) -> 3.41635 | Y126: =AVERAGE(T106:T126) -> 3.0958402 | Z126: =AVERAGE(U106:U126) -> 3.6103353 | AA126: =AVERAGE(V106:V126) -> 5.942804 | AB126: =AVERAGE(W106:W126) -> 6.5378158

Sheet Série Encadeada
A1: SÉRIE ENCADEADA DO ÍNDICE DE VOLUME TRIMESTRAL
A2: Média de 1995 = 100
A3: Período | B3: AGROPECUÁRIA | C3: INDÚSTRIA | H3: SERVIÇOS | P3: VA | Q3: Imposto | R3: PIB | S3: Consumo das Famílias | T3: Consumo do Governo | U3: Formação Bruta de Capital Fixo | V3: Exportação | W3: Importação
B4: Total | C4: Indústrias extrativas | D4: Indústrias de transformação | E4: Eletricidade e gás, água, esgoto, ativ. de gestão de resíduos | F4: Construção | G4: Total | H4: Comércio | I4: Transporte, armazenagem e correio | J4: Informação e comunicação | K4: Atividades financeiras, de seguros e serviços relacionados | L4: Atividades Imobiliárias | M4: Outras atividades de serviços | N4: Adm., defesa, saúde e educação públicas e seguridade social | O4: Total
A5: 1996.I | B5: 105.32381 | C5: 100.37613 | D5: 89.567522 | E5: 102.6986 | F5: 97.786007 | G5: 93.18826 | H5: 91.409612 | I5: 96.926748 | J5: 100.88655 | K5: 95.222978 | L5: 102.14179 | M5: 96.846911 | N5: 103.01955 | O5: 98.313744 | P5: 97.334612 | Q5: 93.664523 | R5: 96.839684 | S5: 96.062379 | T5: 96.117451 | U5: 92.911094 | V5: 95.16072 | W5: 82.070829
A6: 1996.II | B6: 105.50451 | C6: 99.934292 | D6: 96.05881 | E6: 100.99677 | F6: 101.01443 | G6: 97.90178 | H6: 100.50679 | I6: 102.96393 | J6: 103.64263 | K6: 92.433163 | L6: 102.85115 | M6: 98.456446 | N6: 105.43436 | O6: 100.58297 | P6: 100.14345 | Q6: 99.96561 | R6: 100.11947 | S6: 99.751649 | T6: 100.06826 | U6: 101.18071 | V6: 104.63579 | W6: 98.199785
A7: 1996.III | B7: 108.09604 | C7: 101.47139 | D7: 115.20983 | E7: 102.1912 | F7: 107.35519 | G7: 111.61587 | H7: 108.80373 | I7: 113.86138 | J7: 107.4941 | K7: 109.65936 | L7: 102.98889 | M7: 101.38585 | N7: 105.30668 | O7: 105.75242 | P7: 107.47284 | Q7: 108.13233 | R7: 107.56177 | S7: 104.74096 | T7: 104.99808 | U7: 105.25964 | V7: 106.67333 | W7: 114.4383
A8: 1996.IV | B8: 92.888321 | C8: 107.97042 | D8: 99.484718 | E8: 106.58226 | F8: 102.70053 | G8: 101.19255 | H8: 106.53333 | I8: 108.72035 | J8: 111.8312 | K8: 106.20721 | L8: 101.56257 | M8: 103.19929 | N8: 103.48983 | O8: 104.54742 | P8: 102.96533 | Q8: 112.97015 | R8: 104.31453 | S8: 112.39134 | T8: 91.513253 | U8: 105.43064 | V8: 91.850709 | W8: 127.66835
A9: 1997.I | B9: 112.66934 | C9: 99.450498 | D9: 92.021739 | E9: 108.5374 | F9: 100.89163 | G9: 96.246549 | H9: 95.577281 | I9: 97.930593 | J9: 105.59588 | K9: 96.832865 | L9: 103.53353 | M9: 97.688068 | N9: 103.75114 | O9: 100.19586 | P9: 99.837234 | Q9: 102.07497 | R9: 100.13279 | S9: 103.64583 | T9: 97.302586 | U9: 103.37365 | V9: 94.697905 | W9: 104.67617
A10: 1997.II | B10: 110.15573 | C10: 103.57193 | D10: 104.87545 | E10: 106.34086 | F10: 107.90396 | G10: 105.76695 | H10: 105.95387 | I10: 111.53503 | J10: 109.74399 | K10: 93.499806 | L10: 104.28692 | M10: 100.68666 | N10: 104.81012 | O10: 102.84565 | P10: 103.98081 | Q10: 111.07604 | R10: 104.87915 | S10: 105.72849 | T10: 99.276297 | U10: 112.00584 | V10: 119.63781 | W10: 121.59514
A11: 1997.III | B11: 109.69292 | C11: 112.83902 | D11: 109.87797 | E11: 109.11861 | F11: 116.96181 | G11: 111.8547 | H11: 112.36482 | I11: 118.86125 | J11: 110.38038 | K11: 110.81713 | L11: 104.64711 | M11: 104.08703 | N11: 104.35867 | O11: 107.09675 | P11: 108.45066 | Q11: 116.66494 | R11: 109.48851 | S11: 106.89683 | T11: 98.996641 | U11: 114.21835 | V11: 125.33902 | W11: 132.61867
A12: 1997.IV | B12: 82.642851 | C12: 114.36931 | D12: 103.52735 | E12: 112.82688 | F12: 114.19448 | G12: 107.70079 | H12: 109.05427 | I12: 120.06663 | J12: 120.33828 | K12: 115.80457 | L12: 107.34005 | M12: 108.68944 | N12: 104.1544 | O12: 109.42828 | P12: 107.52083 | Q12: 112.95821 | R12: 108.21435 | S12: 109.19973 | T12: 102.01622 | U12: 109.25927 | V12: 102.5379 | W12: 125.13356
A13: 1998.I | B13: 111.07489 | C13: 107.09824 | D13: 88.112143 | E13: 112.67302 | F13: 107.12257 | G13: 96.309622 | H13: 96.055684 | I13: 100.68079 | J13: 110.33768 | K13: 94.817759 | L13: 106.58388 | M13: 98.679618 | N13: 105.33389 | O13: 101.59684 | P13: 100.74156 | Q13: 103.64752 | R13: 101.1417 | S13: 103.12609 | T13: 98.491241 | U13: 106.98041 | V13: 104.56587 | W13: 112.89889
A14: 1998.II | B14: 124.56528 | C14: 108.73432 | D14: 101.1884 | E14: 108.88275 | F14: 113.09649 | G14: 105.46929 | H14: 106.49974 | I14: 113.30239 | J14: 110.91782 | K14: 92.064596 | L14: 107.46996 | M14: 102.80557 | N14: 107.80718 | O14: 104.76277 | P14: 105.99804 | Q14: 109.43093 | R14: 106.46246 | S14: 104.58693 | T14: 101.51987 | U14: 114.41384 | V14: 125.39145 | W14: 118.86031
A15: 1998.III | B15: 115.40525 | C15: 114.85611 | D15: 104.55575 | E15: 109.69225 | F15: 116.98459 | G15: 108.82533 | H15: 109.85022 | I15: 121.41198 | J15: 123.69368 | K15: 109.3969 | L15: 107.28706 | M15: 105.767 | N15: 108.07822 | O15: 109.02159 | P15: 109.30189 | Q15: 113.68091 | R15: 109.87785 | S15: 106.9313 | T15: 104.31882 | U15: 112.83769 | V15: 125.16962 | W15: 129.85047
A16: 1998.IV | B16: 78.267793 | C16: 115.10162 | D16: 96.582876 | E16: 111.00423 | F16: 109.77129 | G16: 102.15394 | H16: 102.63327 | I16: 116.06784 | J16: 136.5425 | K16: 114.48751 | L16: 109.25941 | M16: 108.41376 | N16: 107.92166 | O16: 110.14941 | P16: 106.37033 | Q16: 108.30732 | R16: 106.66197 | S16: 107.76311 | T16: 106.0713 | U16: 103.90613 | V16: 108.79039 | W16: 122.13963
... A123: 2025.III | B123: 272.1191 | C123: 281.3102 | D123: 125.93547 | E123: 210.12246 | F123: 163.91353 | G123: 152.97397 | H123: 178.11191 | I123: 182.33927 | J123: 470.58412 | K123: 245.46161 | L123: 239.84921 | M123: 208.01438 | N123: 162.78732 | O123: 207.67061 | P123: 195.28262 | Q123: 217.91566 | R123: 198.66041 | S123: 209.50518 | T123: 166.75133 | U123: 188.17996 | V123: 416.79616 | W123: 327.90317
A124: 2025.IV | B124: 172.1698 | C124: 278.6737 | D124: 116.12603 | E124: 216.65883 | F124: 156.38244 | G124: 145.24274 | H124: 172.63282 | I124: 175.35562 | J124: 503.41962 | K124: 262.00707 | L124: 239.17022 | M124: 213.16815 | N124: 161.20424 | O124: 209.08286 | P124: 188.94688 | Q124: 216.47439 | R124: 192.93911 | S124: 213.24282 | T124: 169.5635 | U124: 175.73702 | V124: 411.85074 | W124: 311.14289 | Y124: =R124/R120-1 -> 0.018433314
A125: 2026.I | B125: 379.77918 | C125: 270.31389 | D125: 109.65618 | E125: 223.3555 | F125: 155.82454 | G125: 139.95923 | H125: 163.61206 | I125: 165.90898 | J125: 470.96802 | K125: 246.32367 | L125: 238.02635 | M125: 200.39203 | N125: 160.32972 | O125: 200.91147 | P125: 191.83067 | Q125: 209.23279 | R125: 194.52822 | S125: 204.53967 | T125: 160.01096 | U125: 178.18293 | V125: 375.72087 | W125: 312.20785
A126: 2026.II | B126: 371.0928 | C126: 291.39842 | D126: 116.1282 | E126: 219.62928 | F126: 158.17182 | G126: 146.5345 | H126: 168.93313 | I126: 174.03293 | J126: 490.37098 | K126: 245.78656 | L126: 240.27204 | M126: 205.64921 | N126: 162.43431 | O126: 205.02835 | P126: 196.14415 | Q126: 215.10356 | R126: 199.05207 | S126: 204.86363 | T126: 168.48244 | U126: 180.75093 | V126: 416.30432 | W126: 324.60275

Sheet Valores Encadeados a Preços 95
A1: VALORES ENCADEADOS A PREÇOS DE 1995
A2: (1.000.000 R$)
A3: Período | B3: AGROPECUÁRIA | C3: INDÚSTRIA | H3: SERVIÇOS | P3: VA | Q3: Imposto | R3: PIB | S3: Consumo das Famílias | T3: Consumo do Governo | U3: Formação Bruta de Capital Fixo | V3: Exportação | W3: Importação | Y3: =SUM(O5:O8)/SUM(R5:R8) -> 0.58172751
B4: Total | C4: Indústrias extrativas | D4: Indústrias de transformação | E4: Eletricidade e gás, água, esgoto, ativ. de gestão de resíduos | F4: Construção | G4: Total | H4: Comércio | I4: Transporte, armazenagem e correio | J4: Informação e comunicação | K4: Atividades financeiras, de seguros e serviços relacionados | L4: Atividades Imobiliárias | M4: Outras atividades de serviços | N4: Adm., defesa, saúde e educação públicas e seguridade social | O4: Total
A5: 1996.I | B5: 9316.4023 | C5: 1106.9757 | D5: 22989.131 | E5: 3835.49 | F5: 10525.133 | G5: 38456.73 | H5: 12731.938 | I5: 5031.3911 | J5: 3740.8413 | K5: 15329.091 | L5: 15372.839 | M5: 22400.282 | N5: 26246.878 | O5: 100853.26 | P5: 148626.39 | Q5: 22293.605 | R5: 170920 | S5: 108013.04 | T5: 35503.235 | U5: 33266.712 | V5: 12645.247 | W5: 13696.725
A6: 1996.II | B6: 9332.3862 | C6: 1102.103 | D6: 24655.238 | E6: 3771.9319 | F6: 10872.623 | G6: 40401.895 | H6: 13999.034 | I6: 5344.7762 | J6: 3843.036 | K6: 14879.984 | L6: 15479.601 | M6: 22772.56 | N6: 26862.113 | O6: 103181.1 | P6: 152915.38 | Q6: 23793.361 | R6: 176708.75 | S6: 112161.27 | T6: 36962.559 | U6: 36227.638 | V6: 13904.323 | W6: 16388.472
A7: 1996.III | B7: 9561.6198 | C7: 1119.0546 | D7: 29570.694 | E7: 3816.5403 | F7: 11555.106 | G7: 46061.395 | H7: 15154.669 | I7: 5910.4544 | J7: 3985.847 | K7: 17653.075 | L7: 15500.332 | M7: 23450.119 | N7: 26829.583 | O7: 108484.08 | P7: 164107.09 | Q7: 25737.166 | R7: 189844.26 | S7: 117771.28 | T7: 38783.503 | U7: 37688.095 | V7: 14175.078 | W7: 19098.502 | AD7: Agropecuária | AE7: Indústria | AF7: Serviços | AG7: Impostos | AR7: Consumo das Famílias | AS7: Consumo do Governo | AT7: Formação Bruta de Capital Fixo | AU7: Variação de Estoques | AV7: Exportação | AW7: Importação | AY7: Consumo das Famílias | AZ7: Consumo do Governo | BA7: Formação Bruta de Capital Fixo | BB7: Variação de Estoques | BC7: Exportação | BD7: Importação
A8: 1996.IV | B8: 8216.4229 | C8: 1190.7277 | D8: 25534.559 | E8: 3980.5333 | F8: 11054.104 | G8: 41759.925 | H8: 14838.437 | I8: 5643.5879 | J8: 4146.6653 | K8: 17097.343 | L8: 15285.664 | M8: 23869.56 | N8: 26366.694 | O8: 107247.95 | P8: 157224.3 | Q8: 26888.643 | R8: 184112.94 | S8: 126373.4 | T8: 33802.566 | U8: 37749.323 | V8: 12205.403 | W8: 21306.453 | Y8: =SUM('Valores Correntes'!B5:B8)/SUM('Valores Correntes'!$R5:$R8) -> 0.047684112 | Z8: =SUM('Valores Correntes'!G5:G8)/SUM('Valores Correntes'!$R5:$R8) -> 0.22340115 | AA8: =SUM('Valores Correntes'!O5:O8)/SUM('Valores Correntes'!$R5:$R8) -> 0.6031888 | AB8: =SUM('Valores Correntes'!Q5:Q8)/SUM('Valores Correntes'!$R5:$R8) -> 0.12572594 | AD8: ='Acum. em 4 trimestres'!B8/100 -> 0.029531711 | AE8: ='Acum. em 4 trimestres'!G8/100 -> 0.0097461659 | AF8: ='Acum. em 4 trimestres'!O8/100 -> 0.022991377 | AG8: ='Acum. em 4 trimestres'!Q8/100 -> 0.036831528 | AH8: 1996.IV | AR8: =SUM('Valores Correntes'!S5:S8)/SUM('Valores Correntes'!$R5:$R8) -> 0.65157399 | AS8: =SUM('Valores Correntes'!T5:T8)/SUM('Valores Correntes'!$R5:$R8) -> 0.19750827 | AT8: =SUM('Valores Correntes'!U5:U8)/SUM('Valores Correntes'!$R5:$R8) -> 0.18640654 | AU8: =SUM('Valores Correntes'!V5:V8)/SUM('Valores Correntes'!$R5:$R8) -> -0.013737074 | AV8: =SUM('Valores Correntes'!W5:W8)/SUM('Valores Correntes'!$R5:$R8) -> 0.067302097 | AW8: =SUM('Valores Correntes'!X5:X8)/SUM('Valores Correntes'!$R5:$R8) -> 0.089053818 | AY8: ='Acum. em 4 trimestres'!S8/100 -> 0.032365808 | AZ8: ='Acum. em 4 trimestres'!T8/100 -> -0.018257396 | BA8: ='Acum. em 4 trimestres'!U8/100 -> 0.011955211 | BC8: ='Acum. em 4 trimestres'!V8/100 -> -0.0041986447 | BD8: ='Acum. em 4 trimestres'!W8/100 -> 0.055943152 | BF8: 1996.IV
A9: 1997.I | B9: 9966.1497 | C9: 1096.7676 | D9: 23619.05 | E9: 4053.5522 | F9: 10859.406 | G9: 39718.818 | H9: 13312.429 | I9: 5083.4999 | J9: 3915.4617 | K9: 15588.252 | L9: 15582.302 | M9: 22594.838 | N9: 26433.269 | O9: 102783.99 | P9: 152447.8 | Q9: 24295.421 | R9: 176732.25 | S9: 116539.91 | T9: 35940.992 | U9: 37012.819 | V9: 12583.747 | W9: 17469.31 | Y9: =SUM('Valores Correntes'!B6:B9)/SUM('Valores Correntes'!$R6:$R9) -> 0.048660331 | Z9: =SUM('Valores Correntes'!G6:G9)/SUM('Valores Correntes'!$R6:$R9) -> 0.22446671 | AA9: =SUM('Valores Correntes'!O6:O9)/SUM('Valores Correntes'!$R6:$R9) -> 0.60308442 | AB9: =SUM('Valores Correntes'!Q6:Q9)/SUM('Valores Correntes'!$R6:$R9) -> 0.12378853 | AD9: ='Acum. em 4 trimestres'!B9/100 -> 0.040956496 | AE9: ='Acum. em 4 trimestres'!G9/100 -> 0.032773883 | AF9: ='Acum. em 4 trimestres'!O9/100 -> 0.02105901 | AG9: ='Acum. em 4 trimestres'!Q9/100 -> 0.075512526 | AH9: 1997.I | AR9: =SUM('Valores Correntes'!S6:S9)/SUM('Valores Correntes'!$R6:$R9) -> 0.65463775 | AS9: =SUM('Valores Correntes'!T6:T9)/SUM('Valores Correntes'!$R6:$R9) -> 0.19817348 | AT9: =SUM('Valores Correntes'!U6:U9)/SUM('Valores Correntes'!$R6:$R9) -> 0.18837332 | AU9: =SUM('Valores Correntes'!V6:V9)/SUM('Valores Correntes'!$R6:$R9) -> -0.015977703 | AV9: =SUM('Valores Correntes'!W6:W9)/SUM('Valores Correntes'!$R6:$R9) -> 0.066003072 | AW9: =SUM('Valores Correntes'!X6:X9)/SUM('Valores Correntes'!$R6:$R9) -> 0.091209917 | AY9: ='Acum. em 4 trimestres'!S9/100 -> 0.054520213 | AZ9: ='Acum. em 4 trimestres'!T9/100 -> -0.0072613477 | BA9: ='Acum. em 4 trimestres'!U9/100 -> 0.074286228 | BC9: ='Acum. em 4 trimestres'!V9/100 -> -0.01589057 | BD9: ='Acum. em 4 trimestres'!W9/100 -> 0.15839967 | BF9: 1997.I
A10: 1997.II | B10: 9743.8087 | C10: 1142.2199 | D10: 26918.188 | E10: 3971.5179 | F10: 11614.172 | G10: 43647.677 | H10: 14757.726 | I10: 5789.6955 | J10: 4069.2723 | K10: 15051.693 | L10: 15695.693 | M10: 23288.4 | N10: 26703.072 | O10: 105502.23 | P10: 158774.9 | Q10: 26437.814 | R10: 185109.48 | S10: 118881.66 | T10: 36670.029 | U10: 40103.563 | V10: 15897.837 | W10: 20292.901 | Y10: =SUM('Valores Correntes'!B7:B10)/SUM('Valores Correntes'!$R7:$R10) -> 0.04816334 | Z10: =SUM('Valores Correntes'!G7:G10)/SUM('Valores Correntes'!$R7:$R10) -> 0.22824474 | AA10: =SUM('Valores Correntes'!O7:O10)/SUM('Valores Correntes'!$R7:$R10) -> 0.60120389 | AB10: =SUM('Valores Correntes'!Q7:Q10)/SUM('Valores Correntes'!$R7:$R10) -> 0.12238803 | AD10: ='Acum. em 4 trimestres'!B10/100 -> 0.046706724 | AE10: ='Acum. em 4 trimestres'!G10/100 -> 0.060831953 | AF10: ='Acum. em 4 trimestres'!O10/100 -> 0.017646255 | AG10: ='Acum. em 4 trimestres'!Q10/100 -> 0.10847858 | AH10: 1997.II | AR10: =SUM('Valores Correntes'!S7:S10)/SUM('Valores Correntes'!$R7:$R10) -> 0.65838791 | AS10: =SUM('Valores Correntes'!T7:T10)/SUM('Valores Correntes'!$R7:$R10) -> 0.19911324 | AT10: =SUM('Valores Correntes'!U7:U10)/SUM('Valores Correntes'!$R7:$R10) -> 0.19005642 | AU10: =SUM('Valores Correntes'!V7:V10)/SUM('Valores Correntes'!$R7:$R10) -> -0.020640274 | AV10: =SUM('Valores Correntes'!W7:W10)/SUM('Valores Correntes'!$R7:$R10) -> 0.067053604 | AW10: =SUM('Valores Correntes'!X7:X10)/SUM('Valores Correntes'!$R7:$R10) -> 0.093970904 | AY10: ='Acum. em 4 trimestres'!S10/100 -> 0.064732685 | AZ10: ='Acum. em 4 trimestres'!T10/100 -> -0.0086766885 | BA10: ='Acum. em 4 trimestres'!U10/100 -> 0.11467143 | BC10: ='Acum. em 4 trimestres'!V10/100 -> 0.009901604 | BD10: ='Acum. em 4 trimestres'!W10/100 -> 0.241773 | BF10: 1997.II
A11: 1997.III | B11: 9702.8717 | C11: 1244.42 | D11: 28202.175 | E11: 4075.2588 | F11: 12589.109 | G11: 46159.955 | H11: 15650.673 | I11: 6169.9939 | J11: 4092.8695 | K11: 17839.454 | L11: 15749.902 | M11: 24074.892 | N11: 26588.054 | O11: 109863.14 | P11: 165600.19 | Q11: 27768.059 | R11: 193244.9 | S11: 120195.36 | T11: 36566.731 | U11: 40895.752 | V11: 16655.432 | W11: 22132.607 | Y11: =SUM('Valores Correntes'!B8:B11)/SUM('Valores Correntes'!$R8:$R11) -> 0.046656504 | Z11: =SUM('Valores Correntes'!G8:G11)/SUM('Valores Correntes'!$R8:$R11) -> 0.23085654 | AA11: =SUM('Valores Correntes'!O8:O11)/SUM('Valores Correntes'!$R8:$R11) -> 0.60096564 | AB11: =SUM('Valores Correntes'!Q8:Q11)/SUM('Valores Correntes'!$R8:$R11) -> 0.12152131 | AD11: ='Acum. em 4 trimestres'!B11/100 -> 0.052349244 | AE11: ='Acum. em 4 trimestres'!G11/100 -> 0.031440225 | AF11: ='Acum. em 4 trimestres'!O11/100 -> 0.012758239 | AG11: ='Acum. em 4 trimestres'!Q11/100 -> 0.10285117 | AI11: Agropecuária | AJ11: Indústria | AK11: Serviços | AL11: Impostos | AM11: PIB | AR11: =SUM('Valores Correntes'!S8:S11)/SUM('Valores Correntes'!$R8:$R11) -> 0.65700144 | AS11: =SUM('Valores Correntes'!T8:T11)/SUM('Valores Correntes'!$R8:$R11) -> 0.1981621 | AT11: =SUM('Valores Correntes'!U8:U11)/SUM('Valores Correntes'!$R8:$R11) -> 0.19131698 | AU11: =SUM('Valores Correntes'!V8:V11)/SUM('Valores Correntes'!$R8:$R11) -> -0.018910851 | AV11: =SUM('Valores Correntes'!W8:W11)/SUM('Valores Correntes'!$R8:$R11) -> 0.06845543 | AW11: =SUM('Valores Correntes'!X8:X11)/SUM('Valores Correntes'!$R8:$R11) -> 0.096025102 | AY11: ='Acum. em 4 trimestres'!S11/100 -> 0.056004507 | AZ11: ='Acum. em 4 trimestres'!T11/100 -> -0.030717428 | BA11: ='Acum. em 4 trimestres'!U11/100 -> 0.11000093 | BC11: ='Acum. em 4 trimestres'!V11/100 -> 0.066092356 | BD11: ='Acum. em 4 trimestres'!W11/100 -> 0.24079648 | BG11: Consumo das Famílias | BH11: Consumo do Governo | BI11: Formação Bruta de Capital Fixo | BJ11: Variação de Estoques | BK11: Exportação | BL11: Importação | BM11: PIB
A12: 1997.IV | B12: 7310.1614 | C12: 1261.2964 | D12: 26572.174 | E12: 4213.7517 | F12: 12291.249 | G12: 44445.729 | H12: 15189.564 | I12: 6232.5641 | J12: 4462.1054 | K12: 18642.336 | L12: 16155.203 | M12: 25139.409 | N12: 26536.009 | O12: 112254.89 | P12: 164180.38 | Q12: 26885.802 | R12: 190996.04 | S12: 122784.74 | T12: 37682.084 | U12: 39120.157 | V12: 13625.549 | W12: 20883.425 | Y12: =SUM('Valores Correntes'!B9:B12)/SUM('Valores Correntes'!$R9:$R12) -> 0.04685047 | Z12: =SUM('Valores Correntes'!G9:G12)/SUM('Valores Correntes'!$R9:$R12) -> 0.22594148 | AA12: =SUM('Valores Correntes'!O9:O12)/SUM('Valores Correntes'!$R9:$R12) -> 0.60605713 | AB12: =SUM('Valores Correntes'!Q9:Q12)/SUM('Valores Correntes'!$R9:$R12) -> 0.12115093 | AD12: ='Acum. em 4 trimestres'!B12/100 -> 0.0081302798 | AE12: ='Acum. em 4 trimestres'!G12/100 -> 0.043749925 | AF12: ='Acum. em 4 trimestres'!O12/100 -> 0.025342338 | AG12: ='Acum. em 4 trimestres'!Q12/100 -> 0.067613546 | AH12: 1997.IV | AI12: =Y8*AD12 -> 0.00038768517 | AJ12: =Z8*AE12 -> 0.0097737833 | AK12: =AA8*AF12 -> 0.015286214 | AL12: =AB8*AG12 -> 0.008500777 | AM12: ='PIB Var. Real 4t'!Z11 -> 0.03394846 | AN12: =SUM(AI12:AL12)-('Acum. em 4 trimestres'!R12/100) -> -5.1347815e-16 | AR12: =SUM('Valores Correntes'!S9:S12)/SUM('Valores Correntes'!$R9:$R12) -> 0.6530963 | AS12: =SUM('Valores Correntes'!T9:T12)/SUM('Valores Correntes'!$R9:$R12) -> 0.19535295 | AT12: =SUM('Valores Correntes'!U9:U12)/SUM('Valores Correntes'!$R9:$R12) -> 0.19122901 | AU12: =SUM('Valores Correntes'!V9:V12)/SUM('Valores Correntes'!$R9:$R12) -> -0.013589155 | AV12: =SUM('Valores Correntes'!W9:W12)/SUM('Valores Correntes'!$R9:$R12) -> 0.069836496 | AW12: =SUM('Valores Correntes'!X9:X12)/SUM('Valores Correntes'!$R9:$R12) -> 0.095925597 | AY12: ='Acum. em 4 trimestres'!S12/100 -> 0.030329739 | AZ12: ='Acum. em 4 trimestres'!T12/100 -> 0.012464329 | BA12: ='Acum. em 4 trimestres'!U12/100 -> 0.084181144 | BC12: ='Acum. em 4 trimestres'!V12/100 -> 0.11019289 | BD12: ='Acum. em 4 trimestres'!W12/100 -> 0.14595077 | BF12: 1997.IV | BG12: =AY12*AR8 -> 0.019762069 | BH12: =AZ12*AS8 -> 0.0024618079 | BI12: =BA12*AT8 -> 0.015691916 | BJ12: =BB12*AU8 -> 0 | BK12: =BC12*AV8 -> 0.0074162124 | BL12: =BD12*AW8 -> 0.012997473 | BM12: =AM12 -> 0.03394846 | BO12: =BG12+BH12+BI12+BJ12+(BK12-BL12) -> 0.032334532 | BQ12: =BM12-BO12 -> 0.0016139282
A13: 1998.I | B13: 9825.1132 | C13: 1181.109 | D13: 22615.581 | E13: 4208.0052 | F13: 11530.069 | G13: 39744.847 | H13: 13379.063 | I13: 5226.2605 | J13: 4091.2864 | K13: 15263.859 | L13: 16041.396 | M13: 22824.179 | N13: 26836.515 | O13: 104221.16 | P13: 153828.68 | Q13: 24669.713 | R13: 178512.96 | S13: 115955.51 | T13: 36380.05 | U13: 38304.214 | V13: 13895.033 | W13: 18841.591 | Y13: =SUM('Valores Correntes'!B10:B13)/SUM('Valores Correntes'!$R10:$R13) -> 0.045564136 | Z13: =SUM('Valores Correntes'!G10:G13)/SUM('Valores Correntes'!$R10:$R13) -> 0.22556557 | AA13: =SUM('Valores Correntes'!O10:O13)/SUM('Valores Correntes'!$R10:$R13) -> 0.60745322 | AB13: =SUM('Valores Correntes'!Q10:Q13)/SUM('Valores Correntes'!$R10:$R13) -> 0.12141707 | AD13: ='Acum. em 4 trimestres'!B13/100 -> -0.013340594 | AE13: ='Acum. em 4 trimestres'!G13/100 -> 0.036061108 | AF13: ='Acum. em 4 trimestres'!O13/100 -> 0.024055865 | AG13: ='Acum. em 4 trimestres'!Q13/100 -> 0.050109891 | AH13: 1998.I | AI13: =Y9*AD13 -> -0.00064915774 | AJ13: =Z9*AE13 -> 0.0080945182 | AK13: =AA9*AF13 -> 0.014507718 | AL13: =AB9*AG13 -> 0.0062030299 | AM13: ='PIB Var. Real 4t'!Z12 -> 0.028134774 | AN13: =SUM(AI13:AL13)-('Acum. em 4 trimestres'!R13/100) -> 2.1333866e-05 | AR13: =SUM('Valores Correntes'!S10:S13)/SUM('Valores Correntes'!$R10:$R13) -> 0.65151087 | AS13: =SUM('Valores Correntes'!T10:T13)/SUM('Valores Correntes'!$R10:$R13) -> 0.19702054 | AT13: =SUM('Valores Correntes'!U10:U13)/SUM('Valores Correntes'!$R10:$R13) -> 0.19094704 | AU13: =SUM('Valores Correntes'!V10:V13)/SUM('Valores Correntes'!$R10:$R13) -> -0.014409728 | AV13: =SUM('Valores Correntes'!W10:W13)/SUM('Valores Correntes'!$R10:$R13) -> 0.071672729 | AW13: =SUM('Valores Correntes'!X10:X13)/SUM('Valores Correntes'!$R10:$R13) -> 0.096741457 | AY13: ='Acum. em 4 trimestres'!S13/100 -> 0.010513803 | AZ13: ='Acum. em 4 trimestres'!T13/100 -> 0.01243576 | BA13: ='Acum. em 4 trimestres'!U13/100 -> 0.065549843 | BC13: ='Acum. em 4 trimestres'!V13/100 -> 0.1362871 | BD13: ='Acum. em 4 trimestres'!W13/100 -> 0.10621462 | BF13: 1998.I | BG13: =AY13*AR9 -> 0.0068827321 | BH13: =AZ13*AS9 -> 0.0024644378 | BI13: =BA13*AT9 -> 0.012347841 | BJ13: =BB13*AU9 -> 0 | BK13: =BC13*AV9 -> 0.008995367 | BL13: =BD13*AW9 -> 0.0096878262 | BM13: =AM13 -> 0.028134774 | BO13: =BG13+BH13+BI13+BJ13+(BK13-BL13) -> 0.021002552 | BQ13: =BM13-BO13 -> 0.0071322222
A14: 1998.II | B14: 11018.403 | C14: 1199.1522 | D14: 25971.841 | E14: 4066.4498 | F14: 12173.067 | G14: 43524.839 | H14: 14833.758 | I14: 5881.4376 | J14: 4112.7975 | K14: 14820.652 | L14: 16174.754 | M14: 23778.494 | N14: 27466.65 | O14: 107468.87 | P14: 161855.13 | Q14: 26046.253 | R14: 187904 | S14: 117598.09 | T14: 37498.745 | U14: 40965.746 | V14: 16662.399 | W14: 19836.488 | Y14: =SUM('Valores Correntes'!B11:B14)/SUM('Valores Correntes'!$R11:$R14) -> 0.047294133 | Z14: =SUM('Valores Correntes'!G11:G14)/SUM('Valores Correntes'!$R11:$R14) -> 0.22399694 | AA14: =SUM('Valores Correntes'!O11:O14)/SUM('Valores Correntes'!$R11:$R14) -> 0.60740895 | AB14: =SUM('Valores Correntes'!Q11:Q14)/SUM('Valores Correntes'!$R11:$R14) -> 0.12129999 | AD14: ='Acum. em 4 trimestres'!B14/100 -> 0.0098311107 | AE14: ='Acum. em 4 trimestres'!G14/100 -> 0.015699458 | AF14: ='Acum. em 4 trimestres'!O14/100 -> 0.023088164 | AG14: ='Acum. em 4 trimestres'!Q14/100 -> 0.019454345 | AH14: 1998.II | AI14: =Y10*AD14 -> 0.00047349913 | AJ14: =Z10*AE14 -> 0.0035833186 | AK14: =AA10*AF14 -> 0.013880694 | AL14: =AB10*AG14 -> 0.0023809789 | AM14: ='PIB Var. Real 4t'!Z13 -> 0.020194318 | AN14: =SUM(AI14:AL14)-('Acum. em 4 trimestres'!R14/100) -> 0.00012417286 | AR14: =SUM('Valores Correntes'!S11:S14)/SUM('Valores Correntes'!$R11:$R14) -> 0.64375413 | AS14: =SUM('Valores Correntes'!T11:T14)/SUM('Valores Correntes'!$R11:$R14) -> 0.19709092 | AT14: =SUM('Valores Correntes'!U11:U14)/SUM('Valores Correntes'!$R11:$R14) -> 0.18948206 | AU14: =SUM('Valores Correntes'!V11:V14)/SUM('Valores Correntes'!$R11:$R14) -> -0.0068324245 | AV14: =SUM('Valores Correntes'!W11:W14)/SUM('Valores Correntes'!$R11:$R14) -> 0.071710927 | AW14: =SUM('Valores Correntes'!X11:X14)/SUM('Valores Correntes'!$R11:$R14) -> 0.095205612 | AY14: ='Acum. em 4 trimestres'!S14/100 -> -0.0063235191 | AZ14: ='Acum. em 4 trimestres'!T14/100 -> 0.020183044 | BA14: ='Acum. em 4 trimestres'!U14/100 -> 0.044129154 | BC14: ='Acum. em 4 trimestres'!V14/100 -> 0.10893407 | BD14: ='Acum. em 4 trimestres'!W14/100 -> 0.045120543 | BF14: 1998.II | BG14: =AY14*AR10 -> -0.0041633285 | BH14: =AZ14*AS10 -> 0.0040187112 | BI14: =BA14*AT10 -> 0.0083870292 | BJ14: =BB14*AU10 -> 0 | BK14: =BC14*AV10 -> 0.0073044222 | BL14: =BD14*AW10 -> 0.0042400182 | BM14: =AM14 -> 0.020194318 | BO14: =BG14+BH14+BI14+BJ14+(BK14-BL14) -> 0.011306816 | BQ14: =BM14-BO14 -> 0.0088875022
A15: 1998.III | B15: 10208.154 | C15: 1266.665 | D15: 26836.131 | E15: 4096.6822 | F15: 12591.561 | G15: 44909.8 | H15: 15300.428 | I15: 6302.4001 | J15: 4586.5226 | K15: 17610.823 | L15: 16147.228 | M15: 24463.461 | N15: 27535.704 | O15: 111837.7 | P15: 166899.99 | Q15: 27057.814 | R15: 193932.08 | S15: 120234.11 | T15: 38532.603 | U15: 40401.408 | V15: 16632.922 | W15: 21670.625 | Y15: =SUM('Valores Correntes'!B12:B15)/SUM('Valores Correntes'!$R12:$R15) -> 0.049005087 | Z15: =SUM('Valores Correntes'!G12:G15)/SUM('Valores Correntes'!$R12:$R15) -> 0.22236108 | AA15: =SUM('Valores Correntes'!O12:O15)/SUM('Valores Correntes'!$R12:$R15) -> 0.60830176 | AB15: =SUM('Valores Correntes'!Q12:Q15)/SUM('Valores Correntes'!$R12:$R15) -> 0.12033208 | AD15: ='Acum. em 4 trimestres'!B15/100 -> 0.019468343 | AE15: ='Acum. em 4 trimestres'!G15/100 -> 0.0078163842 | AF15: ='Acum. em 4 trimestres'!O15/100 -> 0.024413181 | AG15: ='Acum. em 4 trimestres'!Q15/100 -> -0.006930035 | AH15: 1998.III | AI15: =Y11*AD15 -> 0.00090832485 | AJ15: =Z11*AE15 -> 0.0018044634 | AK15: =AA11*AF15 -> 0.014671483 | AL15: =AB11*AG15 -> -0.00084214695 | AM15: ='PIB Var. Real 4t'!Z14 -> 0.016430603 | AN15: =SUM(AI15:AL15)-('Acum. em 4 trimestres'!R15/100) -> 0.00011152132 | AR15: =SUM('Valores Correntes'!S12:S15)/SUM('Valores Correntes'!$R12:$R15) -> 0.64196487 | AS15: =SUM('Valores Correntes'!T12:T15)/SUM('Valores Correntes'!$R12:$R15) -> 0.1987625 | AT15: =SUM('Valores Correntes'!U12:U15)/SUM('Valores Correntes'!$R12:$R15) -> 0.187582 | AU15: =SUM('Valores Correntes'!V12:V15)/SUM('Valores Correntes'!$R12:$R15) -> -0.0051558441 | AV15: =SUM('Valores Correntes'!W12:W15)/SUM('Valores Correntes'!$R12:$R15) -> 0.071117074 | AW15: =SUM('Valores Correntes'!X12:X15)/SUM('Valores Correntes'!$R12:$R15) -> 0.094270597 | AY15: ='Acum. em 4 trimestres'!S15/100 -> -0.011240628 | AZ15: ='Acum. em 4 trimestres'!T15/100 -> 0.049749242 | BA15: ='Acum. em 4 trimestres'!U15/100 -> 0.01945327 | BC15: ='Acum. em 4 trimestres'!V15/100 -> 0.060574425 | BD15: ='Acum. em 4 trimestres'!W15/100 -> 0.00038000926 | BF15: 1998.III | BG15: =AY15*AR11 -> -0.0073851089 | BH15: =AZ15*AS11 -> 0.0098584143 | BI15: =BA15*AT11 -> 0.0037217408 | BJ15: =BB15*AU11 -> 0 | BK15: =BC15*AV11 -> 0.0041466484 | BL15: =BD15*AW11 -> 3.6490428e-05 | BM15: =AM15 -> 0.016430603 | BO15: =BG15+BH15+BI15+BJ15+(BK15-BL15) -> 0.010305204 | BQ15: =BM15-BO15 -> 0.0061253988
A16: 1998.IV | B16: 6923.1663 | C16: 1269.3725 | D16: 24789.749 | E16: 4145.6811 | F16: 11815.161 | G16: 42156.667 | H16: 14295.218 | I16: 6024.9902 | J16: 5062.9527 | K16: 18430.315 | L16: 16444.076 | M16: 25075.645 | N16: 27495.816 | O16: 112994.65 | P16: 162423.61 | Q16: 25778.817 | R16: 188256.13 | S16: 121169.4 | T16: 39179.921 | U16: 37203.474 | V16: 14456.399 | W16: 20383.769 | Y16: =SUM('Valores Correntes'!B13:B16)/SUM('Valores Correntes'!$R13:$R16) -> 0.047500448 | Z16: =SUM('Valores Correntes'!G13:G16)/SUM('Valores Correntes'!$R13:$R16) -> 0.2211879 | AA16: =SUM('Valores Correntes'!O13:O16)/SUM('Valores Correntes'!$R13:$R16) -> 0.61118593 | AB16: =SUM('Valores Correntes'!Q13:Q16)/SUM('Valores Correntes'!$R13:$R16) -> 0.12012572 | AD16: ='Acum. em 4 trimestres'!B16/100 -> 0.034088881 | AE16: ='Acum. em 4 trimestres'!G16/100 -> -0.020900044 | AF16: ='Acum. em 4 trimestres'!O16/100 -> 0.014214815 | AG16: ='Acum. em 4 trimestres'!Q16/100 -> -0.01740725 | AH16: 1998.IV | AI16: =Y12*AD16 -> 0.0015970801 | AJ16: =Z12*AE16 -> -0.0047221867 | AK16: =AA12*AF16 -> 0.0086149901 | AL16: =AB12*AG16 -> -0.0021089045 | AM16: ='PIB Var. Real 4t'!Z15 -> 0.003380979 | AN16: =SUM(AI16:AL16)-('Acum. em 4 trimestres'!R16/100) -> -1.2915016e-15 | AR16: =SUM('Valores Correntes'!S13:S16)/SUM('Valores Correntes'!$R13:$R16) -> 0.64142301 | AS16: =SUM('Valores Correntes'!T13:T16)/SUM('Valores Correntes'!$R13:$R16) -> 0.20070532 | AT16: =SUM('Valores Correntes'!U13:U16)/SUM('Valores Correntes'!$R13:$R16) -> 0.18542348 | AU16: =SUM('Valores Correntes'!V13:V16)/SUM('Valores Correntes'!$R13:$R16) -> -0.0037759658 | AV16: =SUM('Valores Correntes'!W13:W16)/SUM('Valores Correntes'!$R13:$R16) -> 0.070305003 | AW16: =SUM('Valores Correntes'!X13:X16)/SUM('Valores Correntes'!$R13:$R16) -> 0.094080846 | AY16: ='Acum. em 4 trimestres'!S16/100 -> -0.0072001366 | AZ16: ='Acum. em 4 trimestres'!T16/100 -> 0.032217667 | BA16: ='Acum. em 4 trimestres'!U16/100 -> -0.0016384079 | BC16: ='Acum. em 4 trimestres'!V16/100 -> 0.049082053 | BD16: ='Acum. em 4 trimestres'!W16/100 -> -0.00056661237 | BF16: 1998.IV | BG16: =AY16*AR12 -> -0.0047023825 | BH16: =AZ16*AS12 -> 0.0062938163 | BI16: =BA16*AT12 -> -0.00031331112 | BJ16: =BB16*AU12 -> 0 | BK16: =BC16*AV12 -> 0.0034277186 | BL16: =BD16*AW12 -> -5.4352629e-05 | BM16: =AM16 -> 0.003380979 | BO16: =BG16+BH16+BI16+BJ16+(BK16-BL16) -> 0.0047601939 | BQ16: =BM16-BO16 -> -0.0013792148
A17: 1999.I | B17: 11061.007 | C17: 1167.804 | D17: 21655.491 | E17: 4124.4348 | F17: 10867.88 | G17: 38061.319 | H17: 13037.906 | I17: 5120.4203 | J17: 4857.3821 | K17: 15364.321 | L17: 16643.625 | M17: 23192.892 | N17: 27900.504 | O17: 107102.53 | P17: 156302.16 | Q17: 23339.434 | R17: 179883.35 | S17: 114869.73 | T17: 36637.386 | U17: 35087.199 | V17: 13881.699 | W17: 15475.855 | Y17: =SUM('Valores Correntes'!B14:B17)/SUM('Valores Correntes'!$R14:$R17) -> 0.04908342 | Z17: =SUM('Valores Correntes'!G14:G17)/SUM('Valores Correntes'!$R14:$R17) -> 0.21650772 | AA17: =SUM('Valores Correntes'!O14:O17)/SUM('Valores Correntes'!$R14:$R17) -> 0.61140269 | AB17: =SUM('Valores Correntes'!Q14:Q17)/SUM('Valores Correntes'!$R14:$R17) -> 0.12300617 | AD17: ='Acum. em 4 trimestres'!B17/100 -> 0.07185991 | AE17: ='Acum. em 4 trimestres'!G17/100 -> -0.030722058 | AF17: ='Acum. em 4 trimestres'!O17/100 -> 0.017511825 | AG17: ='Acum. em 4 trimestres'!Q17/100 -> -0.033462784 | AH17: 1999.I | AI17: =Y13*AD17 -> 0.0032742347 | AJ17: =Z13*AE17 -> -0.0069298387 | AK17: =AA13*AF17 -> 0.010637614 | AL17: =AB13*AG17 -> -0.0040629531 | AM17: ='PIB Var. Real 4t'!Z16 -> 0.0028242671 | AN17: =SUM(AI17:AL17)-('Acum. em 4 trimestres'!R17/100) -> 9.4790171e-05 | AR17: =SUM('Valores Correntes'!S14:S17)/SUM('Valores Correntes'!$R14:$R17) -> 0.63964323 | AS17: =SUM('Valores Correntes'!T14:T17)/SUM('Valores Correntes'!$R14:$R17) -> 0.19958968 | AT17: =SUM('Valores Correntes'!U14:U17)/SUM('Valores Correntes'!$R14:$R17) -> 0.18124635 | AU17: =SUM('Valores Correntes'!V14:V17)/SUM('Valores Correntes'!$R14:$R17) -> 0.0010573911 | AV17: =SUM('Valores Correntes'!W14:W17)/SUM('Valores Correntes'!$R14:$R17) -> 0.075222091 | AW17: =SUM('Valores Correntes'!X14:X17)/SUM('Valores Correntes'!$R14:$R17) -> 0.096758734 | AY17: ='Acum. em 4 trimestres'!S17/100 -> -0.0082582616 | AZ17: ='Acum. em 4 trimestres'!T17/100 -> 0.030887941 | BA17: ='Acum. em 4 trimestres'!U17/100 -> -0.030082991 | BC17: ='Acum. em 4 trimestres'!V17/100 -> 0.025960841 | BD17: ='Acum. em 4 trimestres'!W17/100 -> -0.058231976 | BF17: 1999.I | BG17: =AY17*AR13 -> -0.0053803473 | BH17: =AZ17*AS13 -> 0.0060855586 | BI17: =BA17*AT13 -> -0.0057442583 | BJ17: =BB17*AU13 -> 0 | BK17: =BC17*AV13 -> 0.0018606843 | BL17: =BD17*AW13 -> -0.0056334461 | BM17: =AM17 -> 0.0028242671 | BO17: =BG17+BH17+BI17+BJ17+(BK17-BL17) -> 0.0024550835 | BQ17: =BM17-BO17 -> 0.00036918366
A18: 1999.II | B18: 11194.744 | C18: 1109.3487 | D18: 24910.747 | E18: 4118.3669 | F18: 11368.521 | G18: 41602.135 | H18: 14231.842 | I18: 5383.5467 | J18: 5024.4155 | K18: 14891.081 | L18: 16594.85 | M18: 23879.711 | N18: 28442.611 | O18: 109264.09 | P18: 162013.95 | Q18: 24991.636 | R18: 187150.99 | S18: 116884.01 | T18: 37869.879 | U18: 36705.129 | V18: 16493.774 | W18: 16867.62 | Y18: =SUM('Valores Correntes'!B15:B18)/SUM('Valores Correntes'!$R15:$R18) -> 0.04759643 | Z18: =SUM('Valores Correntes'!G15:G18)/SUM('Valores Correntes'!$R15:$R18) -> 0.21695603 | AA18: =SUM('Valores Correntes'!O15:O18)/SUM('Valores Correntes'!$R15:$R18) -> 0.60973322 | AB18: =SUM('Valores Correntes'!Q15:Q18)/SUM('Valores Correntes'!$R15:$R18) -> 0.12571432 | AD18: ='Acum. em 4 trimestres'!B18/100 -> 0.040429506 | AE18: ='Acum. em 4 trimestres'!G18/100 -> -0.041095232 | AF18: ='Acum. em 4 trimestres'!O18/100 -> 0.017037281 | AG18: ='Acum. em 4 trimestres'!Q18/100 -> -0.039879788 | AH18: 1999.II | AI18: =Y14*AD18 -> 0.0019120784 | AJ18: =Z14*AE18 -> -0.009205206 | AK18: =AA14*AF18 -> 0.010348597 | AL18: =AB14*AG18 -> -0.0048374177 | AM18: ='PIB Var. Real 4t'!Z17 -> -0.0019121231 | AN18: =SUM(AI18:AL18)-('Acum. em 4 trimestres'!R18/100) -> 0.00013017495 | AR18: =SUM('Valores Correntes'!S15:S18)/SUM('Valores Correntes'!$R15:$R18) -> 0.63996173 | AS18: =SUM('Valores Correntes'!T15:T18)/SUM('Valores Correntes'!$R15:$R18) -> 0.1987138 | AT18: =SUM('Valores Correntes'!U15:U18)/SUM('Valores Correntes'!$R15:$R18) -> 0.17712011 | AU18: =SUM('Valores Correntes'!V15:V18)/SUM('Valores Correntes'!$R15:$R18) -> 0.0055675129 | AV18: =SUM('Valores Correntes'!W15:W18)/SUM('Valores Correntes'!$R15:$R18) -> 0.079729869 | AW18: =SUM('Valores Correntes'!X15:X18)/SUM('Valores Correntes'!$R15:$R18) -> 0.10109303 | AY18: ='Acum. em 4 trimestres'!S18/100 -> -0.0070854408 | AZ18: ='Acum. em 4 trimestres'!T18/100 -> 0.027626034 | BA18: ='Acum. em 4 trimestres'!U18/100 -> -0.062081203 | BC18: ='Acum. em 4 trimestres'!V18/100 -> 0.010295821 | BD18: ='Acum. em 4 trimestres'!W18/100 -> -0.089311727 | BF18: 1999.II | BG18: =AY18*AR14 -> -0.0045612818 | BH18: =AZ18*AS14 -> 0.0054448402 | BI18: =BA18*AT14 -> -0.011763274 | BJ18: =BB18*AU14 -> 0 | BK18: =BC18*AV14 -> 0.00073832283 | BL18: =BD18*AW14 -> -0.0085029777 | BM18: =AM18 -> -0.0019121231 | BO18: =BG18+BH18+BI18+BJ18+(BK18-BL18) -> -0.0016384154 | BQ18: =BM18-BO18 -> -0.00027370779
A19: 1999.III | B19: 10564.235 | C19: 1189.5117 | D19: 26010.083 | E19: 4139.6357 | F19: 11915.775 | G19: 43331.401 | H19: 14627.286 | I19: 5874.0451 | J19: 4908.2353 | K19: 17657.621 | L19: 16485.433 | M19: 24647.007 | N19: 28383.318 | O19: 112829.41 | P19: 166741.32 | Q19: 25865 | R19: 192737 | S19: 120090.83 | T19: 38951.531 | U19: 35816.174 | V19: 17180.642 | W19: 17602.908 | Y19: =SUM('Valores Correntes'!B16:B19)/SUM('Valores Correntes'!$R16:$R19) -> 0.045528038 | Z19: =SUM('Valores Correntes'!G16:G19)/SUM('Valores Correntes'!$R16:$R19) -> 0.21652192 | AA19: =SUM('Valores Correntes'!O16:O19)/SUM('Valores Correntes'!$R16:$R19) -> 0.60760716 | AB19: =SUM('Valores Correntes'!Q16:Q19)/SUM('Valores Correntes'!$R16:$R19) -> 0.13034288 | AD19: ='Acum. em 4 trimestres'!B19/100 -> 0.036007676 | AE19: ='Acum. em 4 trimestres'!G19/100 -> -0.043294328 | AF19: ='Acum. em 4 trimestres'!O19/100 -> 0.014704737 | AG19: ='Acum. em 4 trimestres'!Q19/100 -> -0.044761257 | AH19: 1999.III | AI19: =Y15*AD19 -> 0.0017645593 | AJ19: =Z15*AE19 -> -0.0096269733 | AK19: =AA15*AF19 -> 0.0089449176 | AL19: =AB15*AG19 -> -0.0053862151 | AM19: ='PIB Var. Real 4t'!Z18 -> -0.0044155507 | AN19: =SUM(AI19:AL19)-('Acum. em 4 trimestres'!R19/100) -> 0.00011183926 | AR19: =SUM('Valores Correntes'!S16:S19)/SUM('Valores Correntes'!$R16:$R19) -> 0.64479149 | AS19: =SUM('Valores Correntes'!T16:T19)/SUM('Valores Correntes'!$R16:$R19) -> 0.19957942 | AT19: =SUM('Valores Correntes'!U16:U19)/SUM('Valores Correntes'!$R16:$R19) -> 0.1732147 | AU19: =SUM('Valores Correntes'!V16:V19)/SUM('Valores Correntes'!$R16:$R19) -> 0.0022550133 | AV19: =SUM('Valores Correntes'!W16:W19)/SUM('Valores Correntes'!$R16:$R19) -> 0.08694598 | AW19: =SUM('Valores Correntes'!X16:X19)/SUM('Valores Correntes'!$R16:$R19) -> 0.1067866 | AY19: ='Acum. em 4 trimestres'!S19/100 -> -0.0074668214 | AZ19: ='Acum. em 4 trimestres'!T19/100 -> 0.016957667 | BA19: ='Acum. em 4 trimestres'!U19/100 -> -0.088037122 | BC19: ='Acum. em 4 trimestres'!V19/100 -> 0.019675967 | BD19: ='Acum. em 4 trimestres'!W19/100 -> -0.1342077 | BF19: 1999.III | BG19: =AY19*AR15 -> -0.004793437 | BH19: =AZ19*AS15 -> 0.0033705482 | BI19: =BA19*AT15 -> -0.01651418 | BJ19: =BB19*AU15 -> 0 | BK19: =BC19*AV15 -> 0.0013992972 | BL19: =BD19*AW15 -> -0.01265184 | BM19: =AM19 -> -0.0044155507 | BO19: =BG19+BH19+BI19+BJ19+(BK19-BL19) -> -0.0038859318 | BQ19: =BM19-BO19 -> -0.00052961898
A20: 1999.IV | B20: 7632.7992 | C20: 1235.1676 | D20: 25770.407 | E20: 4224.1666 | F20: 11606.174 | G20: 42899.075 | H20: 14628.156 | I20: 6118.1745 | J20: 5386.1293 | K20: 18404.007 | L20: 16588.651 | M20: 25571.639 | N20: 28199.815 | O20: 115272.42 | P20: 166149.27 | Q20: 26100.396 | R20: 192336.83 | S20: 124909.1 | T20: 40691.697 | U20: 35343.224 | V20: 17608.38 | W20: 18600.214 | Y20: =SUM('Valores Correntes'!B17:B20)/SUM('Valores Correntes'!$R17:$R20) -> 0.046459815 | Z20: =SUM('Valores Correntes'!G17:G20)/SUM('Valores Correntes'!$R17:$R20) -> 0.21746711 | AA20: =SUM('Valores Correntes'!O17:O20)/SUM('Valores Correntes'!$R17:$R20) -> 0.60203657 | AB20: =SUM('Valores Correntes'!Q17:Q20)/SUM('Valores Correntes'!$R17:$R20) -> 0.13403651 | AD20: ='Acum. em 4 trimestres'!B20/100 -> 0.065252377 | AE20: ='Acum. em 4 trimestres'!G20/100 -> -0.026079155 | AF20: ='Acum. em 4 trimestres'!O20/100 -> 0.018203152 | AG20: ='Acum. em 4 trimestres'!Q20/100 -> -0.031444209 | AH20: 1999.IV | AI20: =Y16*AD20 -> 0.0030995172 | AJ20: =Z16*AE20 -> -0.0057683936 | AK20: =AA16*AF20 -> 0.01112551 | AL20: =AB16*AG20 -> -0.0037772582 | AM20: ='PIB Var. Real 4t'!Z19 -> 0.0046793757 | AN20: =SUM(AI20:AL20)-('Acum. em 4 trimestres'!R20/100) -> 8.6996382e-16 | AR20: =SUM('Valores Correntes'!S17:S20)/SUM('Valores Correntes'!$R17:$R20) -> 0.64680119 | AS20: =SUM('Valores Correntes'!T17:T20)/SUM('Valores Correntes'!$R17:$R20) -> 0.19782691 | AT20: =SUM('Valores Correntes'!U17:U20)/SUM('Valores Correntes'!$R17:$R20) -> 0.17016294 | AU20: =SUM('Valores Correntes'!V17:V20)/SUM('Valores Correntes'!$R17:$R20) -> 0.0037326552 | AV20: =SUM('Valores Correntes'!W17:W20)/SUM('Valores Correntes'!$R17:$R20) -> 0.095648983 | AW20: =SUM('Valores Correntes'!X17:X20)/SUM('Valores Correntes'!$R17:$R20) -> 0.11417268 | AY20: ='Acum. em 4 trimestres'!S20/100 -> 0.0037825757 | AZ20: ='Acum. em 4 trimestres'!T20/100 -> 0.016882063 | BA20: ='Acum. em 4 trimestres'!U20/100 -> -0.088753024 | BC20: ='Acum. em 4 trimestres'!V20/100 -> 0.057062896 | BD20: ='Acum. em 4 trimestres'!W20/100 -> -0.15094145 | BF20: 1999.IV | BG20: =AY20*AR16 -> 0.0024262311 | BH20: =AZ20*AS16 -> 0.0033883198 | BI20: =BA20*AT16 -> -0.016456895 | BJ20: =BB20*AU16 -> 0 | BK20: =BC20*AV16 -> 0.0040118071 | BL20: =BD20*AW16 -> -0.0142007 | BM20: =AM20 -> 0.0046793757 | BO20: =BG20+BH20+BI20+BJ20+(BK20-BL20) -> 0.0075701628 | BQ20: =BM20-BO20 -> -0.0028907871
A21: 2000.I | B21: 11742.771 | C21: 1160.4249 | D21: 23077.068 | E21: 4363.8346 | F21: 10991.693 | G21: 39804.133 | H21: 13568.014 | I21: 5450.277 | J21: 5404.9331 | K21: 15733.267 | L21: 16746.92 | M21: 24319.127 | N21: 28282.864 | O21: 110464.37 | P21: 161898.59 | Q21: 25746.33 | R21: 187799.48 | S21: 118332.4 | T21: 37939.689 | U21: 34979.76 | V21: 16753.831 | W21: 16107.421 | Y21: =SUM('Valores Correntes'!B18:B21)/SUM('Valores Correntes'!$R18:$R21) -> 0.047300678 | Z21: =SUM('Valores Correntes'!G18:G21)/SUM('Valores Correntes'!$R18:$R21) -> 0.22255775 | AA21: =SUM('Valores Correntes'!O18:O21)/SUM('Valores Correntes'!$R18:$R21) -> 0.59552794 | AB21: =SUM('Valores Correntes'!Q18:Q21)/SUM('Valores Correntes'!$R18:$R21) -> 0.13461363 | AD21: ='Acum. em 4 trimestres'!B21/100 -> 0.04906357 | AE21: ='Acum. em 4 trimestres'!G21/100 -> -0.0060235083 | AF21: ='Acum. em 4 trimestres'!O21/100 -> 0.01917722 | AG21: ='Acum. em 4 trimestres'!Q21/100 -> 0.0047058751 | AH21: 2000.I | AI21: =Y17*AD21 -> 0.0024082078 | AJ21: =Z17*AE21 -> -0.0013041361 | AK21: =AA17*AF21 -> 0.011725004 | AL21: =AB17*AG21 -> 0.00057885165 | AM21: ='PIB Var. Real 4t'!Z20 -> 0.013398776 | AN21: =SUM(AI21:AL21)-('Acum. em 4 trimestres'!R21/100) -> 9.1514604e-06 | AR21: =SUM('Valores Correntes'!S18:S21)/SUM('Valores Correntes'!$R18:$R21) -> 0.64154814 | AS21: =SUM('Valores Correntes'!T18:T21)/SUM('Valores Correntes'!$R18:$R21) -> 0.19348086 | AT21: =SUM('Valores Correntes'!U18:U21)/SUM('Valores Correntes'!$R18:$R21) -> 0.17761202 | AU21: =SUM('Valores Correntes'!V18:V21)/SUM('Valores Correntes'!$R18:$R21) -> 0.0063542967 | AV21: =SUM('Valores Correntes'!W18:W21)/SUM('Valores Correntes'!$R18:$R21) -> 0.097208129 | AW21: =SUM('Valores Correntes'!X18:X21)/SUM('Valores Correntes'!$R18:$R21) -> 0.11620345 | AY21: ='Acum. em 4 trimestres'!S21/100 -> 0.013389749 | AZ21: ='Acum. em 4 trimestres'!T21/100 -> 0.023735093 | BA21: ='Acum. em 4 trimestres'!U21/100 -> -0.070374151 | BC21: ='Acum. em 4 trimestres'!V21/100 -> 0.10389181 | BD21: ='Acum. em 4 trimestres'!W21/100 -> -0.10584102 | BF21: 2000.I | BG21: =AY21*AR17 -> 0.0085646625 | BH21: =AZ21*AS17 -> 0.0047372796 | BI21: =BA21*AT17 -> -0.012755058 | BJ21: =BB21*AU17 -> 0 | BK21: =BC21*AV17 -> 0.0078149596 | BL21: =BD21*AW17 -> -0.010241043 | BM21: =AM21 -> 0.013398776 | BO21: =BG21+BH21+BI21+BJ21+(BK21-BL21) -> 0.018602887 | BQ21: =BM21-BO21 -> -0.0052041113
A22: 2000.II | B22: 11580.843 | C22: 1180.8112 | D22: 26232.012 | E22: 4261.4744 | F22: 11497.412 | G22: 43238.898 | H22: 14428.004 | I22: 5917.7732 | J22: 5755.6939 | K22: 15198.842 | L22: 16999.712 | M22: 24744.805 | N22: 28812.669 | O22: 112885.51 | P22: 167610.83 | Q22: 26824.895 | R22: 194596.62 | S22: 121842.09 | T22: 38367.449 | U22: 38137.383 | V22: 18337.905 | W22: 18100.291 | Y22: =SUM('Valores Correntes'!B19:B22)/SUM('Valores Correntes'!$R19:$R22) -> 0.047820419 | Z22: =SUM('Valores Correntes'!G19:G22)/SUM('Valores Correntes'!$R19:$R22) -> 0.22486584 | AA22: =SUM('Valores Correntes'!O19:O22)/SUM('Valores Correntes'!$R19:$R22) -> 0.59153773 | AB22: =SUM('Valores Correntes'!Q19:Q22)/SUM('Valores Correntes'!$R19:$R22) -> 0.13577601 | AD22: ='Acum. em 4 trimestres'!B22/100 -> 0.054169489 | AE22: ='Acum. em 4 trimestres'!G22/100 -> 0.015255725 | AF22: ='Acum. em 4 trimestres'!O22/100 -> 0.023238368 | AG22: ='Acum. em 4 trimestres'!Q22/100 -> 0.033300367 | AH22: 2000.II | AI22: =Y18*AD22 -> 0.0025782743 | AJ22: =Z18*AE22 -> 0.0033098214 | AK22: =AA18*AF22 -> 0.014169205 | AL22: =AB18*AG22 -> 0.0041863331 | AM22: ='PIB Var. Real 4t'!Z21 -> 0.024355099 | AN22: =SUM(AI22:AL22)-('Acum. em 4 trimestres'!R22/100) -> -0.00011146596 | AR22: =SUM('Valores Correntes'!S19:S22)/SUM('Valores Correntes'!$R19:$R22) -> 0.64532264 | AS22: =SUM('Valores Correntes'!T19:T22)/SUM('Valores Correntes'!$R19:$R22) -> 0.19021892 | AT22: =SUM('Valores Correntes'!U19:U22)/SUM('Valores Correntes'!$R19:$R22) -> 0.17979276 | AU22: =SUM('Valores Correntes'!V19:V22)/SUM('Valores Correntes'!$R19:$R22) -> 0.003673276 | AV22: =SUM('Valores Correntes'!W19:W22)/SUM('Valores Correntes'!$R19:$R22) -> 0.099993841 | AW22: =SUM('Valores Correntes'!X19:X22)/SUM('Valores Correntes'!$R19:$R22) -> 0.11900144 | AY22: ='Acum. em 4 trimestres'!S22/100 -> 0.02539784 | AZ22: ='Acum. em 4 trimestres'!T22/100 -> 0.024507834 | BA22: ='Acum. em 4 trimestres'!U22/100 -> -0.034275529 | BC22: ='Acum. em 4 trimestres'!V22/100 -> 0.13692333 | BD22: ='Acum. em 4 trimestres'!W22/100 -> -0.053590718 | BF22: 2000.II | BG22: =AY22*AR18 -> 0.016253645 | BH22: =AZ22*AS18 -> 0.0048700448 | BI22: =BA22*AT18 -> -0.0060708855 | BJ22: =BB22*AU18 -> 0 | BK22: =BC22*AV18 -> 0.01091688 | BL22: =BD22*AW18 -> -0.0054176478 | BM22: =AM22 -> 0.024355099 | BO22: =BG22+BH22+BI22+BJ22+(BK22-BL22) -> 0.031387332 | BQ22: =BM22-BO22 -> -0.0070322325
A23: 2000.III | B23: 10722.441 | C23: 1325.1396 | D23: 27488.405 | E23: 4256.1766 | F23: 12134.745 | G23: 45257.212 | H23: 15333.872 | I23: 6206.9274 | J23: 6051.2809 | K23: 18016.93 | L23: 17309.234 | M23: 25390.978 | N23: 28848.424 | O23: 117702.2 | P23: 173765.34 | Q23: 27603.578 | R23: 201534.66 | S23: 125793.47 | T23: 38045.583 | U23: 38249.8 | V23: 20373.832 | W23: 20725.449 | Y23: =SUM('Valores Correntes'!B20:B23)/SUM('Valores Correntes'!$R20:$R23) -> 0.049337278 | Z23: =SUM('Valores Correntes'!G20:G23)/SUM('Valores Correntes'!$R20:$R23) -> 0.22667833 | AA23: =SUM('Valores Correntes'!O20:O23)/SUM('Valores Correntes'!$R20:$R23) -> 0.5864316 | AB23: =SUM('Valores Correntes'!Q20:Q23)/SUM('Valores Correntes'!$R20:$R23) -> 0.13755279 | AD23: ='Acum. em 4 trimestres'!B23/100 -> 0.048705297 | AE23: ='Acum. em 4 trimestres'!G23/100 -> 0.036619681 | AF23: ='Acum. em 4 trimestres'!O23/100 -> 0.031963159 | AG23: ='Acum. em 4 trimestres'!Q23/100 -> 0.063018956 | AH23: 2000.III | AI23: =Y19*AD23 -> 0.0022174566 | AJ23: =Z19*AE23 -> 0.0079289637 | AK23: =AA19*AF23 -> 0.019421044 | AL23: =AB19*AG23 -> 0.0082140719 | AM23: ='PIB Var. Real 4t'!Z22 -> 0.037752779 | AN23: =SUM(AI23:AL23)-('Acum. em 4 trimestres'!R23/100) -> 2.8757715e-05 | AR23: =SUM('Valores Correntes'!S20:S23)/SUM('Valores Correntes'!$R20:$R23) -> 0.64426717 | AS23: =SUM('Valores Correntes'!T20:T23)/SUM('Valores Correntes'!$R20:$R23) -> 0.18512888 | AT23: =SUM('Valores Correntes'!U20:U23)/SUM('Valores Correntes'!$R20:$R23) -> 0.18085343 | AU23: =SUM('Valores Correntes'!V20:V23)/SUM('Valores Correntes'!$R20:$R23) -> 0.0091007843 | AV23: =SUM('Valores Correntes'!W20:W23)/SUM('Valores Correntes'!$R20:$R23) -> 0.10224879 | AW23: =SUM('Valores Correntes'!X20:X23)/SUM('Valores Correntes'!$R20:$R23) -> 0.12159906 | AY23: ='Acum. em 4 trimestres'!S23/100 -> 0.037764397 | AZ23: ='Acum. em 4 trimestres'!T23/100 -> 0.015760754 | BA23: ='Acum. em 4 trimestres'!U23/100 -> 0.013107973 | BC23: ='Acum. em 4 trimestres'!V23/100 -> 0.17837422 | BD23: ='Acum. em 4 trimestres'!W23/100 -> 0.045545511 | BF23: 2000.III | BG23: =AY23*AR19 -> 0.024350162 | BH23: =AZ23*AS19 -> 0.0031455222 | BI23: =BA23*AT19 -> 0.0022704936 | BJ23: =BB23*AU19 -> 0 | BK23: =BC23*AV19 -> 0.015508921 | BL23: =BD23*AW19 -> 0.0048636504 | BM23: =AM23 -> 0.037752779 | BO23: =BG23+BH23+BI23+BJ23+(BK23-BL23) -> 0.040411449 | BQ23: =BM23-BO23 -> -0.0026586699
... A126: 2026.II | B126: 32824.96 | C126: 3213.6224 | D126: 29806.411 | E126: 8202.5064 | F126: 17024.721 | G126: 60471.542 | H126: 23529.758 | I126: 9033.9123 | J126: 18182.801 | K126: 39566.968 | L126: 36162.118 | M126: 47565.793 | N126: 41384.314 | O126: 210324.38 | P126: 299504.95 | Q126: 51197.974 | R126: 351322.71 | S126: 230349.73 | T126: 62232.942 | U126: 64717.666 | V126: 55319.789 | W126: 54172.654 | Y126: =SUM('Valores Correntes'!B123:B126)/SUM('Valores Correntes'!$R123:$R126) -> 0.054033826 | Z126: =SUM('Valores Correntes'!G123:G126)/SUM('Valores Correntes'!$R123:$R126) -> 0.20239054 | AA126: =SUM('Valores Correntes'!O123:O126)/SUM('Valores Correntes'!$R123:$R126) -> 0.60090776 | AB126: =SUM('Valores Correntes'!Q123:Q126)/SUM('Valores Correntes'!$R123:$R126) -> 0.14266788 | AD126: ='Acum. em 4 trimestres'!B126/100 -> 0.061901245 | AE126: ='Acum. em 4 trimestres'!G126/100 -> 0.013671576 | AF126: ='Acum. em 4 trimestres'!O126/100 -> 0.017270866 | AG126: ='Acum. em 4 trimestres'!Q126/100 -> 0.01691615 | AH126: 2026.II | AI126: =Y122*AD126 -> 0.0039274516 | AJ126: =Z122*AE126 -> 0.0027904987 | AK126: =AA122*AF126 -> 0.010218274 | AL126: =AB122*AG126 -> 0.0023817165 | AM126: ='PIB Var. Real 4t'!Z125 -> 0.018728163 | AN126: =SUM(AI126:AL126)-('Acum. em 4 trimestres'!R126/100) -> 0.00058977757 | AR126: =SUM('Valores Correntes'!S123:S126)/SUM('Valores Correntes'!$R123:$R126) -> 0.63097688 | AS126: =SUM('Valores Correntes'!T123:T126)/SUM('Valores Correntes'!$R123:$R126) -> 0.1959436 | AT126: =SUM('Valores Correntes'!U123:U126)/SUM('Valores Correntes'!$R123:$R126) -> 0.16461838 | AU126: =SUM('Valores Correntes'!V123:V126)/SUM('Valores Correntes'!$R123:$R126) -> 0.0020765537 | AV126: =SUM('Valores Correntes'!W123:W126)/SUM('Valores Correntes'!$R123:$R126) -> 0.17244227 | AW126: =SUM('Valores Correntes'!X123:X126)/SUM('Valores Correntes'!$R123:$R126) -> 0.16605768 | AY126: ='Acum. em 4 trimestres'!S126/100 -> 0.0087306005 | AZ126: ='Acum. em 4 trimestres'!T126/100 -> 0.028223734 | BA126: ='Acum. em 4 trimestres'!U126/100 -> -0.0018749719 | BC126: ='Acum. em 4 trimestres'!V126/100 -> 0.080417837 | BD126: ='Acum. em 4 trimestres'!W126/100 -> 0.021495559 | BF126: 2026.II | BG126: =AY126*AR122 -> 0.0055627109 | BH126: =AZ126*AS122 -> 0.0052847 | BI126: =BA126*AT122 -> -0.00032173653 | BJ126: =BB126*AU122 -> 0 | BK126: =BC126*AV122 -> 0.014621575 | BL126: =BD126*AW122 -> 0.0039631356 | BM126: =AM126 -> 0.018728163 | BO126: =BG126+BH126+BI126+BJ126+(BK126-BL126) -> 0.021184114 | BQ126: =BM126-BO126 -> -0.0024559508
Y129: =SUM(R121:R124)/SUM(R117:R120)-1 -> 0.022857465 | Z129: =SUM(S121:S124)/SUM(S117:S120)-1 -> 0.013120226 | AA129: =SUM(T121:T124)/SUM(T117:T120)-1 -> 0.021033226 | AB129: =SUM(U121:U124)/SUM(U117:U120)-1 -> 0.029288209 | AC129: =SUM(V121:V124)/SUM(V117:V120)-1 -> 0.061646556 | AD129: =SUM(W121:W124)/SUM(W117:W120)-1 -> 0.044710531

Sheet Val encad preços 95 com ajuste
A1: VALORES ENCADEADOS A PREÇOS DE 1995 COM AJUSTE
A2: (1.000.000 R$)
A3: Período | B3: AGROPECUÁRIA | C3: INDÚSTRIA | H3: SERVIÇOS | P3: VA | Q3: PIB | R3: Consumo das Famílias | S3: Consumo do Governo | T3: Formação Bruta de Capital Fixo | U3: Exportação | V3: Importação
B4: Total | C4: Indústrias extrativas | D4: Indústrias de transformação | E4: Eletricidade e gás, água, esgoto, ativ. de gestão de resíduos | F4: Construção | G4: Total | H4: Comércio | I4: Transporte, armazenagem e correio | J4: Informação e comunicação | K4: Atividades financeiras, de seguros e serviços relacionados | L4: Atividades Imobiliárias | M4: Outras atividades de serviços | N4: Adm., defesa, saúde e educação públicas e seguridade social | O4: Total
A5: 1996.I | B5: 8425.0428 | C5: 1149.3096 | D5: 25469.936 | E5: 3794.5008 | F5: 11041.121 | G5: 41690.274 | H5: 13725.79 | I5: 5494.121 | J5: 3832.267 | K5: 16616.571 | L5: 15367.532 | M5: 23201.2 | N5: 26088.774 | O5: 104627.95 | P5: 152379.81 | Q5: 175462.48 | R5: 111150.95 | S5: 36624.524 | T5: 34673.427 | U5: 13231.826 | V5: 15280.014 | X5: =U5-V5 -> -2048.1877
A6: 1996.II | B6: 8543.4669 | C6: 1144.4263 | D6: 24177.311 | E6: 3819.0287 | F6: 10936.03 | G6: 40150.789 | H6: 13972.387 | I6: 5414.4906 | J6: 3886.5506 | K6: 16468.606 | L6: 15467.179 | M6: 23082.952 | N6: 26620.058 | O6: 104900.5 | P6: 153747.99 | Q6: 177549.02 | R6: 113448.44 | S6: 37213.906 | T6: 35344.545 | U6: 12848.23 | V6: 16675.548 | X6: =U6-V6 -> -3827.3176 | Y6: =X6/X5-1 -> 0.86863612
A7: 1996.III | B7: 9000.8925 | C7: 1087.709 | D7: 27891.979 | E7: 3852.1038 | F7: 11023.179 | G7: 43762.422 | H7: 14338.776 | I7: 5583.7037 | J7: 4048.1323 | K7: 16606.569 | L7: 15611.958 | M7: 23148.565 | N7: 26751.627 | O7: 106229.77 | P7: 159418.03 | Q7: 184105.62 | R7: 116616.99 | S7: 38506.12 | T7: 36668.058 | U7: 12782.632 | V7: 17903.668 | X7: =U7-V7 -> -5121.0357 | Y7: =X7/X6-1 -> 0.33802215
A8: 1996.IV | B8: 11127.538 | C8: 1139.5761 | D8: 25207.581 | E8: 3938.2804 | F8: 11007.493 | G8: 41099.104 | H8: 14538.698 | I8: 5384.065 | J8: 3949.0505 | K8: 15270.601 | L8: 15236.901 | M8: 23066.821 | N8: 26588.304 | O8: 104034.43 | P8: 155591.78 | Q8: 182353.36 | R8: 122741.21 | S8: 32710.959 | T8: 38231.111 | U8: 13178.075 | V8: 19861.008 | X8: =U8-V8 -> -6682.9331 | Y8: =X8/X7-1 -> 0.30499638
A9: 1997.I | B9: 9010.8771 | C9: 1152.0194 | D9: 26099.515 | E9: 4033.0855 | F9: 11390.746 | G9: 43181.047 | H9: 14562.026 | I9: 5648.0823 | J9: 4009.9067 | K9: 16864.15 | L9: 15570.773 | M9: 23396.651 | N9: 26629.859 | O9: 106591.95 | P9: 158706.13 | Q9: 184316.78 | R9: 119902.96 | S9: 37055.793 | T9: 38556.543 | U9: 14017.327 | V9: 19805.195 | X9: =U9-V9 -> -5787.868 | Y9: =X9/X8-1 -> -0.13393297
A10: 1997.II | B10: 8878.8748 | C10: 1172.6735 | D10: 26434.706 | E10: 3996.8664 | F10: 11677.585 | G10: 43117.095 | H10: 14645.831 | I10: 5814.3055 | J10: 4115.2248 | K10: 16658.34 | L10: 15687.207 | M10: 23605.657 | N10: 26421.027 | O10: 107175.35 | P10: 159034.52 | Q10: 185208.42 | R10: 120234.69 | S10: 36906.378 | T10: 39098.83 | U10: 14917.018 | V10: 20628.183 | X10: =U10-V10 -> -5711.1648 | Y10: =X10/X9-1 -> -0.013252409
A11: 1997.III | B11: 9167.1636 | C11: 1209.0059 | D11: 26560.268 | E11: 4114.605 | F11: 12019.894 | G11: 43928.456 | H11: 14853.236 | I11: 5846.5365 | J11: 4151.8996 | K11: 16786.116 | L11: 15861.929 | M11: 23772.411 | N11: 26510.835 | O11: 107677.13 | P11: 160973.53 | Q11: 187563.62 | R11: 119079.8 | S11: 36327.177 | T11: 39864.274 | U11: 15211.515 | V11: 20761.134 | X11: =U11-V11 -> -5549.6195 | Y11: =X11/X10-1 -> -0.028285876
A12: 1997.IV | B12: 9957.2145 | C12: 1207.4172 | D12: 26203.111 | E12: 4169.1299 | F12: 12238.881 | G12: 43772.002 | H12: 14877.354 | I12: 5961.4497 | J12: 4257.1409 | K12: 16816.821 | L12: 16104.304 | M12: 24289.821 | N12: 26751.471 | O12: 108994.95 | P12: 162449.97 | Q12: 189140.59 | R12: 119235.26 | S12: 36586.45 | T12: 39604.102 | U12: 14515.802 | V12: 19518.792 | X12: =U12-V12 -> -5002.9902 | Y12: =X12/X11-1 -> -0.098498525
A13: 1998.I | B13: 8859.23 | C13: 1225.3773 | D13: 25097.121 | E13: 4146.5959 | F13: 12082.077 | G13: 42789.02 | H13: 14530.609 | I13: 5743.0564 | J13: 4188.7499 | K13: 16514.661 | L13: 16025.53 | M13: 23635.923 | N13: 26980.99 | O13: 107906.63 | P13: 159603.07 | Q13: 185400.96 | R13: 119255.58 | S13: 37462.758 | T13: 39819.264 | U13: 15385.021 | V13: 21281.145 | X13: =U13-V13 -> -5896.1242 | Y13: =X13/X12-1 -> 0.17852006
A14: 1998.II | B14: 9969.8736 | C14: 1246.6097 | D14: 25496.243 | E14: 4132.3138 | F14: 12232.861 | G14: 43337.896 | H14: 14771.098 | I14: 5960.985 | J14: 4156.8838 | K14: 16463.331 | L14: 16172.505 | M14: 24089.189 | N14: 27242.45 | O14: 109101.81 | P14: 162532.01 | Q14: 188575.81 | R14: 118886.82 | S14: 37712.894 | T14: 39965.281 | U14: 15798.539 | V14: 20134.466 | X14: =U14-V14 -> -4335.927 | Y14: =X14/X13-1 -> -0.26461403
A15: 1998.III | B15: 9708.36 | C15: 1229.4685 | D15: 25247.316 | E15: 4134.1794 | F15: 12050.738 | G15: 42787.539 | H15: 14600.679 | I15: 5985.211 | J15: 4645.3214 | K15: 16546.882 | L15: 16263.051 | M15: 24174.922 | N15: 27452.507 | O15: 109766.51 | P15: 162400.73 | Q15: 188521.56 | R15: 119252.4 | S15: 38367.62 | T15: 39449.291 | U15: 15124.961 | V15: 20340.718 | X15: =U15-V15 -> -5215.7564 | Y15: =X15/X14-1 -> 0.20291609
A16: 1998.IV | B16: 9506.7169 | C16: 1216.6615 | D16: 24340.64 | E16: 4101.6924 | F16: 11755.837 | G16: 41453.2 | H16: 13974.115 | I16: 5746.3466 | J16: 4842.1168 | K16: 16608.156 | L16: 16381.669 | M16: 24227.628 | N16: 27708.777 | O16: 109829.99 | P16: 160700.9 | Q16: 186359.6 | R16: 117673.96 | S16: 38083.914 | T16: 37673.611 | U16: 15180.078 | V16: 19190.004 | X16: =U16-V16 -> -4009.9258 | Y16: =X16/X15-1 -> -0.23118997
A17: 1999.I | B17: 9907.4656 | C17: 1211.3647 | D17: 24144.758 | E17: 4099.7905 | F17: 11365.389 | G17: 41243.206 | H17: 14092.03 | I17: 5630.1671 | J17: 4970.7484 | K17: 16581.199 | L17: 16632.75 | M17: 24006.719 | N17: 28100.267 | O17: 110660.86 | P17: 162157.24 | Q17: 186703.5 | R17: 118032.91 | S17: 37651.779 | T17: 36330.496 | U17: 15465.148 | V17: 17316.472 | X17: =U17-V17 -> -1851.3247 | Y17: =X17/X16-1 -> -0.53831448
... A126: 2026.II | B126: 27190.791 | C126: 3246.4105 | D126: 29899.977 | E126: 8077.3952 | F126: 17160.564 | G126: 60643.495 | H126: 23900.064 | I126: 9070.7145 | J126: 18537.693 | K126: 40306.05 | L126: 36309.163 | M126: 47994.652 | N126: 41220.089 | O126: 212075.35 | P126: 297675.77 | Q126: 349885.84 | R126: 234183.66 | S126: 61847.156 | T126: 65738.822 | U126: 53466.586 | V126: 54877.135 | X126: =U126-V126 -> -1410.5488 | Y126: =X126/X125-1 -> 42.970078

Sheet Valores Correntes
A1: VALORES CORRENTES
A2: (1.000.000 R$)
A3: Período | B3: AGROPECUÁRIA | C3: INDÚSTRIA | H3: SERVIÇOS | P3: VA | Q3: Imposto | R3: PIB | S3: Consumo das Famílias | T3: Consumo do Governo | U3: Formação Bruta de Capital Fixo | V3: Variação de Estoques | W3: Exportação | X3: Importação
B4: Total | C4: Indústrias extrativas | D4: Indústrias de transformação | E4: Eletricidade e gás, água, esgoto, ativ. de gestão de resíduos | F4: Construção | G4: Total | H4: Comércio | I4: Transporte, armazenagem e correio | J4: Informação e comunicação | K4: Atividades financeiras, de seguros e serviços relacionados | L4: Atividades Imobiliárias | M4: Outras atividades de serviços | N4: Adm., defesa, saúde e educação públicas e seguridade social | O4: Total
A5: 1996.I | B5: 10053.715 | C5: 1763.4965 | D5: 23306.073 | E5: 4432.1566 | F5: 11971.87 | G5: 41473.597 | H5: 12754.606 | I5: 4017.5069 | J5: 4017.4042 | K5: 16073.8 | L5: 21647.226 | M5: 27237.156 | N5: 27087.908 | O5: 112835.61 | P5: 164362.92 | Q5: 24960.38 | R5: 189323.3 | S5: 125685.05 | T5: 35666.08 | U5: 35403.156 | V5: -4964.0575 | W5: 12305.881 | X5: 14772.806
A6: 1996.II | B6: 10702.717 | C6: 1369.1702 | D6: 26780.307 | E6: 4103.0315 | F6: 13586.835 | G6: 45839.344 | H6: 14358.781 | I6: 4762.4554 | J6: 5864.2392 | K6: 15276.833 | L6: 23733.919 | M6: 28919.624 | N6: 28774.579 | O6: 121690.43 | P6: 178232.49 | Q6: 26378.237 | R6: 204610.73 | S6: 132510.86 | T6: 39022.695 | U6: 39326.084 | V6: -3354.7478 | W6: 14576.312 | X6: 17470.476
A7: 1996.III | B7: 11096.04 | C7: 1323.5455 | D7: 28771.939 | E7: 4147.9443 | F7: 14767.31 | G7: 49010.739 | H7: 15788.165 | I7: 7828.9849 | J7: 5332.9913 | K7: 19180.401 | L7: 25828.418 | M7: 31498.315 | N7: 28599.74 | O7: 134057.02 | P7: 194163.8 | Q7: 27349.439 | R7: 221513.23 | S7: 142658.33 | T7: 41810.46 | U7: 41417.571 | V7: 993.97887 | W7: 15560.475 | X7: 20927.58 | Z7: Consumo das Famílias | AA7: Consumo do Governo | AB7: Formação Bruta de Capital Fixo | AC7: Variação de Estoques | AD7: Exportação | AE7: Importação
A8: 1996.IV | B8: 8906.1717 | C8: 1457.305 | D8: 32835.276 | E8: 5235.0713 | F8: 15103.838 | G8: 54631.49 | H8: 16917.521 | I8: 7429.6875 | J8: 6510.1308 | K8: 18763.798 | L8: 27030.621 | M8: 34128.359 | N8: 36220.662 | O8: 147000.78 | P8: 210538.44 | Q8: 28777.906 | R8: 239316.35 | S8: 156087.5 | T8: 52323.642 | U8: 43186.714 | V8: -4417.1246 | W8: 15084.715 | X8: 22949.1 | Z8: =SUM(S5:S8)/SUM($R5:$R8) -> 0.65157399 | AA8: =SUM(T5:T8)/SUM($R5:$R8) -> 0.19750827 | AB8: =SUM(U5:U8)/SUM($R5:$R8) -> 0.18640654 | AC8: =SUM(V5:V8)/SUM($R5:$R8) -> -0.013737074 | AD8: =SUM(W5:W8)/SUM($R5:$R8) -> 0.067302097 | AE8: =SUM(X5:X8)/SUM($R5:$R8) -> 0.089053818 | AG8: =SUM(B5:B8)/SUM(R5:R8) -> 0.047684112
A9: 1997.I | B9: 12337.925 | C9: 1492.977 | D9: 28429.967 | E9: 4706.5551 | F9: 14442.609 | G9: 49072.108 | H9: 14821.362 | I9: 4692.7108 | J9: 5149.0622 | K9: 16766.433 | L9: 27560.594 | M9: 32316.015 | N9: 29408.362 | O9: 130714.54 | P9: 192124.57 | Q9: 26992.476 | R9: 219117.05 | S9: 147807.94 | T9: 42139.017 | U9: 42696.635 | V9: -7355.3016 | W9: 13162.001 | X9: 19333.246 | Z9: =SUM(S6:S9)/SUM($R6:$R9) -> 0.65463775 | AA9: =SUM(T6:T9)/SUM($R6:$R9) -> 0.19817348 | AB9: =SUM(U6:U9)/SUM($R6:$R9) -> 0.18837332 | AC9: =SUM(V6:V9)/SUM($R6:$R9) -> -0.015977703 | AD9: =SUM(W6:W9)/SUM($R6:$R9) -> 0.066003072 | AE9: =SUM(X6:X9)/SUM($R6:$R9) -> 0.091209917
A10: 1997.II | B10: 11625.102 | C10: 1446.9527 | D10: 33389.056 | E10: 4949.3677 | F10: 15850.338 | G10: 55635.715 | H10: 16218.389 | I10: 6214.5964 | J10: 5998.0898 | K10: 15929.133 | L10: 29218.058 | M10: 32266.029 | N10: 31184.033 | O10: 137028.33 | P10: 204289.14 | Q10: 28600.399 | R10: 232889.54 | S10: 154446.53 | T10: 45484.648 | U10: 46189.458 | V10: -8062.7419 | W10: 17401.764 | X10: 22570.114 | Z10: =SUM(S7:S10)/SUM($R7:$R10) -> 0.65838791 | AA10: =SUM(T7:T10)/SUM($R7:$R10) -> 0.19911324 | AB10: =SUM(U7:U10)/SUM($R7:$R10) -> 0.19005642 | AC10: =SUM(V7:V10)/SUM($R7:$R10) -> -0.020640274 | AD10: =SUM(W7:W10)/SUM($R7:$R10) -> 0.067053604 | AE10: =SUM(X7:X10)/SUM($R7:$R10) -> 0.093970904
A11: 1997.III | B11: 10871.34 | C11: 1424.7207 | D11: 33163.222 | E11: 5341.4545 | F11: 17159.622 | G11: 57089.02 | H11: 17387.384 | I11: 8785.2725 | J11: 7054.2386 | K11: 20023.216 | L11: 30131.307 | M11: 34272.666 | N11: 31008.414 | O11: 148662.5 | P11: 216622.86 | Q11: 29555.622 | R11: 246178.48 | S11: 157597.81 | T11: 45829.944 | U11: 47287.134 | V11: 2106.2179 | W11: 18528.583 | X11: 25171.21 | Z11: =SUM(S8:S11)/SUM($R8:$R11) -> 0.65700144 | AA11: =SUM(T8:T11)/SUM($R8:$R11) -> 0.1981621 | AB11: =SUM(U8:U11)/SUM($R8:$R11) -> 0.19131698 | AC11: =SUM(V8:V11)/SUM($R8:$R11) -> -0.018910851 | AD11: =SUM(W8:W11)/SUM($R8:$R11) -> 0.06845543 | AE11: =SUM(X8:X11)/SUM($R8:$R11) -> 0.096025102
A12: 1997.IV | B12: 9771.4591 | C12: 1655.5427 | D12: 28966.681 | E12: 5462.475 | F12: 17234.897 | G12: 53319.596 | H12: 17353.298 | I12: 9338.8116 | J12: 7681.8343 | K12: 21134.753 | L12: 31601.61 | M12: 35384.419 | N12: 38120.352 | O12: 160615.08 | P12: 223706.13 | Q12: 30197.989 | R12: 253904.12 | S12: 161953.64 | T12: 52539.823 | U12: 45893.849 | V12: 373.73778 | W12: 17398.225 | X12: 24255.155 | Z12: =SUM(S9:S12)/SUM($R9:$R12) -> 0.6530963 | AA12: =SUM(T9:T12)/SUM($R9:$R12) -> 0.19535295 | AB12: =SUM(U9:U12)/SUM($R9:$R12) -> 0.19122901 | AC12: =SUM(V9:V12)/SUM($R9:$R12) -> -0.013589155 | AD12: =SUM(W9:W12)/SUM($R9:$R12) -> 0.069836496 | AE12: =SUM(X9:X12)/SUM($R9:$R12) -> 0.095925597
A13: 1998.I | B13: 11868.839 | C13: 1383.1796 | D13: 28092.017 | E13: 6249.2831 | F13: 16730.436 | G13: 52454.916 | H13: 14963.265 | I13: 5398.9416 | J13: 8064.6741 | K13: 18101.481 | L13: 30035.679 | M13: 34227.484 | N13: 31326.015 | O13: 142117.54 | P13: 206441.3 | Q13: 29259.406 | R13: 235700.7 | S13: 157102.91 | T13: 46994.03 | U13: 45594.777 | V13: -8375.5261 | W13: 16098.855 | X13: 21714.344 | Z13: =SUM(S10:S13)/SUM($R10:$R13) -> 0.65151087 | AA13: =SUM(T10:T13)/SUM($R10:$R13) -> 0.19702054 | AB13: =SUM(U10:U13)/SUM($R10:$R13) -> 0.19094704 | AC13: =SUM(V10:V13)/SUM($R10:$R13) -> -0.014409728 | AD13: =SUM(W10:W13)/SUM($R10:$R13) -> 0.071672729 | AE13: =SUM(X10:X13)/SUM($R10:$R13) -> 0.096741457
A14: 1998.II | B14: 14201.684 | C14: 1122.2194 | D14: 33171.072 | E14: 6137.0584 | F14: 17952.19 | G14: 58382.539 | H14: 16933.787 | I14: 6723.7829 | J14: 8271.5617 | K14: 17206.137 | L14: 31041.85 | M14: 35130.659 | N14: 33246.573 | O14: 148554.35 | P14: 221138.57 | Q14: 30797.306 | R14: 251935.88 | S14: 159193.94 | T14: 49306.681 | U14: 48379.307 | V14: -852.94638 | W14: 18804.595 | X14: 22895.701 | Z14: =SUM(S11:S14)/SUM($R11:$R14) -> 0.64375413 | AA14: =SUM(T11:T14)/SUM($R11:$R14) -> 0.19709092 | AB14: =SUM(U11:U14)/SUM($R11:$R14) -> 0.18948206 | AC14: =SUM(V11:V14)/SUM($R11:$R14) -> -0.0068324245 | AD14: =SUM(W11:W14)/SUM($R11:$R14) -> 0.071710927 | AE14: =SUM(X11:X14)/SUM($R11:$R14) -> 0.095205612
A15: 1998.III | B15: 13142.718 | C15: 1354.274 | D15: 32581.898 | E15: 6202.846 | F15: 17972.502 | G15: 58111.52 | H15: 17431.798 | I15: 8717.7704 | J15: 8382.7901 | K15: 21560.615 | L15: 31412.755 | M15: 36224.372 | N15: 33031.63 | O15: 156761.73 | P15: 228015.97 | Q15: 30027.318 | R15: 258043.29 | S15: 163447.31 | T15: 49839.274 | U15: 47636.032 | V15: 3701.0355 | W15: 18785.814 | X15: 25366.179 | Z15: =SUM(S12:S15)/SUM($R12:$R15) -> 0.64196487 | AA15: =SUM(T12:T15)/SUM($R12:$R15) -> 0.1987625 | AB15: =SUM(U12:U15)/SUM($R12:$R15) -> 0.187582 | AC15: =SUM(V12:V15)/SUM($R12:$R15) -> -0.0051558441 | AD15: =SUM(W12:W15)/SUM($R12:$R15) -> 0.071117074 | AE15: =SUM(X12:X15)/SUM($R12:$R15) -> 0.094270597
A16: 1998.IV | B16: 8398.8812 | C16: 1632.387 | D16: 27992.155 | E16: 6082.2202 | F16: 17052.184 | G16: 52758.946 | H16: 16606.835 | I16: 8219.0696 | J16: 9210.4452 | K16: 22707.117 | L16: 32438.426 | M16: 35005.969 | N16: 41001.358 | O16: 165189.22 | P16: 226347.05 | Q16: 30324.106 | R16: 256671.15 | S16: 163186.84 | T16: 55037.193 | U16: 44249.303 | V16: 1742.5938 | W16: 16781.028 | X16: 24325.808 | Z16: =SUM(S13:S16)/SUM($R13:$R16) -> 0.64142301 | AA16: =SUM(T13:T16)/SUM($R13:$R16) -> 0.20070532 | AB16: =SUM(U13:U16)/SUM($R13:$R16) -> 0.18542348 | AC16: =SUM(V13:V16)/SUM($R13:$R16) -> -0.0037759658 | AD16: =SUM(W13:W16)/SUM($R13:$R16) -> 0.070305003 | AE16: =SUM(X13:X16)/SUM($R13:$R16) -> 0.094080846
A17: 1999.I | B17: 14190.179 | C17: 1560.1711 | D17: 26994.516 | E17: 6530.6815 | F17: 15918.899 | G17: 51004.267 | H17: 15395.239 | I17: 6144.7916 | J17: 9602.1023 | K17: 17730.547 | L17: 29215.051 | M17: 39521.592 | N17: 33876.531 | O17: 151485.85 | P17: 216680.3 | Q17: 33987.695 | R17: 250667.99 | S17: 164892.67 | T17: 48863.088 | U17: 44120.584 | V17: -3514.9795 | W17: 22153.374 | X17: 25846.744 | Z17: =SUM(S14:S17)/SUM($R14:$R17) -> 0.63964323 | AA17: =SUM(T14:T17)/SUM($R14:$R17) -> 0.19958968 | AB17: =SUM(U14:U17)/SUM($R14:$R17) -> 0.18124635 | AC17: =SUM(V14:V17)/SUM($R14:$R17) -> 0.0010573911 | AD17: =SUM(W14:W17)/SUM($R14:$R17) -> 0.075222091 | AE17: =SUM(X14:X17)/SUM($R14:$R17) -> 0.096758734
A18: 1999.II | B18: 13487.279 | C18: 1562.1891 | D18: 37291.374 | E18: 6672.5117 | F18: 16951.543 | G18: 62477.618 | H18: 17623.557 | I18: 6282.1584 | J18: 9021.6071 | K18: 16830.555 | L18: 30343.615 | M18: 41053.262 | N18: 35928.301 | O18: 157083.06 | P18: 233047.95 | Q18: 35660.977 | R18: 268708.93 | S18: 170252.07 | T18: 51748.672 | U18: 47152.458 | V18: 3828.6672 | W18: 24727.754 | X18: 29000.694 | Z18: =SUM(S15:S18)/SUM($R15:$R18) -> 0.63996173 | AA18: =SUM(T15:T18)/SUM($R15:$R18) -> 0.1987138 | AB18: =SUM(U15:U18)/SUM($R15:$R18) -> 0.17712011 | AC18: =SUM(V15:V18)/SUM($R15:$R18) -> 0.0055675129 | AD18: =SUM(W15:W18)/SUM($R15:$R18) -> 0.079729869 | AE18: =SUM(X15:X18)/SUM($R15:$R18) -> 0.10109303
A19: 1999.III | B19: 11736.006 | C19: 2242.7745 | D19: 34583.057 | E19: 7361.2809 | F19: 16957.668 | G19: 61144.781 | H19: 18216.773 | I19: 7840.1878 | J19: 7601.104 | K19: 21311.229 | L19: 31426.86 | M19: 42058.267 | N19: 35880.475 | O19: 164334.9 | P19: 237215.68 | Q19: 36909.873 | R19: 274125.56 | S19: 178811.44 | T19: 53944.092 | U19: 46383.161 | V19: 311.87398 | W19: 27646.22 | X19: 32971.23 | Z19: =SUM(S16:S19)/SUM($R16:$R19) -> 0.64479149 | AA19: =SUM(T16:T19)/SUM($R16:$R19) -> 0.19957942 | AB19: =SUM(U16:U19)/SUM($R16:$R19) -> 0.1732147 | AC19: =SUM(V16:V19)/SUM($R16:$R19) -> 0.0022550133 | AD19: =SUM(W16:W19)/SUM($R16:$R19) -> 0.08694598 | AE19: =SUM(X16:X19)/SUM($R16:$R19) -> 0.1067866
A20: 1999.IV | B20: 11121.363 | C20: 2601.4562 | D20: 35012.257 | E20: 7228.8121 | F20: 17072.06 | G20: 61914.585 | H20: 20358.698 | I20: 9266.8034 | J20: 7582.58 | K20: 22638.281 | L20: 32723.162 | M20: 44951.078 | N20: 44417.061 | O20: 181937.66 | P20: 254973.61 | Q20: 39234.364 | R20: 294207.98 | S20: 189576.24 | T20: 60622.543 | U20: 47431.808 | V20: 3434.4864 | W20: 29511.051 | X20: 36368.152 | Z20: =SUM(S17:S20)/SUM($R17:$R20) -> 0.64680119 | AA20: =SUM(T17:T20)/SUM($R17:$R20) -> 0.19782691 | AB20: =SUM(U17:U20)/SUM($R17:$R20) -> 0.17016294 | AC20: =SUM(V17:V20)/SUM($R17:$R20) -> 0.0037326552 | AD20: =SUM(W17:W20)/SUM($R17:$R20) -> 0.095648983 | AE20: =SUM(X17:X20)/SUM($R17:$R20) -> 0.11417268
... A126: 2026.II | B126: 204591.49 | C126: 133124.26 | D126: 395581.46 | E126: 72094.019 | F126: 105334.14 | G126: 706133.88 | H126: 328199.14 | I126: 102008.25 | J126: 107301.39 | K126: 255605.89 | L126: 253123.87 | M126: 514844.47 | N126: 466060.64 | O126: 2027143.6 | P126: 2937869 | Q126: 487858.65 | R126: 3425727.7 | S126: 2112892.7 | T126: 667665.56 | U126: 552091.91 | V126: 51550.295 | W126: 597945.31 | X126: 556418.07 | Z126: =SUM(S123:S126)/SUM($R123:$R126) -> 0.63097688 | AA126: =SUM(T123:T126)/SUM($R123:$R126) -> 0.1959436 | AB126: =SUM(U123:U126)/SUM($R123:$R126) -> 0.16461838 | AC126: =SUM(V123:V126)/SUM($R123:$R126) -> 0.0020765537 | AD126: =SUM(W123:W126)/SUM($R123:$R126) -> 0.17244227 | AE126: =SUM(X123:X126)/SUM($R123:$R126) -> 0.16605768
W128: =W124/W120-1 -> 0.026153189

Sheet PIB Nominal
B1: Pesos - Acumulado em 4T | M1: Contribuição | W1: Pesos - Acumulado em 4T | AH1: AGROPECUÁRIA | AI1: INDÚSTRIA | AN1: SERVIÇOS | AV1: VA | AW1: Imposto | AX1: PIB | AZ1: AGROPECUÁRIA | BA1: INDÚSTRIA | BF1: SERVIÇOS | BN1: VA | BO1: Imposto | BP1: PIB
C2: Consumo das Famílias | D2: Consumo do Governo | E2: Formação Bruta de Capital (FBCF+ΔEstoques) | F2: Formação Bruta de Capital Fixo | G2: Variação de Estoques | H2: Exportação | I2: Importação | J2: Exportações Líquidas | M2: PIB Nominal | N2: Consumo das Famílias | O2: Consumo do Governo | P2: Formação Bruta de Capital Fixo | Q2: Variação de Estoques | R2: Exportação | S2: Importação | T2: Exportações Líquidas | X2: Consumo das Famílias | Y2: Consumo do Governo | Z2: Formação Bruta de Capital (FBCF+ΔEstoques) | AA2: Formação Bruta de Capital Fixo | AB2: Variação de Estoques | AC2: Exportação | AD2: Importação | AE2: Exportações Líquidas | AH2: Total | AI2: Indústrias extrativas | AJ2: Indústrias de transformação | AK2: Eletricidade e gás, água, esgoto, ativ. de gestão de resíduos | AL2: Construção | AM2: Total | AN2: Comércio | AO2: Transporte, armazenagem e correio | AP2: Informação e comunicação | AQ2: Atividades financeiras, de seguros e serviços relacionados | AR2: Atividades Imobiliárias | AS2: Outras atividades de serviços | AT2: Adm., defesa, saúde e educação públicas e seguridade social | AU2: Total | AZ2: Total | BA2: Indústrias extrativas | BB2: Indústrias de transformação | BC2: Eletricidade e gás, água, esgoto, ativ. de gestão de resíduos | BD2: Construção | BE2: Total | BF2: Comércio | BG2: Transporte, armazenagem e correio | BH2: Informação e comunicação | BI2: Atividades financeiras, de seguros e serviços relacionados | BJ2: Atividades Imobiliárias | BK2: Outras atividades de serviços | BL2: Adm., defesa, saúde e educação públicas e seguridade social | BM2: Total
B3: 1996.I | J3: =('Valores Correntes'!W5-'Valores Correntes'!X5)/'Valores Correntes'!R5 -> -0.013030223 | L3: =B3 -> 1996.I | W3: 1996.I | AG3: 1996.I | AY3: 1996.I
B4: 1996.II | J4: =('Valores Correntes'!W6-'Valores Correntes'!X6)/'Valores Correntes'!R6 -> -0.014144737 | L4: =B4 -> 1996.II | W4: 1996.II | AG4: 1996.II | AY4: 1996.II
C5: Consumo das Famílias (dir.) | D5: Consumo do Governo | E5: Formação Bruta de Capital (FBCF+ΔEstoques) | F5: Formação Bruta de Capital Fixo | G5: Variação de Estoques | H5: Exportação | I5: Importação | J5: =('Valores Correntes'!W7-'Valores Correntes'!X7)/'Valores Correntes'!R7 -> -0.024229276 | L5: =B5 -> 0 | W5: 1996.III
B6: 1996.IV | C6: =SUM('Valores Correntes'!S5:S8)/SUM('Valores Correntes'!$R5:$R8) -> 0.65157399 | D6: =SUM('Valores Correntes'!T5:T8)/SUM('Valores Correntes'!$R5:$R8) -> 0.19750827 | E6: =F6+G6 -> 0.17266946 | F6: =SUM('Valores Correntes'!U5:U8)/SUM('Valores Correntes'!$R5:$R8) -> 0.18640654 | G6: =SUM('Valores Correntes'!V5:V8)/SUM('Valores Correntes'!$R5:$R8) -> -0.013737074 | H6: =SUM('Valores Correntes'!W5:W8)/SUM('Valores Correntes'!$R5:$R8) -> 0.067302097 | I6: =SUM('Valores Correntes'!X5:X8)/SUM('Valores Correntes'!$R5:$R8) -> 0.089053818 | J6: =(SUM('Valores Correntes'!W5:W8)-SUM('Valores Correntes'!X5:X8))/SUM('Valores Correntes'!R5:R8) -> -0.021751721 | L6: =B6 -> 1996.IV | W6: 1996.IV | X6: =SUM('Valores Correntes'!S5:S8)/SUM('Valores Correntes'!$R5:$R8) -> 0.65157399 | Y6: =SUM('Valores Correntes'!T5:T8)/SUM('Valores Correntes'!$R5:$R8) -> 0.19750827 | Z6: =AA6+AB6 -> 0.17266946 | AA6: =SUM('Valores Correntes'!U5:U8)/SUM('Valores Correntes'!$R5:$R8) -> 0.18640654 | AB6: =SUM('Valores Correntes'!V5:V8)/SUM('Valores Correntes'!$R5:$R8) -> -0.013737074 | AC6: =SUM('Valores Correntes'!W5:W8)/SUM('Valores Correntes'!$R5:$R8) -> 0.067302097 | AD6: =SUM('Valores Correntes'!X5:X8)/SUM('Valores Correntes'!$R5:$R8) -> 0.089053818 | AE6: =(SUM('Valores Correntes'!W5:W8)-SUM('Valores Correntes'!X5:X8))/SUM('Valores Correntes'!R5:R8) -> -0.021751721 | AG6: 1996.IV | AH6: =SUM('Valores Correntes'!B5:B8)/SUM('Valores Correntes'!$R5:$R8) -> 0.047684112 | AI6: =SUM('Valores Correntes'!C5:C8)/SUM('Valores Correntes'!$R5:$R8) -> 0.0069183071 | AJ6: =SUM('Valores Correntes'!D5:D8)/SUM('Valores Correntes'!$R5:$R8) -> 0.13067191 | AK6: =SUM('Valores Correntes'!E5:E8)/SUM('Valores Correntes'!$R5:$R8) -> 0.020962759 | AL6: =SUM('Valores Correntes'!F5:F8)/SUM('Valores Correntes'!$R5:$R8) -> 0.064848167 | AM6: =SUM('Valores Correntes'!G5:G8)/SUM('Valores Correntes'!$R5:$R8) -> 0.22340115 | AN6: =SUM('Valores Correntes'!H5:H8)/SUM('Valores Correntes'!$R5:$R8) -> 0.069983176 | AO6: =SUM('Valores Correntes'!I5:I8)/SUM('Valores Correntes'!$R5:$R8) -> 0.028123138 | ... AW6: =SUM('Valores Correntes'!Q5:Q8)/SUM('Valores Correntes'!$R5:$R8) -> 0.12572594 | AY6: 1996.IV
B7: 1997.I | C7: =SUM('Valores Correntes'!S6:S9)/SUM('Valores Correntes'!$R6:$R9) -> 0.65463775 | D7: =SUM('Valores Correntes'!T6:T9)/SUM('Valores Correntes'!$R6:$R9) -> 0.19817348 | E7: =F7+G7 -> 0.17239561 | F7: =SUM('Valores Correntes'!U6:U9)/SUM('Valores Correntes'!$R6:$R9) -> 0.18837332 | G7: =SUM('Valores Correntes'!V6:V9)/SUM('Valores Correntes'!$R6:$R9) -> -0.015977703 | H7: =SUM('Valores Correntes'!W6:W9)/SUM('Valores Correntes'!$R6:$R9) -> 0.066003072 | I7: =SUM('Valores Correntes'!X6:X9)/SUM('Valores Correntes'!$R6:$R9) -> 0.091209917 | J7: =(SUM('Valores Correntes'!W6:W9)-SUM('Valores Correntes'!X6:X9))/SUM('Valores Correntes'!R6:R9) -> -0.025206845 | L7: =B7 -> 1997.I | W7: 1997.I | X7: =SUM('Valores Correntes'!S6:S9)/SUM('Valores Correntes'!$R6:$R9) -> 0.65463775 | Y7: =SUM('Valores Correntes'!T6:T9)/SUM('Valores Correntes'!$R6:$R9) -> 0.19817348 | Z7: =AA7+AB7 -> 0.17239561 | AA7: =SUM('Valores Correntes'!U6:U9)/SUM('Valores Correntes'!$R6:$R9) -> 0.18837332 | AB7: =SUM('Valores Correntes'!V6:V9)/SUM('Valores Correntes'!$R6:$R9) -> -0.015977703 | AC7: =SUM('Valores Correntes'!W6:W9)/SUM('Valores Correntes'!$R6:$R9) -> 0.066003072 | AD7: =SUM('Valores Correntes'!X6:X9)/SUM('Valores Correntes'!$R6:$R9) -> 0.091209917 | AE7: =(SUM('Valores Correntes'!W6:W9)-SUM('Valores Correntes'!X6:X9))/SUM('Valores Correntes'!R6:R9) -> -0.025206845 | AG7: 1997.I | AH7: =SUM('Valores Correntes'!B6:B9)/SUM('Valores Correntes'!$R6:$R9) -> 0.048660331 | AI7: =SUM('Valores Correntes'!C6:C9)/SUM('Valores Correntes'!$R6:$R9) -> 0.0063794593 | AJ7: =SUM('Valores Correntes'!D6:D9)/SUM('Valores Correntes'!$R6:$R9) -> 0.13206322 | AK7: =SUM('Valores Correntes'!E6:E9)/SUM('Valores Correntes'!$R6:$R9) -> 0.020566899 | AL7: =SUM('Valores Correntes'!F6:F9)/SUM('Valores Correntes'!$R6:$R9) -> 0.065457137 | AM7: =SUM('Valores Correntes'!G6:G9)/SUM('Valores Correntes'!$R6:$R9) -> 0.22446671 | AN7: =SUM('Valores Correntes'!H6:H9)/SUM('Valores Correntes'!$R6:$R9) -> 0.069962482 | AO7: =SUM('Valores Correntes'!I6:I9)/SUM('Valores Correntes'!$R6:$R9) -> 0.027939215 | ... AW7: =SUM('Valores Correntes'!Q6:Q9)/SUM('Valores Correntes'!$R6:$R9) -> 0.12378853 | AY7: 1997.I
B8: 1997.II | C8: =SUM('Valores Correntes'!S7:S10)/SUM('Valores Correntes'!$R7:$R10) -> 0.65838791 | D8: =SUM('Valores Correntes'!T7:T10)/SUM('Valores Correntes'!$R7:$R10) -> 0.19911324 | E8: =F8+G8 -> 0.16941615 | F8: =SUM('Valores Correntes'!U7:U10)/SUM('Valores Correntes'!$R7:$R10) -> 0.19005642 | G8: =SUM('Valores Correntes'!V7:V10)/SUM('Valores Correntes'!$R7:$R10) -> -0.020640274 | H8: =SUM('Valores Correntes'!W7:W10)/SUM('Valores Correntes'!$R7:$R10) -> 0.067053604 | I8: =SUM('Valores Correntes'!X7:X10)/SUM('Valores Correntes'!$R7:$R10) -> 0.093970904 | J8: =(SUM('Valores Correntes'!W7:W10)-SUM('Valores Correntes'!X7:X10))/SUM('Valores Correntes'!R7:R10) -> -0.026917299 | L8: =B8 -> 1997.II | W8: 1997.II | X8: =SUM('Valores Correntes'!S7:S10)/SUM('Valores Correntes'!$R7:$R10) -> 0.65838791 | Y8: =SUM('Valores Correntes'!T7:T10)/SUM('Valores Correntes'!$R7:$R10) -> 0.19911324 | Z8: =AA8+AB8 -> 0.16941615 | AA8: =SUM('Valores Correntes'!U7:U10)/SUM('Valores Correntes'!$R7:$R10) -> 0.19005642 | AB8: =SUM('Valores Correntes'!V7:V10)/SUM('Valores Correntes'!$R7:$R10) -> -0.020640274 | AC8: =SUM('Valores Correntes'!W7:W10)/SUM('Valores Correntes'!$R7:$R10) -> 0.067053604 | AD8: =SUM('Valores Correntes'!X7:X10)/SUM('Valores Correntes'!$R7:$R10) -> 0.093970904 | AE8: =(SUM('Valores Correntes'!W7:W10)-SUM('Valores Correntes'!X7:X10))/SUM('Valores Correntes'!R7:R10) -> -0.026917299 | AG8: 1997.II | AH8: =SUM('Valores Correntes'!B7:B10)/SUM('Valores Correntes'!$R7:$R10) -> 0.04816334 | AI8: =SUM('Valores Correntes'!C7:C10)/SUM('Valores Correntes'!$R7:$R10) -> 0.0062670394 | AJ8: =SUM('Valores Correntes'!D7:D10)/SUM('Valores Correntes'!$R7:$R10) -> 0.13521182 | AK8: =SUM('Valores Correntes'!E7:E10)/SUM('Valores Correntes'!$R7:$R10) -> 0.020856906 | AL8: =SUM('Valores Correntes'!F7:F10)/SUM('Valores Correntes'!$R7:$R10) -> 0.065908973 | AM8: =SUM('Valores Correntes'!G7:G10)/SUM('Valores Correntes'!$R7:$R10) -> 0.22824474 | AN8: =SUM('Valores Correntes'!H7:H10)/SUM('Valores Correntes'!$R7:$R10) -> 0.069832287 | AO8: =SUM('Valores Correntes'!I7:I10)/SUM('Valores Correntes'!$R7:$R10) -> 0.028664486 | ... AW8: =SUM('Valores Correntes'!Q7:Q10)/SUM('Valores Correntes'!$R7:$R10) -> 0.12238803 | AY8: 1997.II
B9: 1997.III | C9: =SUM('Valores Correntes'!S8:S11)/SUM('Valores Correntes'!$R8:$R11) -> 0.65700144 | D9: =SUM('Valores Correntes'!T8:T11)/SUM('Valores Correntes'!$R8:$R11) -> 0.1981621 | E9: =F9+G9 -> 0.17240613 | F9: =SUM('Valores Correntes'!U8:U11)/SUM('Valores Correntes'!$R8:$R11) -> 0.19131698 | G9: =SUM('Valores Correntes'!V8:V11)/SUM('Valores Correntes'!$R8:$R11) -> -0.018910851 | H9: =SUM('Valores Correntes'!W8:W11)/SUM('Valores Correntes'!$R8:$R11) -> 0.06845543 | I9: =SUM('Valores Correntes'!X8:X11)/SUM('Valores Correntes'!$R8:$R11) -> 0.096025102 | J9: =(SUM('Valores Correntes'!W8:W11)-SUM('Valores Correntes'!X8:X11))/SUM('Valores Correntes'!R8:R11) -> -0.027569672 | L9: Coluna1 | M9: PIB Nominal | N9: Consumo das Famílias | O9: Consumo do Governo | P9: Formação Bruta de Capital Fixo | Q9: Variação de Estoques | R9: Exportação | S9: Importação | T9: Exportações Líquidas | U9: CDI | W9: 1997.III | X9: =SUM('Valores Correntes'!S8:S11)/SUM('Valores Correntes'!$R8:$R11) -> 0.65700144 | Y9: =SUM('Valores Correntes'!T8:T11)/SUM('Valores Correntes'!$R8:$R11) -> 0.1981621 | Z9: =AA9+AB9 -> 0.17240613 | AA9: =SUM('Valores Correntes'!U8:U11)/SUM('Valores Correntes'!$R8:$R11) -> 0.19131698 | AB9: =SUM('Valores Correntes'!V8:V11)/SUM('Valores Correntes'!$R8:$R11) -> -0.018910851 | AC9: =SUM('Valores Correntes'!W8:W11)/SUM('Valores Correntes'!$R8:$R11) -> 0.06845543 | AD9: =SUM('Valores Correntes'!X8:X11)/SUM('Valores Correntes'!$R8:$R11) -> 0.096025102 | AE9: =(SUM('Valores Correntes'!W8:W11)-SUM('Valores Correntes'!X8:X11))/SUM('Valores Correntes'!R8:R11) -> -0.027569672 | AG9: 1997.III | AH9: =SUM('Valores Correntes'!B8:B11)/SUM('Valores Correntes'!$R8:$R11) -> 0.046656504 | AI9: =SUM('Valores Correntes'!C8:C11)/SUM('Valores Correntes'!$R8:$R11) -> 0.0062100763 | AJ9: =SUM('Valores Correntes'!D8:D11)/SUM('Valores Correntes'!$R8:$R11) -> 0.13633848 | AK9: =SUM('Valores Correntes'!E8:E11)/SUM('Valores Correntes'!$R8:$R11) -> 0.021581246 | AL9: =SUM('Valores Correntes'!F8:F11)/SUM('Valores Correntes'!$R8:$R11) -> 0.066726734 | AM9: =SUM('Valores Correntes'!G8:G11)/SUM('Valores Correntes'!$R8:$R11) -> 0.23085654 | AN9: =SUM('Valores Correntes'!H8:H11)/SUM('Valores Correntes'!$R8:$R11) -> 0.069700862 | AO9: =SUM('Valores Correntes'!I8:I11)/SUM('Valores Correntes'!$R8:$R11) -> 0.028930375 | ... AW9: =SUM('Valores Correntes'!Q8:Q11)/SUM('Valores Correntes'!$R8:$R11) -> 0.12152131 | AY9: 1997.III
B10: 1997.IV | C10: =SUM('Valores Correntes'!S9:S12)/SUM('Valores Correntes'!$R9:$R12) -> 0.6530963 | D10: =SUM('Valores Correntes'!T9:T12)/SUM('Valores Correntes'!$R9:$R12) -> 0.19535295 | E10: =F10+G10 -> 0.17763986 | F10: =SUM('Valores Correntes'!U9:U12)/SUM('Valores Correntes'!$R9:$R12) -> 0.19122901 | G10: =SUM('Valores Correntes'!V9:V12)/SUM('Valores Correntes'!$R9:$R12) -> -0.013589155 | H10: =SUM('Valores Correntes'!W9:W12)/SUM('Valores Correntes'!$R9:$R12) -> 0.069836496 | I10: =SUM('Valores Correntes'!X9:X12)/SUM('Valores Correntes'!$R9:$R12) -> 0.095925597 | J10: =(SUM('Valores Correntes'!W9:W12)-SUM('Valores Correntes'!X9:X12))/SUM('Valores Correntes'!R9:R12) -> -0.026089101 | K10: =SUM('Valores Correntes'!R9:R12)/SUM('Valores Correntes'!R5:R8)-1 -> 0.11386258 | L10: =B10 -> 1997.IV | M10: =(N10+O10+P10+Q10+T10) -> 0.11386258 | N10: =C6*(SUM('Valores Correntes'!S9:S12)/SUM('Valores Correntes'!S5:S8)-1) -> 0.075885533 | O10: =D6*(SUM('Valores Correntes'!T9:T12)/SUM('Valores Correntes'!T5:T8)-1) -> 0.020088073 | P10: =F6*(SUM('Valores Correntes'!U9:U12)/SUM('Valores Correntes'!U5:U8)-1) -> 0.026596302 | Q10: =G6*(SUM('Valores Correntes'!V9:V12)/SUM('Valores Correntes'!V5:V8)-1) -> -0.0013993772 | R10: =H6*(SUM('Valores Correntes'!W9:W12)/SUM('Valores Correntes'!W5:W8)-1) -> 0.010486162 | S10: =I6*(SUM('Valores Correntes'!X9:X12)/SUM('Valores Correntes'!X5:X8)-1) -> 0.017794115 | T10: =((SUM('Valores Correntes'!W9:W12)-SUM('Valores Correntes'!X9:X12))/(SUM('Valores Correntes'!W5:W8)-SUM('Valores Correntes'!X5:X8))-1)*J6 -> -0.0073079523 | U10: 0.3898 | W10: 1997.IV | X10: =SUM('Valores Correntes'!S9:S12)/SUM('Valores Correntes'!$R9:$R12) -> 0.6530963 | Y10: =SUM('Valores Correntes'!T9:T12)/SUM('Valores Correntes'!$R9:$R12) -> 0.19535295 | Z10: =AA10+AB10 -> 0.17763986 | AA10: =SUM('Valores Correntes'!U9:U12)/SUM('Valores Correntes'!$R9:$R12) -> 0.19122901 | AB10: =SUM('Valores Correntes'!V9:V12)/SUM('Valores Correntes'!$R9:$R12) -> -0.013589155 | AC10: =SUM('Valores Correntes'!W9:W12)/SUM('Valores Correntes'!$R9:$R12) -> 0.069836496 | AD10: =SUM('Valores Correntes'!X9:X12)/SUM('Valores Correntes'!$R9:$R12) -> 0.095925597 | AE10: =(SUM('Valores Correntes'!W9:W12)-SUM('Valores Correntes'!X9:X12))/SUM('Valores Correntes'!R9:R12) -> -0.026089101 | AG10: 1997.IV | AH10: =SUM('Valores Correntes'!B9:B12)/SUM('Valores Correntes'!$R9:$R12) -> 0.04685047 | AI10: =SUM('Valores Correntes'!C9:C12)/SUM('Valores Correntes'!$R9:$R12) -> 0.0063231398 | AJ10: =SUM('Valores Correntes'!D9:D12)/SUM('Valores Correntes'!$R9:$R12) -> 0.13018625 | AK10: =SUM('Valores Correntes'!E9:E12)/SUM('Valores Correntes'!$R9:$R12) -> 0.021489428 | AL10: =SUM('Valores Correntes'!F9:F12)/SUM('Valores Correntes'!$R9:$R12) -> 0.067942655 | AM10: =SUM('Valores Correntes'!G9:G12)/SUM('Valores Correntes'!$R9:$R12) -> 0.22594148 | AN10: =SUM('Valores Correntes'!H9:H12)/SUM('Valores Correntes'!$R9:$R12) -> 0.069090621 | AO10: =SUM('Valores Correntes'!I9:I12)/SUM('Valores Correntes'!$R9:$R12) -> 0.030492302 | ... AW10: =SUM('Valores Correntes'!Q9:Q12)/SUM('Valores Correntes'!$R9:$R12) -> 0.12115093 | AY10: 1997.IV
B11: 1998.I | C11: =SUM('Valores Correntes'!S10:S13)/SUM('Valores Correntes'!$R10:$R13) -> 0.65151087 | D11: =SUM('Valores Correntes'!T10:T13)/SUM('Valores Correntes'!$R10:$R13) -> 0.19702054 | E11: =F11+G11 -> 0.17653732 | F11: =SUM('Valores Correntes'!U10:U13)/SUM('Valores Correntes'!$R10:$R13) -> 0.19094704 | G11: =SUM('Valores Correntes'!V10:V13)/SUM('Valores Correntes'!$R10:$R13) -> -0.014409728 | H11: =SUM('Valores Correntes'!W10:W13)/SUM('Valores Correntes'!$R10:$R13) -> 0.071672729 | I11: =SUM('Valores Correntes'!X10:X13)/SUM('Valores Correntes'!$R10:$R13) -> 0.096741457 | J11: =(SUM('Valores Correntes'!W10:W13)-SUM('Valores Correntes'!X10:X13))/SUM('Valores Correntes'!R10:R13) -> -0.025068727 | K11: =SUM('Valores Correntes'!R10:R13)/SUM('Valores Correntes'!R6:R9)-1 -> 0.095093314 | L11: =B11 -> 1998.I | M11: =(N11+O11+P11+Q11+T11) -> 0.095093314 | N11: =C7*(SUM('Valores Correntes'!S10:S13)/SUM('Valores Correntes'!S6:S9)-1) -> 0.058827455 | O11: =D7*(SUM('Valores Correntes'!T10:T13)/SUM('Valores Correntes'!T6:T9)-1) -> 0.017582388 | P11: =F7*(SUM('Valores Correntes'!U10:U13)/SUM('Valores Correntes'!U6:U9)-1) -> 0.020731514 | Q11: =G7*(SUM('Valores Correntes'!V10:V13)/SUM('Valores Correntes'!V6:V9)-1) -> 0.00019770665 | R11: =H7*(SUM('Valores Correntes'!W10:W13)/SUM('Valores Correntes'!W6:W9)-1) -> 0.012485255 | S11: =I7*(SUM('Valores Correntes'!X10:X13)/SUM('Valores Correntes'!X6:X9)-1) -> 0.014731005 | T11: =((SUM('Valores Correntes'!W10:W13)-SUM('Valores Correntes'!X10:X13))/(SUM('Valores Correntes'!W6:W9)-SUM('Valores Correntes'!X6:X9))-1)*J7 -> -0.0022457504 | U11: 0.2803 | W11: 1998.I | X11: =SUM('Valores Correntes'!S10:S13)/SUM('Valores Correntes'!$R10:$R13) -> 0.65151087 | Y11: =SUM('Valores Correntes'!T10:T13)/SUM('Valores Correntes'!$R10:$R13) -> 0.19702054 | Z11: =AA11+AB11 -> 0.17653732 | AA11: =SUM('Valores Correntes'!U10:U13)/SUM('Valores Correntes'!$R10:$R13) -> 0.19094704 | AB11: =SUM('Valores Correntes'!V10:V13)/SUM('Valores Correntes'!$R10:$R13) -> -0.014409728 | AC11: =SUM('Valores Correntes'!W10:W13)/SUM('Valores Correntes'!$R10:$R13) -> 0.071672729 | AD11: =SUM('Valores Correntes'!X10:X13)/SUM('Valores Correntes'!$R10:$R13) -> 0.096741457 | AE11: =(SUM('Valores Correntes'!W10:W13)-SUM('Valores Correntes'!X10:X13))/SUM('Valores Correntes'!R10:R13) -> -0.025068727 | AG11: 1998.I | AH11: =SUM('Valores Correntes'!B10:B13)/SUM('Valores Correntes'!$R10:$R13) -> 0.045564136 | AI11: =SUM('Valores Correntes'!C10:C13)/SUM('Valores Correntes'!$R10:$R13) -> 0.0061015395 | AJ11: =SUM('Valores Correntes'!D10:D13)/SUM('Valores Correntes'!$R10:$R13) -> 0.12760859 | AK11: =SUM('Valores Correntes'!E10:E13)/SUM('Valores Correntes'!$R10:$R13) -> 0.02271415 | AL11: =SUM('Valores Correntes'!F10:F13)/SUM('Valores Correntes'!$R10:$R13) -> 0.069141294 | AM11: =SUM('Valores Correntes'!G10:G13)/SUM('Valores Correntes'!$R10:$R13) -> 0.22556557 | AN11: =SUM('Valores Correntes'!H10:H13)/SUM('Valores Correntes'!$R10:$R13) -> 0.068054284 | AO11: =SUM('Valores Correntes'!I10:I13)/SUM('Valores Correntes'!$R10:$R13) -> 0.030699345 | ... AW11: =SUM('Valores Correntes'!Q10:Q13)/SUM('Valores Correntes'!$R10:$R13) -> 0.12141707 | AY11: 1998.I
B12: 1998.II | C12: =SUM('Valores Correntes'!S11:S14)/SUM('Valores Correntes'!$R11:$R14) -> 0.64375413 | D12: =SUM('Valores Correntes'!T11:T14)/SUM('Valores Correntes'!$R11:$R14) -> 0.19709092 | E12: =F12+G12 -> 0.18264964 | F12: =SUM('Valores Correntes'!U11:U14)/SUM('Valores Correntes'!$R11:$R14) -> 0.18948206 | G12: =SUM('Valores Correntes'!V11:V14)/SUM('Valores Correntes'!$R11:$R14) -> -0.0068324245 | H12: =SUM('Valores Correntes'!W11:W14)/SUM('Valores Correntes'!$R11:$R14) -> 0.071710927 | I12: =SUM('Valores Correntes'!X11:X14)/SUM('Valores Correntes'!$R11:$R14) -> 0.095205612 | J12: =(SUM('Valores Correntes'!W11:W14)-SUM('Valores Correntes'!X11:X14))/SUM('Valores Correntes'!R11:R14) -> -0.023494686 | K12: =SUM('Valores Correntes'!R11:R14)/SUM('Valores Correntes'!R7:R10)-1 -> 0.08203335 | L12: =B12 -> 1998.II | M12: =(N12+O12+P12+Q12+T12) -> 0.08203335 | N12: =C8*(SUM('Valores Correntes'!S11:S14)/SUM('Valores Correntes'!S7:S10)-1) -> 0.03817553 | O12: =D8*(SUM('Valores Correntes'!T11:T14)/SUM('Valores Correntes'!T7:T10)-1) -> 0.014145705 | P12: =F8*(SUM('Valores Correntes'!U11:U14)/SUM('Valores Correntes'!U7:U10)-1) -> 0.014969486 | Q12: =G8*(SUM('Valores Correntes'!V11:V14)/SUM('Valores Correntes'!V7:V10)-1) -> 0.013247363 | R12: =H8*(SUM('Valores Correntes'!W11:W14)/SUM('Valores Correntes'!W7:W10)-1) -> 0.01054001 | S12: =I8*(SUM('Valores Correntes'!X11:X14)/SUM('Valores Correntes'!X7:X10)-1) -> 0.0090447441 | T12: =((SUM('Valores Correntes'!W11:W14)-SUM('Valores Correntes'!X11:X14))/(SUM('Valores Correntes'!W7:W10)-SUM('Valores Correntes'!X7:X10))-1)*J8 -> 0.0014952658 | U12: 0.2094 | W12: 1998.II | X12: =SUM('Valores Correntes'!S11:S14)/SUM('Valores Correntes'!$R11:$R14) -> 0.64375413 | Y12: =SUM('Valores Correntes'!T11:T14)/SUM('Valores Correntes'!$R11:$R14) -> 0.19709092 | Z12: =AA12+AB12 -> 0.18264964 | AA12: =SUM('Valores Correntes'!U11:U14)/SUM('Valores Correntes'!$R11:$R14) -> 0.18948206 | AB12: =SUM('Valores Correntes'!V11:V14)/SUM('Valores Correntes'!$R11:$R14) -> -0.0068324245 | AC12: =SUM('Valores Correntes'!W11:W14)/SUM('Valores Correntes'!$R11:$R14) -> 0.071710927 | AD12: =SUM('Valores Correntes'!X11:X14)/SUM('Valores Correntes'!$R11:$R14) -> 0.095205612 | AE12: =(SUM('Valores Correntes'!W11:W14)-SUM('Valores Correntes'!X11:X14))/SUM('Valores Correntes'!R11:R14) -> -0.023494686 | AG12: 1998.II | AH12: =SUM('Valores Correntes'!B11:B14)/SUM('Valores Correntes'!$R11:$R14) -> 0.047294133 | AI12: =SUM('Valores Correntes'!C11:C14)/SUM('Valores Correntes'!$R11:$R14) -> 0.0056551117 | AJ12: =SUM('Valores Correntes'!D11:D14)/SUM('Valores Correntes'!$R11:$R14) -> 0.1249272 | AK12: =SUM('Valores Correntes'!E11:E14)/SUM('Valores Correntes'!$R11:$R14) -> 0.023478607 | AL12: =SUM('Valores Correntes'!F11:F14)/SUM('Valores Correntes'!$R11:$R14) -> 0.069936017 | AM12: =SUM('Valores Correntes'!G11:G14)/SUM('Valores Correntes'!$R11:$R14) -> 0.22399694 | AN12: =SUM('Valores Correntes'!H11:H14)/SUM('Valores Correntes'!$R11:$R14) -> 0.067466275 | AO12: =SUM('Valores Correntes'!I11:I14)/SUM('Valores Correntes'!$R11:$R14) -> 0.030622883 | ... AW12: =SUM('Valores Correntes'!Q11:Q14)/SUM('Valores Correntes'!$R11:$R14) -> 0.12129999 | AY12: 1998.II
B13: 1998.III | C13: =SUM('Valores Correntes'!S12:S15)/SUM('Valores Correntes'!$R12:$R15) -> 0.64196487 | D13: =SUM('Valores Correntes'!T12:T15)/SUM('Valores Correntes'!$R12:$R15) -> 0.1987625 | E13: =F13+G13 -> 0.18242616 | F13: =SUM('Valores Correntes'!U12:U15)/SUM('Valores Correntes'!$R12:$R15) -> 0.187582 | G13: =SUM('Valores Correntes'!V12:V15)/SUM('Valores Correntes'!$R12:$R15) -> -0.0051558441 | H13: =SUM('Valores Correntes'!W12:W15)/SUM('Valores Correntes'!$R12:$R15) -> 0.071117074 | I13: =SUM('Valores Correntes'!X12:X15)/SUM('Valores Correntes'!$R12:$R15) -> 0.094270597 | J13: =(SUM('Valores Correntes'!W12:W15)-SUM('Valores Correntes'!X12:X15))/SUM('Valores Correntes'!R12:R15) -> -0.023153523 | K13: =SUM('Valores Correntes'!R12:R15)/SUM('Valores Correntes'!R8:R11)-1 -> 0.066221305 | L13: =B13 -> 1998.III | M13: =(N13+O13+P13+Q13+T13) -> 0.066221305 | N13: =C9*(SUM('Valores Correntes'!S12:S15)/SUM('Valores Correntes'!S8:S11)-1) -> 0.02747518 | O13: =D9*(SUM('Valores Correntes'!T12:T15)/SUM('Valores Correntes'!T8:T11)-1) -> 0.013762706 | P13: =F9*(SUM('Valores Correntes'!U12:U15)/SUM('Valores Correntes'!U8:U11)-1) -> 0.0086869456 | Q13: =G9*(SUM('Valores Correntes'!V12:V15)/SUM('Valores Correntes'!V8:V11)-1) -> 0.013413581 | R13: =H9*(SUM('Valores Correntes'!W12:W15)/SUM('Valores Correntes'!W8:W11)-1) -> 0.0073711093 | S13: =I9*(SUM('Valores Correntes'!X12:X15)/SUM('Valores Correntes'!X8:X11)-1) -> 0.0044882169 | T13: =((SUM('Valores Correntes'!W12:W15)-SUM('Valores Correntes'!X12:X15))/(SUM('Valores Correntes'!W8:W11)-SUM('Valores Correntes'!X8:X11))-1)*J9 -> 0.0028828924 | U13: 0.3437 | W13: 1998.III | X13: =SUM('Valores Correntes'!S12:S15)/SUM('Valores Correntes'!$R12:$R15) -> 0.64196487 | Y13: =SUM('Valores Correntes'!T12:T15)/SUM('Valores Correntes'!$R12:$R15) -> 0.1987625 | Z13: =AA13+AB13 -> 0.18242616 | AA13: =SUM('Valores Correntes'!U12:U15)/SUM('Valores Correntes'!$R12:$R15) -> 0.187582 | AB13: =SUM('Valores Correntes'!V12:V15)/SUM('Valores Correntes'!$R12:$R15) -> -0.0051558441 | AC13: =SUM('Valores Correntes'!W12:W15)/SUM('Valores Correntes'!$R12:$R15) -> 0.071117074 | AD13: =SUM('Valores Correntes'!X12:X15)/SUM('Valores Correntes'!$R12:$R15) -> 0.094270597 | AE13: =(SUM('Valores Correntes'!W12:W15)-SUM('Valores Correntes'!X12:X15))/SUM('Valores Correntes'!R12:R15) -> -0.023153523 | AG13: 1998.III | AH13: =SUM('Valores Correntes'!B12:B15)/SUM('Valores Correntes'!$R12:$R15) -> 0.049005087 | AI13: =SUM('Valores Correntes'!C12:C15)/SUM('Valores Correntes'!$R12:$R15) -> 0.0055175111 | AJ13: =SUM('Valores Correntes'!D12:D15)/SUM('Valores Correntes'!$R12:$R15) -> 0.12286278 | AK13: =SUM('Valores Correntes'!E12:E15)/SUM('Valores Correntes'!$R12:$R15) -> 0.024061672 | AL13: =SUM('Valores Correntes'!F12:F15)/SUM('Valores Correntes'!$R12:$R15) -> 0.069919112 | AM13: =SUM('Valores Correntes'!G12:G15)/SUM('Valores Correntes'!$R12:$R15) -> 0.22236108 | AN13: =SUM('Valores Correntes'!H12:H15)/SUM('Valores Correntes'!$R12:$R15) -> 0.0667099 | AO13: =SUM('Valores Correntes'!I12:I15)/SUM('Valores Correntes'!$R12:$R15) -> 0.030191867 | ... AW13: =SUM('Valores Correntes'!Q12:Q15)/SUM('Valores Correntes'!$R12:$R15) -> 0.12033208 | AY13: 1998.III
B14: 1998.IV | C14: =SUM('Valores Correntes'!S13:S16)/SUM('Valores Correntes'!$R13:$R16) -> 0.64142301 | D14: =SUM('Valores Correntes'!T13:T16)/SUM('Valores Correntes'!$R13:$R16) -> 0.20070532 | E14: =F14+G14 -> 0.18164752 | F14: =SUM('Valores Correntes'!U13:U16)/SUM('Valores Correntes'!$R13:$R16) -> 0.18542348 | G14: =SUM('Valores Correntes'!V13:V16)/SUM('Valores Correntes'!$R13:$R16) -> -0.0037759658 | H14: =SUM('Valores Correntes'!W13:W16)/SUM('Valores Correntes'!$R13:$R16) -> 0.070305003 | I14: =SUM('Valores Correntes'!X13:X16)/SUM('Valores Correntes'!$R13:$R16) -> 0.094080846 | J14: =(SUM('Valores Correntes'!W13:W16)-SUM('Valores Correntes'!X13:X16))/SUM('Valores Correntes'!R13:R16) -> -0.023775843 | K14: =SUM('Valores Correntes'!R13:R16)/SUM('Valores Correntes'!R9:R12)-1 -> 0.052791087 | L14: =B14 -> 1998.IV | M14: =(N14+O14+P14+Q14+T14) -> 0.052791087 | N14: =C10*(SUM('Valores Correntes'!S13:S16)/SUM('Valores Correntes'!S9:S12)-1) -> 0.022188128 | O14: =D10*(SUM('Valores Correntes'!T13:T16)/SUM('Valores Correntes'!T9:T12)-1) -> 0.01594782 | P14: =F10*(SUM('Valores Correntes'!U13:U16)/SUM('Valores Correntes'!U9:U12)-1) -> 0.003983181 | Q14: =G10*(SUM('Valores Correntes'!V13:V16)/SUM('Valores Correntes'!V9:V12)-1) -> 0.0096138519 | R14: =H10*(SUM('Valores Correntes'!W13:W16)/SUM('Valores Correntes'!W9:W12)-1) -> 0.0041799851 | S14: =I10*(SUM('Valores Correntes'!X13:X16)/SUM('Valores Correntes'!X9:X12)-1) -> 0.0031218792 | T14: =((SUM('Valores Correntes'!W13:W16)-SUM('Valores Correntes'!X13:X16))/(SUM('Valores Correntes'!W9:W12)-SUM('Valores Correntes'!X9:X12))-1)*J10 -> 0.0010581059 | U14: 0.3089 | W14: 1998.IV | X14: =SUM('Valores Correntes'!S13:S16)/SUM('Valores Correntes'!$R13:$R16) -> 0.64142301 | Y14: =SUM('Valores Correntes'!T13:T16)/SUM('Valores Correntes'!$R13:$R16) -> 0.20070532 | Z14: =AA14+AB14 -> 0.18164752 | AA14: =SUM('Valores Correntes'!U13:U16)/SUM('Valores Correntes'!$R13:$R16) -> 0.18542348 | AB14: =SUM('Valores Correntes'!V13:V16)/SUM('Valores Correntes'!$R13:$R16) -> -0.0037759658 | AC14: =SUM('Valores Correntes'!W13:W16)/SUM('Valores Correntes'!$R13:$R16) -> 0.070305003 | AD14: =SUM('Valores Correntes'!X13:X16)/SUM('Valores Correntes'!$R13:$R16) -> 0.094080846 | AE14: =(SUM('Valores Correntes'!W13:W16)-SUM('Valores Correntes'!X13:X16))/SUM('Valores Correntes'!R13:R16) -> -0.023775843 | AG14: 1998.IV | AH14: =SUM('Valores Correntes'!B13:B16)/SUM('Valores Correntes'!$R13:$R16) -> 0.047500448 | AI14: =SUM('Valores Correntes'!C13:C16)/SUM('Valores Correntes'!$R13:$R16) -> 0.0054791783 | AJ14: =SUM('Valores Correntes'!D13:D16)/SUM('Valores Correntes'!$R13:$R16) -> 0.12155137 | AK14: =SUM('Valores Correntes'!E13:E16)/SUM('Valores Correntes'!$R13:$R16) -> 0.024613541 | AL14: =SUM('Valores Correntes'!F13:F16)/SUM('Valores Correntes'!$R13:$R16) -> 0.069543813 | AM14: =SUM('Valores Correntes'!G13:G16)/SUM('Valores Correntes'!$R13:$R16) -> 0.2211879 | AN14: =SUM('Valores Correntes'!H13:H16)/SUM('Valores Correntes'!$R13:$R16) -> 0.065781033 | AO14: =SUM('Valores Correntes'!I13:I16)/SUM('Valores Correntes'!$R13:$R16) -> 0.028991405 | ... AW14: =SUM('Valores Correntes'!Q13:Q16)/SUM('Valores Correntes'!$R13:$R16) -> 0.12012572 | AY14: 1998.IV
B15: 1999.I | C15: =SUM('Valores Correntes'!S14:S17)/SUM('Valores Correntes'!$R14:$R17) -> 0.63964323 | D15: =SUM('Valores Correntes'!T14:T17)/SUM('Valores Correntes'!$R14:$R17) -> 0.19958968 | E15: =F15+G15 -> 0.18230374 | F15: =SUM('Valores Correntes'!U14:U17)/SUM('Valores Correntes'!$R14:$R17) -> 0.18124635 | G15: =SUM('Valores Correntes'!V14:V17)/SUM('Valores Correntes'!$R14:$R17) -> 0.0010573911 | H15: =SUM('Valores Correntes'!W14:W17)/SUM('Valores Correntes'!$R14:$R17) -> 0.075222091 | I15: =SUM('Valores Correntes'!X14:X17)/SUM('Valores Correntes'!$R14:$R17) -> 0.096758734 | J15: =(SUM('Valores Correntes'!W14:W17)-SUM('Valores Correntes'!X14:X17))/SUM('Valores Correntes'!R14:R17) -> -0.021536643 | K15: =SUM('Valores Correntes'!R14:R17)/SUM('Valores Correntes'!R10:R13)-1 -> 0.050218671 | L15: =B15 -> 1999.I | M15: =(N15+O15+P15+Q15+T15) -> 0.050218671 | N15: =C11*(SUM('Valores Correntes'!S14:S17)/SUM('Valores Correntes'!S10:S13)-1) -> 0.020254385 | O15: =D11*(SUM('Valores Correntes'!T14:T17)/SUM('Valores Correntes'!T10:T13)-1) -> 0.012592272 | P15: =F11*(SUM('Valores Correntes'!U14:U17)/SUM('Valores Correntes'!U10:U13)-1) -> -0.00059874827 | Q15: =G11*(SUM('Valores Correntes'!V14:V17)/SUM('Valores Correntes'!V10:V13)-1) -> 0.01552022 | R15: =H11*(SUM('Valores Correntes'!W14:W17)/SUM('Valores Correntes'!W10:W13)-1) -> 0.0073269152 | S15: =I11*(SUM('Valores Correntes'!X14:X17)/SUM('Valores Correntes'!X10:X13)-1) -> 0.0048763724 | T15: =((SUM('Valores Correntes'!W14:W17)-SUM('Valores Correntes'!X14:X17))/(SUM('Valores Correntes'!W10:W13)-SUM('Valores Correntes'!X10:X13))-1)*J11 -> 0.0024505428 | U15: 0.425 | W15: 1999.I | X15: =SUM('Valores Correntes'!S14:S17)/SUM('Valores Correntes'!$R14:$R17) -> 0.63964323 | Y15: =SUM('Valores Correntes'!T14:T17)/SUM('Valores Correntes'!$R14:$R17) -> 0.19958968 | Z15: =AA15+AB15 -> 0.18230374 | AA15: =SUM('Valores Correntes'!U14:U17)/SUM('Valores Correntes'!$R14:$R17) -> 0.18124635 | AB15: =SUM('Valores Correntes'!V14:V17)/SUM('Valores Correntes'!$R14:$R17) -> 0.0010573911 | AC15: =SUM('Valores Correntes'!W14:W17)/SUM('Valores Correntes'!$R14:$R17) -> 0.075222091 | AD15: =SUM('Valores Correntes'!X14:X17)/SUM('Valores Correntes'!$R14:$R17) -> 0.096758734 | AE15: =(SUM('Valores Correntes'!W14:W17)-SUM('Valores Correntes'!X14:X17))/SUM('Valores Correntes'!R14:R17) -> -0.021536643 | AG15: 1999.I | AH15: =SUM('Valores Correntes'!B14:B17)/SUM('Valores Correntes'!$R14:$R17) -> 0.04908342 | AI15: =SUM('Valores Correntes'!C14:C17)/SUM('Valores Correntes'!$R14:$R17) -> 0.0055725445 | AJ15: =SUM('Valores Correntes'!D14:D17)/SUM('Valores Correntes'!$R14:$R17) -> 0.11868423 | AK15: =SUM('Valores Correntes'!E14:E17)/SUM('Valores Correntes'!$R14:$R17) -> 0.024528022 | AL15: =SUM('Valores Correntes'!F14:F17)/SUM('Valores Correntes'!$R14:$R17) -> 0.067722928 | AM15: =SUM('Valores Correntes'!G14:G17)/SUM('Valores Correntes'!$R14:$R17) -> 0.21650772 | AN15: =SUM('Valores Correntes'!H14:H17)/SUM('Valores Correntes'!$R14:$R17) -> 0.065237849 | AO15: =SUM('Valores Correntes'!I14:I17)/SUM('Valores Correntes'!$R14:$R17) -> 0.029298022 | ... AW15: =SUM('Valores Correntes'!Q14:Q17)/SUM('Valores Correntes'!$R14:$R17) -> 0.12300617 | AY15: 1999.I
B16: 1999.II | C16: =SUM('Valores Correntes'!S15:S18)/SUM('Valores Correntes'!$R15:$R18) -> 0.63996173 | D16: =SUM('Valores Correntes'!T15:T18)/SUM('Valores Correntes'!$R15:$R18) -> 0.1987138 | E16: =F16+G16 -> 0.18268762 | F16: =SUM('Valores Correntes'!U15:U18)/SUM('Valores Correntes'!$R15:$R18) -> 0.17712011 | G16: =SUM('Valores Correntes'!V15:V18)/SUM('Valores Correntes'!$R15:$R18) -> 0.0055675129 | H16: =SUM('Valores Correntes'!W15:W18)/SUM('Valores Correntes'!$R15:$R18) -> 0.079729869 | I16: =SUM('Valores Correntes'!X15:X18)/SUM('Valores Correntes'!$R15:$R18) -> 0.10109303 | J16: =(SUM('Valores Correntes'!W15:W18)-SUM('Valores Correntes'!X15:X18))/SUM('Valores Correntes'!R15:R18) -> -0.021363156 | K16: =SUM('Valores Correntes'!R15:R18)/SUM('Valores Correntes'!R11:R14)-1 -> 0.046948749 | L16: =B16 -> 1999.II | M16: =(N16+O16+P16+Q16+T16) -> 0.046948749 | N16: =C12*(SUM('Valores Correntes'!S15:S18)/SUM('Valores Correntes'!S11:S14)-1) -> 0.026252997 | O16: =D12*(SUM('Valores Correntes'!T15:T18)/SUM('Valores Correntes'!T11:T14)-1) -> 0.010952252 | P16: =F12*(SUM('Valores Correntes'!U15:U18)/SUM('Valores Correntes'!U11:U14)-1) -> -0.0040463817 | Q16: =G12*(SUM('Valores Correntes'!V15:V18)/SUM('Valores Correntes'!V11:V14)-1) -> 0.012661325 | R16: =H12*(SUM('Valores Correntes'!W15:W18)/SUM('Valores Correntes'!W11:W14)-1) -> 0.01176216 | S16: =I12*(SUM('Valores Correntes'!X15:X18)/SUM('Valores Correntes'!X11:X14)-1) -> 0.010633604 | T16: =((SUM('Valores Correntes'!W15:W18)-SUM('Valores Correntes'!X15:X18))/(SUM('Valores Correntes'!W11:W14)-SUM('Valores Correntes'!X11:X14))-1)*J12 -> 0.0011285565 | U16: 0.2148 | W16: 1999.II | X16: =SUM('Valores Correntes'!S15:S18)/SUM('Valores Correntes'!$R15:$R18) -> 0.63996173 | Y16: =SUM('Valores Correntes'!T15:T18)/SUM('Valores Correntes'!$R15:$R18) -> 0.1987138 | Z16: =AA16+AB16 -> 0.18268762 | AA16: =SUM('Valores Correntes'!U15:U18)/SUM('Valores Correntes'!$R15:$R18) -> 0.17712011 | AB16: =SUM('Valores Correntes'!V15:V18)/SUM('Valores Correntes'!$R15:$R18) -> 0.0055675129 | AC16: =SUM('Valores Correntes'!W15:W18)/SUM('Valores Correntes'!$R15:$R18) -> 0.079729869 | AD16: =SUM('Valores Correntes'!X15:X18)/SUM('Valores Correntes'!$R15:$R18) -> 0.10109303 | AE16: =(SUM('Valores Correntes'!W15:W18)-SUM('Valores Correntes'!X15:X18))/SUM('Valores Correntes'!R15:R18) -> -0.021363156 | AG16: 1999.II | AH16: =SUM('Valores Correntes'!B15:B18)/SUM('Valores Correntes'!$R15:$R18) -> 0.04759643 | AI16: =SUM('Valores Correntes'!C15:C18)/SUM('Valores Correntes'!$R15:$R18) -> 0.0059076224 | AJ16: =SUM('Valores Correntes'!D15:D18)/SUM('Valores Correntes'!$R15:$R18) -> 0.12074363 | AK16: =SUM('Valores Correntes'!E15:E18)/SUM('Valores Correntes'!$R15:$R18) -> 0.024647976 | AL16: =SUM('Valores Correntes'!F15:F18)/SUM('Valores Correntes'!$R15:$R18) -> 0.065656799 | AM16: =SUM('Valores Correntes'!G15:G18)/SUM('Valores Correntes'!$R15:$R18) -> 0.21695603 | AN16: =SUM('Valores Correntes'!H15:H18)/SUM('Valores Correntes'!$R15:$R18) -> 0.064846716 | AO16: =SUM('Valores Correntes'!I15:I18)/SUM('Valores Correntes'!$R15:$R18) -> 0.02839574 | ... AW16: =SUM('Valores Correntes'!Q15:Q18)/SUM('Valores Correntes'!$R15:$R18) -> 0.12571432 | AY16: 1999.II
B17: 1999.III | C17: =SUM('Valores Correntes'!S16:S19)/SUM('Valores Correntes'!$R16:$R19) -> 0.64479149 | D17: =SUM('Valores Correntes'!T16:T19)/SUM('Valores Correntes'!$R16:$R19) -> 0.19957942 | E17: =F17+G17 -> 0.17546971 | F17: =SUM('Valores Correntes'!U16:U19)/SUM('Valores Correntes'!$R16:$R19) -> 0.1732147 | G17: =SUM('Valores Correntes'!V16:V19)/SUM('Valores Correntes'!$R16:$R19) -> 0.0022550133 | H17: =SUM('Valores Correntes'!W16:W19)/SUM('Valores Correntes'!$R16:$R19) -> 0.08694598 | I17: =SUM('Valores Correntes'!X16:X19)/SUM('Valores Correntes'!$R16:$R19) -> 0.1067866 | J17: =(SUM('Valores Correntes'!W16:W19)-SUM('Valores Correntes'!X16:X19))/SUM('Valores Correntes'!R16:R19) -> -0.019840624 | K17: =SUM('Valores Correntes'!R16:R19)/SUM('Valores Correntes'!R12:R15)-1 -> 0.0506107 | L17: =B17 -> 1999.III | M17: =(N17+O17+P17+Q17+T17) -> 0.0506107 | N17: =C13*(SUM('Valores Correntes'!S16:S19)/SUM('Valores Correntes'!S12:S15)-1) -> 0.035459972 | O17: =D13*(SUM('Valores Correntes'!T16:T19)/SUM('Valores Correntes'!T12:T15)-1) -> 0.01091778 | P17: =F13*(SUM('Valores Correntes'!U16:U19)/SUM('Valores Correntes'!U12:U15)-1) -> -0.0056007884 | Q17: =G13*(SUM('Valores Correntes'!V16:V19)/SUM('Valores Correntes'!V12:V15)-1) -> 0.0075249852 | R17: =H13*(SUM('Valores Correntes'!W16:W19)/SUM('Valores Correntes'!W12:W15)-1) -> 0.020229303 | S17: =I13*(SUM('Valores Correntes'!X16:X19)/SUM('Valores Correntes'!X12:X15)-1) -> 0.017920552 | T17: =((SUM('Valores Correntes'!W16:W19)-SUM('Valores Correntes'!X16:X19))/(SUM('Valores Correntes'!W12:W15)-SUM('Valores Correntes'!X12:X15))-1)*J13 -> 0.002308751 | U17: 0.1911 | W17: 1999.III | X17: =SUM('Valores Correntes'!S16:S19)/SUM('Valores Correntes'!$R16:$R19) -> 0.64479149 | Y17: =SUM('Valores Correntes'!T16:T19)/SUM('Valores Correntes'!$R16:$R19) -> 0.19957942 | Z17: =AA17+AB17 -> 0.17546971 | AA17: =SUM('Valores Correntes'!U16:U19)/SUM('Valores Correntes'!$R16:$R19) -> 0.1732147 | AB17: =SUM('Valores Correntes'!V16:V19)/SUM('Valores Correntes'!$R16:$R19) -> 0.0022550133 | AC17: =SUM('Valores Correntes'!W16:W19)/SUM('Valores Correntes'!$R16:$R19) -> 0.08694598 | AD17: =SUM('Valores Correntes'!X16:X19)/SUM('Valores Correntes'!$R16:$R19) -> 0.1067866 | AE17: =(SUM('Valores Correntes'!W16:W19)-SUM('Valores Correntes'!X16:X19))/SUM('Valores Correntes'!R16:R19) -> -0.019840624 | AG17: 1999.III | AH17: =SUM('Valores Correntes'!B16:B19)/SUM('Valores Correntes'!$R16:$R19) -> 0.045528038 | AI17: =SUM('Valores Correntes'!C16:C19)/SUM('Valores Correntes'!$R16:$R19) -> 0.0066632046 | AJ17: =SUM('Valores Correntes'!D16:D19)/SUM('Valores Correntes'!$R16:$R19) -> 0.12080012 | AK17: =SUM('Valores Correntes'!E16:E19)/SUM('Valores Correntes'!$R16:$R19) -> 0.025373608 | AL17: =SUM('Valores Correntes'!F16:F19)/SUM('Valores Correntes'!$R16:$R19) -> 0.063684988 | AM17: =SUM('Valores Correntes'!G16:G19)/SUM('Valores Correntes'!$R16:$R19) -> 0.21652192 | AN17: =SUM('Valores Correntes'!H16:H19)/SUM('Valores Correntes'!$R16:$R19) -> 0.064601131 | AO17: =SUM('Valores Correntes'!I16:I19)/SUM('Valores Correntes'!$R16:$R19) -> 0.027125236 | ... AW17: =SUM('Valores Correntes'!Q16:Q19)/SUM('Valores Correntes'!$R16:$R19) -> 0.13034288 | AY17: 1999.III
B18: 1999.IV | C18: =SUM('Valores Correntes'!S17:S20)/SUM('Valores Correntes'!$R17:$R20) -> 0.64680119 | D18: =SUM('Valores Correntes'!T17:T20)/SUM('Valores Correntes'!$R17:$R20) -> 0.19782691 | E18: =F18+G18 -> 0.1738956 | F18: =SUM('Valores Correntes'!U17:U20)/SUM('Valores Correntes'!$R17:$R20) -> 0.17016294 | G18: =SUM('Valores Correntes'!V17:V20)/SUM('Valores Correntes'!$R17:$R20) -> 0.0037326552 | H18: =SUM('Valores Correntes'!W17:W20)/SUM('Valores Correntes'!$R17:$R20) -> 0.095648983 | I18: =SUM('Valores Correntes'!X17:X20)/SUM('Valores Correntes'!$R17:$R20) -> 0.11417268 | J18: =(SUM('Valores Correntes'!W17:W20)-SUM('Valores Correntes'!X17:X20))/SUM('Valores Correntes'!R17:R20) -> -0.0185237 | K18: =SUM('Valores Correntes'!R17:R20)/SUM('Valores Correntes'!R13:R16)-1 -> 0.085159226 | L18: =B18 -> 1999.IV | M18: =(N18+O18+P18+Q18+T18) -> 0.085159226 | N18: =C14*(SUM('Valores Correntes'!S17:S20)/SUM('Valores Correntes'!S13:S16)-1) -> 0.060459276 | O18: =D14*(SUM('Valores Correntes'!T17:T20)/SUM('Valores Correntes'!T13:T16)-1) -> 0.013968378 | P18: =F14*(SUM('Valores Correntes'!U17:U20)/SUM('Valores Correntes'!U13:U16)-1) -> -0.00076959838 | Q18: =G14*(SUM('Valores Correntes'!V17:V20)/SUM('Valores Correntes'!V13:V16)-1) -> 0.0078264911 | R18: =H14*(SUM('Valores Correntes'!W17:W20)/SUM('Valores Correntes'!W13:W16)-1) -> 0.033489373 | S18: =I14*(SUM('Valores Correntes'!X17:X20)/SUM('Valores Correntes'!X13:X16)-1) -> 0.029814693 | T18: =((SUM('Valores Correntes'!W17:W20)-SUM('Valores Correntes'!X17:X20))/(SUM('Valores Correntes'!W13:W16)-SUM('Valores Correntes'!X13:X16))-1)*J14 -> 0.0036746791 | U18: 0.1877 | W18: 1999.IV | X18: =SUM('Valores Correntes'!S17:S20)/SUM('Valores Correntes'!$R17:$R20) -> 0.64680119 | Y18: =SUM('Valores Correntes'!T17:T20)/SUM('Valores Correntes'!$R17:$R20) -> 0.19782691 | Z18: =AA18+AB18 -> 0.1738956 | AA18: =SUM('Valores Correntes'!U17:U20)/SUM('Valores Correntes'!$R17:$R20) -> 0.17016294 | AB18: =SUM('Valores Correntes'!V17:V20)/SUM('Valores Correntes'!$R17:$R20) -> 0.0037326552 | AC18: =SUM('Valores Correntes'!W17:W20)/SUM('Valores Correntes'!$R17:$R20) -> 0.095648983 | AD18: =SUM('Valores Correntes'!X17:X20)/SUM('Valores Correntes'!$R17:$R20) -> 0.11417268 | AE18: =(SUM('Valores Correntes'!W17:W20)-SUM('Valores Correntes'!X17:X20))/SUM('Valores Correntes'!R17:R20) -> -0.0185237 | AG18: 1999.IV | AH18: =SUM('Valores Correntes'!B17:B20)/SUM('Valores Correntes'!$R17:$R20) -> 0.046459815 | AI18: =SUM('Valores Correntes'!C17:C20)/SUM('Valores Correntes'!$R17:$R20) -> 0.0073241835 | AJ18: =SUM('Valores Correntes'!D17:D20)/SUM('Valores Correntes'!$R17:$R20) -> 0.12308533 | AK18: =SUM('Valores Correntes'!E17:E20)/SUM('Valores Correntes'!$R17:$R20) -> 0.0255521 | AL18: =SUM('Valores Correntes'!F17:F20)/SUM('Valores Correntes'!$R17:$R20) -> 0.061505496 | AM18: =SUM('Valores Correntes'!G17:G20)/SUM('Valores Correntes'!$R17:$R20) -> 0.21746711 | AN18: =SUM('Valores Correntes'!H17:H20)/SUM('Valores Correntes'!$R17:$R20) -> 0.065821071 | AO18: =SUM('Valores Correntes'!I17:I20)/SUM('Valores Correntes'!$R17:$R20) -> 0.027152392 | ... AW18: =SUM('Valores Correntes'!Q17:Q20)/SUM('Valores Correntes'!$R17:$R20) -> 0.13403651 | AY18: 1999.IV
B19: 2000.I | C19: =SUM('Valores Correntes'!S18:S21)/SUM('Valores Correntes'!$R18:$R21) -> 0.64154814 | D19: =SUM('Valores Correntes'!T18:T21)/SUM('Valores Correntes'!$R18:$R21) -> 0.19348086 | E19: =F19+G19 -> 0.18396632 | F19: =SUM('Valores Correntes'!U18:U21)/SUM('Valores Correntes'!$R18:$R21) -> 0.17761202 | G19: =SUM('Valores Correntes'!V18:V21)/SUM('Valores Correntes'!$R18:$R21) -> 0.0063542967 | H19: =SUM('Valores Correntes'!W18:W21)/SUM('Valores Correntes'!$R18:$R21) -> 0.097208129 | I19: =SUM('Valores Correntes'!X18:X21)/SUM('Valores Correntes'!$R18:$R21) -> 0.11620345 | J19: =(SUM('Valores Correntes'!W18:W21)-SUM('Valores Correntes'!X18:X21))/SUM('Valores Correntes'!R18:R21) -> -0.018995319 | K19: =SUM('Valores Correntes'!R18:R21)/SUM('Valores Correntes'!R14:R17)-1 -> 0.095005719 | L19: =B19 -> 2000.I | M19: =(N19+O19+P19+Q19+T19) -> 0.095005719 | N19: =C15*(SUM('Valores Correntes'!S18:S21)/SUM('Valores Correntes'!S14:S17)-1) -> 0.062855657 | O19: =D15*(SUM('Valores Correntes'!T18:T21)/SUM('Valores Correntes'!T14:T17)-1) -> 0.01227297 | P19: =F15*(SUM('Valores Correntes'!U18:U21)/SUM('Valores Correntes'!U14:U17)-1) -> 0.013239832 | Q19: =G15*(SUM('Valores Correntes'!V18:V21)/SUM('Valores Correntes'!V14:V17)-1) -> 0.0059006001 | R19: =H15*(SUM('Valores Correntes'!W18:W21)/SUM('Valores Correntes'!W14:W17)-1) -> 0.031221366 | S19: =I15*(SUM('Valores Correntes'!X18:X21)/SUM('Valores Correntes'!X14:X17)-1) -> 0.030484706 | T19: =((SUM('Valores Correntes'!W18:W21)-SUM('Valores Correntes'!X18:X21))/(SUM('Valores Correntes'!W14:W17)-SUM('Valores Correntes'!X14:X17))-1)*J15 -> 0.0007366597 | U19: 0.187 | W19: 2000.I | X19: =SUM('Valores Correntes'!S18:S21)/SUM('Valores Correntes'!$R18:$R21) -> 0.64154814 | Y19: =SUM('Valores Correntes'!T18:T21)/SUM('Valores Correntes'!$R18:$R21) -> 0.19348086 | Z19: =AA19+AB19 -> 0.18396632 | AA19: =SUM('Valores Correntes'!U18:U21)/SUM('Valores Correntes'!$R18:$R21) -> 0.17761202 | AB19: =SUM('Valores Correntes'!V18:V21)/SUM('Valores Correntes'!$R18:$R21) -> 0.0063542967 | AC19: =SUM('Valores Correntes'!W18:W21)/SUM('Valores Correntes'!$R18:$R21) -> 0.097208129 | AD19: =SUM('Valores Correntes'!X18:X21)/SUM('Valores Correntes'!$R18:$R21) -> 0.11620345 | AE19: =(SUM('Valores Correntes'!W18:W21)-SUM('Valores Correntes'!X18:X21))/SUM('Valores Correntes'!R18:R21) -> -0.018995319 | AG19: 2000.I | AH19: =SUM('Valores Correntes'!B18:B21)/SUM('Valores Correntes'!$R18:$R21) -> 0.047300678 | AI19: =SUM('Valores Correntes'!C18:C21)/SUM('Valores Correntes'!$R18:$R21) -> 0.008404895 | AJ19: =SUM('Valores Correntes'!D18:D21)/SUM('Valores Correntes'!$R18:$R21) -> 0.12740116 | AK19: =SUM('Valores Correntes'!E18:E21)/SUM('Valores Correntes'!$R18:$R21) -> 0.025771192 | AL19: =SUM('Valores Correntes'!F18:F21)/SUM('Valores Correntes'!$R18:$R21) -> 0.060980504 | AM19: =SUM('Valores Correntes'!G18:G21)/SUM('Valores Correntes'!$R18:$R21) -> 0.22255775 | AN19: =SUM('Valores Correntes'!H18:H21)/SUM('Valores Correntes'!$R18:$R21) -> 0.067073435 | AO19: =SUM('Valores Correntes'!I18:I21)/SUM('Valores Correntes'!$R18:$R21) -> 0.027660134 | ... AW19: =SUM('Valores Correntes'!Q18:Q21)/SUM('Valores Correntes'!$R18:$R21) -> 0.13461363 | AY19: 2000.I
B20: 2000.II | C20: =SUM('Valores Correntes'!S19:S22)/SUM('Valores Correntes'!$R19:$R22) -> 0.64532264 | D20: =SUM('Valores Correntes'!T19:T22)/SUM('Valores Correntes'!$R19:$R22) -> 0.19021892 | E20: =F20+G20 -> 0.18346604 | F20: =SUM('Valores Correntes'!U19:U22)/SUM('Valores Correntes'!$R19:$R22) -> 0.17979276 | G20: =SUM('Valores Correntes'!V19:V22)/SUM('Valores Correntes'!$R19:$R22) -> 0.003673276 | H20: =SUM('Valores Correntes'!W19:W22)/SUM('Valores Correntes'!$R19:$R22) -> 0.099993841 | I20: =SUM('Valores Correntes'!X19:X22)/SUM('Valores Correntes'!$R19:$R22) -> 0.11900144 | J20: =(SUM('Valores Correntes'!W19:W22)-SUM('Valores Correntes'!X19:X22))/SUM('Valores Correntes'!R19:R22) -> -0.019007599 | K20: =SUM('Valores Correntes'!R19:R22)/SUM('Valores Correntes'!R15:R18)-1 -> 0.10053041 | L20: =B20 -> 2000.II | M20: =(N20+O20+P20+Q20+T20) -> 0.10053041 | N20: =C16*(SUM('Valores Correntes'!S19:S22)/SUM('Valores Correntes'!S15:S18)-1) -> 0.070235466 | O20: =D16*(SUM('Valores Correntes'!T19:T22)/SUM('Valores Correntes'!T15:T18)-1) -> 0.010627903 | P20: =F16*(SUM('Valores Correntes'!U19:U22)/SUM('Valores Correntes'!U15:U18)-1) -> 0.02074729 | Q20: =G16*(SUM('Valores Correntes'!V19:V22)/SUM('Valores Correntes'!V15:V18)-1) -> -0.001524961 | R20: =H16*(SUM('Valores Correntes'!W19:W22)/SUM('Valores Correntes'!W15:W18)-1) -> 0.030316393 | S20: =I16*(SUM('Valores Correntes'!X19:X22)/SUM('Valores Correntes'!X15:X18)-1) -> 0.029871678 | T20: =((SUM('Valores Correntes'!W19:W22)-SUM('Valores Correntes'!X19:X22))/(SUM('Valores Correntes'!W15:W18)-SUM('Valores Correntes'!X15:X18))-1)*J16 -> 0.00044471521 | U20: 0.1795 | W20: 2000.II | X20: =SUM('Valores Correntes'!S19:S22)/SUM('Valores Correntes'!$R19:$R22) -> 0.64532264 | Y20: =SUM('Valores Correntes'!T19:T22)/SUM('Valores Correntes'!$R19:$R22) -> 0.19021892 | Z20: =AA20+AB20 -> 0.18346604 | AA20: =SUM('Valores Correntes'!U19:U22)/SUM('Valores Correntes'!$R19:$R22) -> 0.17979276 | AB20: =SUM('Valores Correntes'!V19:V22)/SUM('Valores Correntes'!$R19:$R22) -> 0.003673276 | AC20: =SUM('Valores Correntes'!W19:W22)/SUM('Valores Correntes'!$R19:$R22) -> 0.099993841 | AD20: =SUM('Valores Correntes'!X19:X22)/SUM('Valores Correntes'!$R19:$R22) -> 0.11900144 | AE20: =(SUM('Valores Correntes'!W19:W22)-SUM('Valores Correntes'!X19:X22))/SUM('Valores Correntes'!R19:R22) -> -0.019007599 | AG20: 2000.II | AH20: =SUM('Valores Correntes'!B19:B22)/SUM('Valores Correntes'!$R19:$R22) -> 0.047820419 | AI20: =SUM('Valores Correntes'!C19:C22)/SUM('Valores Correntes'!$R19:$R22) -> 0.0093520858 | AJ20: =SUM('Valores Correntes'!D19:D22)/SUM('Valores Correntes'!$R19:$R22) -> 0.12849162 | AK20: =SUM('Valores Correntes'!E19:E22)/SUM('Valores Correntes'!$R19:$R22) -> 0.025985485 | AL20: =SUM('Valores Correntes'!F19:F22)/SUM('Valores Correntes'!$R19:$R22) -> 0.061036659 | AM20: =SUM('Valores Correntes'!G19:G22)/SUM('Valores Correntes'!$R19:$R22) -> 0.22486584 | AN20: =SUM('Valores Correntes'!H19:H22)/SUM('Valores Correntes'!$R19:$R22) -> 0.067776583 | AO20: =SUM('Valores Correntes'!I19:I22)/SUM('Valores Correntes'!$R19:$R22) -> 0.029188726 | ... AW20: =SUM('Valores Correntes'!Q19:Q22)/SUM('Valores Correntes'!$R19:$R22) -> 0.13577601 | AY20: 2000.II
B21: 2000.III | C21: =SUM('Valores Correntes'!S20:S23)/SUM('Valores Correntes'!$R20:$R23) -> 0.64426717 | D21: =SUM('Valores Correntes'!T20:T23)/SUM('Valores Correntes'!$R20:$R23) -> 0.18512888 | E21: =F21+G21 -> 0.18995422 | F21: =SUM('Valores Correntes'!U20:U23)/SUM('Valores Correntes'!$R20:$R23) -> 0.18085343 | G21: =SUM('Valores Correntes'!V20:V23)/SUM('Valores Correntes'!$R20:$R23) -> 0.0091007843 | H21: =SUM('Valores Correntes'!W20:W23)/SUM('Valores Correntes'!$R20:$R23) -> 0.10224879 | I21: =SUM('Valores Correntes'!X20:X23)/SUM('Valores Correntes'!$R20:$R23) -> 0.12159906 | J21: =(SUM('Valores Correntes'!W20:W23)-SUM('Valores Correntes'!X20:X23))/SUM('Valores Correntes'!R20:R23) -> -0.019350269 | K21: =SUM('Valores Correntes'!R20:R23)/SUM('Valores Correntes'!R16:R19)-1 -> 0.11678603 | L21: =B21 -> 2000.III | M21: =(N21+O21+P21+Q21+T21) -> 0.11678603 | N21: =C17*(SUM('Valores Correntes'!S20:S23)/SUM('Valores Correntes'!S16:S19)-1) -> 0.074717084 | O21: =D17*(SUM('Valores Correntes'!T20:T23)/SUM('Valores Correntes'!T16:T19)-1) -> 0.0071699224 | P21: =F17*(SUM('Valores Correntes'!U20:U23)/SUM('Valores Correntes'!U16:U19)-1) -> 0.02875989 | Q21: =G17*(SUM('Valores Correntes'!V20:V23)/SUM('Valores Correntes'!V16:V19)-1) -> 0.0079086155 | R21: =H17*(SUM('Valores Correntes'!W20:W23)/SUM('Valores Correntes'!W16:W19)-1) -> 0.027244036 | S21: =I17*(SUM('Valores Correntes'!X20:X23)/SUM('Valores Correntes'!X16:X19)-1) -> 0.029013522 | T21: =((SUM('Valores Correntes'!W20:W23)-SUM('Valores Correntes'!X20:X23))/(SUM('Valores Correntes'!W16:W19)-SUM('Valores Correntes'!X16:X19))-1)*J17 -> -0.0017694858 | U21: 0.1647 | W21: 2000.III | X21: =SUM('Valores Correntes'!S20:S23)/SUM('Valores Correntes'!$R20:$R23) -> 0.64426717 | Y21: =SUM('Valores Correntes'!T20:T23)/SUM('Valores Correntes'!$R20:$R23) -> 0.18512888 | Z21: =AA21+AB21 -> 0.18995422 | AA21: =SUM('Valores Correntes'!U20:U23)/SUM('Valores Correntes'!$R20:$R23) -> 0.18085343 | AB21: =SUM('Valores Correntes'!V20:V23)/SUM('Valores Correntes'!$R20:$R23) -> 0.0091007843 | AC21: =SUM('Valores Correntes'!W20:W23)/SUM('Valores Correntes'!$R20:$R23) -> 0.10224879 | AD21: =SUM('Valores Correntes'!X20:X23)/SUM('Valores Correntes'!$R20:$R23) -> 0.12159906 | AE21: =(SUM('Valores Correntes'!W20:W23)-SUM('Valores Correntes'!X20:X23))/SUM('Valores Correntes'!R20:R23) -> -0.019350269 | AG21: 2000.III | AH21: =SUM('Valores Correntes'!B20:B23)/SUM('Valores Correntes'!$R20:$R23) -> 0.049337278 | AI21: =SUM('Valores Correntes'!C20:C23)/SUM('Valores Correntes'!$R20:$R23) -> 0.010284307 | AJ21: =SUM('Valores Correntes'!D20:D23)/SUM('Valores Correntes'!$R20:$R23) -> 0.12979682 | AK21: =SUM('Valores Correntes'!E20:E23)/SUM('Valores Correntes'!$R20:$R23) -> 0.026080517 | AL21: =SUM('Valores Correntes'!F20:F23)/SUM('Valores Correntes'!$R20:$R23) -> 0.060516681 | AM21: =SUM('Valores Correntes'!G20:G23)/SUM('Valores Correntes'!$R20:$R23) -> 0.22667833 | AN21: =SUM('Valores Correntes'!H20:H23)/SUM('Valores Correntes'!$R20:$R23) -> 0.069160521 | AO21: =SUM('Valores Correntes'!I20:I23)/SUM('Valores Correntes'!$R20:$R23) -> 0.031068098 | ... AW21: =SUM('Valores Correntes'!Q20:Q23)/SUM('Valores Correntes'!$R20:$R23) -> 0.13755279 | AY21: 2000.III
... B122: 2025.IV | C122: =SUM('Valores Correntes'!S121:S124)/SUM('Valores Correntes'!$R121:$R124) -> 0.63439904 | D122: =SUM('Valores Correntes'!T121:T124)/SUM('Valores Correntes'!$R121:$R124) -> 0.19134136 | E122: =F122+G122 -> 0.17075997 | F122: =SUM('Valores Correntes'!U121:U124)/SUM('Valores Correntes'!$R121:$R124) -> 0.16839025 | G122: =SUM('Valores Correntes'!V121:V124)/SUM('Valores Correntes'!$R121:$R124) -> 0.0023697128 | H122: =SUM('Valores Correntes'!W121:W124)/SUM('Valores Correntes'!$R121:$R124) -> 0.17820723 | I122: =SUM('Valores Correntes'!X121:X124)/SUM('Valores Correntes'!$R121:$R124) -> 0.17470759 | J122: =(SUM('Valores Correntes'!W121:W124)-SUM('Valores Correntes'!X121:X124))/SUM('Valores Correntes'!R121:R124) -> 0.0034996353 | K122: =SUM('Valores Correntes'!R121:R124)/SUM('Valores Correntes'!R117:R120)-1 -> 0.081441092 | L122: =B122 -> 2025.IV | M122: =(N122+O122+P122+Q122+T122) -> 0.081441092 | N122: =C118*(SUM('Valores Correntes'!S121:S124)/SUM('Valores Correntes'!S117:S120)-1) -> 0.046501921 | O122: =D118*(SUM('Valores Correntes'!T121:T124)/SUM('Valores Correntes'!T117:T120)-1) -> 0.019228384 | P122: =F118*(SUM('Valores Correntes'!U121:U124)/SUM('Valores Correntes'!U117:U120)-1) -> 0.013010525 | Q122: =G118*(SUM('Valores Correntes'!V121:V124)/SUM('Valores Correntes'!V117:V120)-1) -> 0.001841962 | R122: =H118*(SUM('Valores Correntes'!W121:W124)/SUM('Valores Correntes'!W117:W120)-1) -> 0.013334826 | S122: =I118*(SUM('Valores Correntes'!X121:X124)/SUM('Valores Correntes'!X117:X120)-1) -> 0.012476526 | T122: =((SUM('Valores Correntes'!W121:W124)-SUM('Valores Correntes'!X121:X124))/(SUM('Valores Correntes'!W117:W120)-SUM('Valores Correntes'!X117:X120))-1)*J118 -> 0.00085830002 | U122: 0.149 | W122: 2025.IV | X122: =SUM('Valores Correntes'!S121:S124)/SUM('Valores Correntes'!$R121:$R124) -> 0.63439904 | Y122: =SUM('Valores Correntes'!T121:T124)/SUM('Valores Correntes'!$R121:$R124) -> 0.19134136 | Z122: =AA122+AB122 -> 0.17075997 | AA122: =SUM('Valores Correntes'!U121:U124)/SUM('Valores Correntes'!$R121:$R124) -> 0.16839025 | AB122: =SUM('Valores Correntes'!V121:V124)/SUM('Valores Correntes'!$R121:$R124) -> 0.0023697128 | AC122: =SUM('Valores Correntes'!W121:W124)/SUM('Valores Correntes'!$R121:$R124) -> 0.17820723 | AD122: =SUM('Valores Correntes'!X121:X124)/SUM('Valores Correntes'!$R121:$R124) -> 0.17470759 | AE122: =(SUM('Valores Correntes'!W121:W124)-SUM('Valores Correntes'!X121:X124))/SUM('Valores Correntes'!R121:R124) -> 0.0034996353 | AG122: 2025.IV | AH122: =SUM('Valores Correntes'!B121:B124)/SUM('Valores Correntes'!$R121:$R124) -> 0.06086217 | AI122: =SUM('Valores Correntes'!C121:C124)/SUM('Valores Correntes'!$R121:$R124) -> 0.031683246 | AJ122: =SUM('Valores Correntes'!D121:D124)/SUM('Valores Correntes'!$R121:$R124) -> 0.11772263 | AK122: =SUM('Valores Correntes'!E121:E124)/SUM('Valores Correntes'!$R121:$R124) -> 0.020428555 | AL122: =SUM('Valores Correntes'!F121:F124)/SUM('Valores Correntes'!$R121:$R124) -> 0.031665027 | AM122: =SUM('Valores Correntes'!G121:G124)/SUM('Valores Correntes'!$R121:$R124) -> 0.20149946 | AN122: =SUM('Valores Correntes'!H121:H124)/SUM('Valores Correntes'!$R121:$R124) -> 0.0998158 | AO122: =SUM('Valores Correntes'!I121:I124)/SUM('Valores Correntes'!$R121:$R124) -> 0.031060918 | ... AW122: =SUM('Valores Correntes'!Q121:Q124)/SUM('Valores Correntes'!$R121:$R124) -> 0.14025 | AY122: 2025.IV
B123: 2026.I | C123: =SUM('Valores Correntes'!S122:S125)/SUM('Valores Correntes'!$R122:$R125) -> 0.63262125 | D123: =SUM('Valores Correntes'!T122:T125)/SUM('Valores Correntes'!$R122:$R125) -> 0.19400341 | E123: =F123+G123 -> 0.16789162 | F123: =SUM('Valores Correntes'!U122:U125)/SUM('Valores Correntes'!$R122:$R125) -> 0.16578317 | G123: =SUM('Valores Correntes'!V122:V125)/SUM('Valores Correntes'!$R122:$R125) -> 0.0021084444 | H123: =SUM('Valores Correntes'!W122:W125)/SUM('Valores Correntes'!$R122:$R125) -> 0.17414453 | I123: =SUM('Valores Correntes'!X122:X125)/SUM('Valores Correntes'!$R122:$R125) -> 0.1686608 | J123: =(SUM('Valores Correntes'!W122:W125)-SUM('Valores Correntes'!X122:X125))/SUM('Valores Correntes'!R122:R125) -> 0.005483723 | K123: =SUM('Valores Correntes'!R122:R125)/SUM('Valores Correntes'!R118:R121)-1 -> 0.076889272 | L123: =B123 -> 2026.I | M123: =(N123+O123+P123+Q123+T123) -> 0.076889272 | N123: =C119*(SUM('Valores Correntes'!S122:S125)/SUM('Valores Correntes'!S118:S121)-1) -> 0.043110558 | O123: =D119*(SUM('Valores Correntes'!T122:T125)/SUM('Valores Correntes'!T118:T121)-1) -> 0.021476326 | P123: =F119*(SUM('Valores Correntes'!U122:U125)/SUM('Valores Correntes'!U118:U121)-1) -> 0.0070840476 | Q123: =G119*(SUM('Valores Correntes'!V122:V125)/SUM('Valores Correntes'!V118:V121)-1) -> -0.0025444149 | R123: =H119*(SUM('Valores Correntes'!W122:W125)/SUM('Valores Correntes'!W118:W121)-1) -> 0.0054704164 | S123: =I119*(SUM('Valores Correntes'!X122:X125)/SUM('Valores Correntes'!X118:X121)-1) -> -0.0022923388 | T123: =((SUM('Valores Correntes'!W122:W125)-SUM('Valores Correntes'!X122:X125))/(SUM('Valores Correntes'!W118:W121)-SUM('Valores Correntes'!X118:X121))-1)*J119 -> 0.0077627552 | U123: 0.148 | W123: =L123 -> 2026.I | X123: =SUM('Valores Correntes'!S122:S125)/SUM('Valores Correntes'!$R122:$R125) -> 0.63262125 | Y123: =SUM('Valores Correntes'!T122:T125)/SUM('Valores Correntes'!$R122:$R125) -> 0.19400341 | Z123: =AA123+AB123 -> 0.16789162 | AA123: =SUM('Valores Correntes'!U122:U125)/SUM('Valores Correntes'!$R122:$R125) -> 0.16578317 | AB123: =SUM('Valores Correntes'!V122:V125)/SUM('Valores Correntes'!$R122:$R125) -> 0.0021084444 | AC123: =SUM('Valores Correntes'!W122:W125)/SUM('Valores Correntes'!$R122:$R125) -> 0.17414453 | AD123: =SUM('Valores Correntes'!X122:X125)/SUM('Valores Correntes'!$R122:$R125) -> 0.1686608 | AE123: =(SUM('Valores Correntes'!W122:W125)-SUM('Valores Correntes'!X122:X125))/SUM('Valores Correntes'!R122:R125) -> 0.005483723 | AG123: =B123 -> 2026.I | AH123: =SUM('Valores Correntes'!B122:B125)/SUM('Valores Correntes'!$R122:$R125) -> 0.058627983 | AI123: =SUM('Valores Correntes'!C122:C125)/SUM('Valores Correntes'!$R122:$R125) -> 0.030007873 | AJ123: =SUM('Valores Correntes'!D122:D125)/SUM('Valores Correntes'!$R122:$R125) -> 0.11798585 | AK123: =SUM('Valores Correntes'!E122:E125)/SUM('Valores Correntes'!$R122:$R125) -> 0.021146719 | AL123: =SUM('Valores Correntes'!F122:F125)/SUM('Valores Correntes'!$R122:$R125) -> 0.031945434 | AM123: =SUM('Valores Correntes'!G122:G125)/SUM('Valores Correntes'!$R122:$R125) -> 0.20108588 | AN123: =SUM('Valores Correntes'!H122:H125)/SUM('Valores Correntes'!$R122:$R125) -> 0.097869979 | AO123: =SUM('Valores Correntes'!I122:I125)/SUM('Valores Correntes'!$R122:$R125) -> 0.031264214 | ... AW123: =SUM('Valores Correntes'!Q122:Q125)/SUM('Valores Correntes'!$R122:$R125) -> 0.14057948 | AY123: =B123 -> 2026.I
B124: 2026.II | C124: =SUM('Valores Correntes'!S123:S126)/SUM('Valores Correntes'!$R123:$R126) -> 0.63097688 | D124: =SUM('Valores Correntes'!T123:T126)/SUM('Valores Correntes'!$R123:$R126) -> 0.1959436 | E124: =F124+G124 -> 0.16669493 | F124: =SUM('Valores Correntes'!U123:U126)/SUM('Valores Correntes'!$R123:$R126) -> 0.16461838 | G124: =SUM('Valores Correntes'!V123:V126)/SUM('Valores Correntes'!$R123:$R126) -> 0.0020765537 | H124: =SUM('Valores Correntes'!W123:W126)/SUM('Valores Correntes'!$R123:$R126) -> 0.17244227 | I124: =SUM('Valores Correntes'!X123:X126)/SUM('Valores Correntes'!$R123:$R126) -> 0.16605768 | J124: =(SUM('Valores Correntes'!W123:W126)-SUM('Valores Correntes'!X123:X126))/SUM('Valores Correntes'!R123:R126) -> 0.0063845902 | K124: =SUM('Valores Correntes'!R123:R126)/SUM('Valores Correntes'!R119:R122)-1 -> 0.071962352 | L124: =B124 -> 2026.II | M124: =(N124+O124+P124+Q124+T124) -> 0.071962352 | N124: =C120*(SUM('Valores Correntes'!S123:S126)/SUM('Valores Correntes'!S119:S122)-1) -> 0.039232449 | O124: =D120*(SUM('Valores Correntes'!T123:T126)/SUM('Valores Correntes'!T119:T122)-1) -> 0.022801044 | P124: =F120*(SUM('Valores Correntes'!U123:U126)/SUM('Valores Correntes'!U119:U122)-1) -> 0.0048693108 | Q124: =G120*(SUM('Valores Correntes'!V123:V126)/SUM('Valores Correntes'!V119:V122)-1) -> -0.0043344157 | R124: =H120*(SUM('Valores Correntes'!W123:W126)/SUM('Valores Correntes'!W119:W122)-1) -> 0.0030315704 | S124: =I120*(SUM('Valores Correntes'!X123:X126)/SUM('Valores Correntes'!X119:X122)-1) -> -0.0063623933 | T124: =((SUM('Valores Correntes'!W123:W126)-SUM('Valores Correntes'!X123:X126))/(SUM('Valores Correntes'!W119:W122)-SUM('Valores Correntes'!X119:X122))-1)*J120 -> 0.0093939638 | U124: 0.1415 | W124: =L124 -> 2026.II | X124: =SUM('Valores Correntes'!S123:S126)/SUM('Valores Correntes'!$R123:$R126) -> 0.63097688 | Y124: =SUM('Valores Correntes'!T123:T126)/SUM('Valores Correntes'!$R123:$R126) -> 0.1959436 | Z124: =AA124+AB124 -> 0.16669493 | AA124: =SUM('Valores Correntes'!U123:U126)/SUM('Valores Correntes'!$R123:$R126) -> 0.16461838 | AB124: =SUM('Valores Correntes'!V123:V126)/SUM('Valores Correntes'!$R123:$R126) -> 0.0020765537 | AC124: =SUM('Valores Correntes'!W123:W126)/SUM('Valores Correntes'!$R123:$R126) -> 0.17244227 | AD124: =SUM('Valores Correntes'!X123:X126)/SUM('Valores Correntes'!$R123:$R126) -> 0.16605768 | AE124: =(SUM('Valores Correntes'!W123:W126)-SUM('Valores Correntes'!X123:X126))/SUM('Valores Correntes'!R123:R126) -> 0.0063845902 | AG124: =B124 -> 2026.II | AH124: =SUM('Valores Correntes'!B123:B126)/SUM('Valores Correntes'!$R123:$R126) -> 0.054033826 | AI124: =SUM('Valores Correntes'!C123:C126)/SUM('Valores Correntes'!$R123:$R126) -> 0.031951635 | AJ124: =SUM('Valores Correntes'!D123:D126)/SUM('Valores Correntes'!$R123:$R126) -> 0.11749122 | AK124: =SUM('Valores Correntes'!E123:E126)/SUM('Valores Correntes'!$R123:$R126) -> 0.021336258 | AL124: =SUM('Valores Correntes'!F123:F126)/SUM('Valores Correntes'!$R123:$R126) -> 0.031611431 | AM124: =SUM('Valores Correntes'!G123:G126)/SUM('Valores Correntes'!$R123:$R126) -> 0.20239054 | AN124: =SUM('Valores Correntes'!H123:H126)/SUM('Valores Correntes'!$R123:$R126) -> 0.097050254 | AO124: =SUM('Valores Correntes'!I123:I126)/SUM('Valores Correntes'!$R123:$R126) -> 0.03106487 | ... AW124: =SUM('Valores Correntes'!Q123:Q126)/SUM('Valores Correntes'!$R123:$R126) -> 0.14266788 | AY124: =B124 -> 2026.II

Sheet PIB Nominal 2
B1: AGROPECUÁRIA | C1: INDÚSTRIA | H1: SERVIÇOS | P1: VA | Q1: Imposto | R1: PIB | T1: AGROPECUÁRIA | U1: INDÚSTRIA | Z1: SERVIÇOS | AH1: VA | AI1: Imposto | AJ1: PIB
B2: Total | C2: Indústrias extrativas | D2: Indústrias de transformação | E2: Eletricidade e gás, água, esgoto, ativ. de gestão de resíduos | F2: Construção | G2: Total | H2: Comércio | I2: Transporte, armazenagem e correio | J2: Informação e comunicação | K2: Atividades financeiras, de seguros e serviços relacionados | L2: Atividades Imobiliárias | M2: Outras atividades de serviços | N2: Adm., defesa, saúde e educação públicas e seguridade social | O2: Total | T2: Agropecuária | U2: Indústrias extrativas | V2: Indústrias de transformação | W2: Eletricidade e gás, água, esgoto, ativ. de gestão de resíduos | X2: Construção | Y2: Indústria - Total | Z2: Comércio | AA2: Transporte, armazenagem e correio | AB2: Informação e comunicação | AC2: Atividades financeiras, de seguros e serviços relacionados | AD2: Atividades Imobiliárias | AE2: Outras atividades de serviços | AF2: Adm., defesa, saúde e educação públicas e seguridade social | AG2: Serviços - Total | AH2: VA | AI2: Imposto | AJ2: PIB
A3: 1996.I | S3: 1996.I
A4: 1996.II | S4: 1996.II
A6: 1996.IV | B6: 0.047684112 | C6: 0.0069183071 | D6: 0.13067191 | E6: 0.020962759 | F6: 0.064848167 | G6: 0.22340115 | H6: 0.069983176 | I6: 0.028123138 | J6: 0.025416109 | K6: 0.081069001 | L6: 0.11493258 | M6: 0.14247618 | N6: 0.14118861 | O6: 0.6031888 | P6: 0.87427406 | Q6: 0.12572594 | S6: 1996.IV
A7: 1997.I | B7: 0.048660331 | C7: 0.0063794593 | D7: 0.13206322 | E7: 0.020566899 | F7: 0.065457137 | G7: 0.22446671 | H7: 0.069962482 | I7: 0.027939215 | J7: 0.025839391 | K7: 0.079121455 | L7: 0.11774652 | M7: 0.14341898 | N7: 0.13905638 | O7: 0.60308442 | P7: 0.87621147 | Q7: 0.12378853 | S7: 1997.I
A8: 1997.II | B8: 0.04816334 | C8: 0.0062670394 | D8: 0.13521182 | E8: 0.020856906 | F8: 0.065908973 | G8: 0.22824474 | H8: 0.069832287 | I8: 0.028664486 | J8: 0.025185542 | K8: 0.077384932 | L8: 0.12010665 | M8: 0.14264193 | N8: 0.13738807 | O8: 0.60120389 | P8: 0.87761197 | Q8: 0.12238803 | S8: 1997.II
A9: 1997.III | B9: 0.046656504 | C9: 0.0062100763 | D9: 0.13633848 | E9: 0.021581246 | F9: 0.066726734 | G9: 0.23085654 | H9: 0.069700862 | I9: 0.028930375 | J9: 0.026358916 | K9: 0.07624797 | L9: 0.12153643 | M9: 0.14184839 | N9: 0.1363427 | O9: 0.60096564 | P9: 0.87847869 | Q9: 0.12152131 | T9: Agropecuária | U9: Indústrias extrativas | V9: Indústrias de transformação | W9: Eletricidade e gás, água, esgoto, ativ. de gestão de resíduos | X9: Construção | Y9: Indústria - Total | Z9: Comércio | AA9: Transporte, armazenagem e correio | AB9: Informação e comunicação | AC9: Atividades financeiras, de seguros e serviços relacionados | AD9: Atividades Imobiliárias | AE9: Outras atividades de serviços | AF9: Adm., defesa, saúde e educação públicas e seguridade social | AG9: Serviços - Total | AH9: VA | AI9: Imposto | AJ9: PIB
A10: 1997.IV | B10: 0.04685047 | C10: 0.0063231398 | D10: 0.13018625 | E10: 0.021489428 | F10: 0.067942655 | G10: 0.22594148 | H10: 0.069090621 | I10: 0.030492302 | J10: 0.027185714 | K10: 0.077569975 | L10: 0.12447528 | M10: 0.14099428 | N10: 0.13624896 | O10: 0.60605713 | P10: 0.87884907 | Q10: 0.12115093 | S10: 1997.IV | T10: =(SUM('Valores Correntes'!B9:B12)/SUM('Valores Correntes'!B5:B8)-1)*'PIB Nominal 2'!B6 -> 0.0045008735 | U10: =(SUM('Valores Correntes'!C9:C12)/SUM('Valores Correntes'!C5:C8)-1)*'PIB Nominal 2'!C6 -> 0.00012480164 | V10: =(SUM('Valores Correntes'!D9:D12)/SUM('Valores Correntes'!D5:D8)-1)*'PIB Nominal 2'!D6 -> 0.014337684 | W10: =(SUM('Valores Correntes'!E9:E12)/SUM('Valores Correntes'!E5:E8)-1)*'PIB Nominal 2'!E6 -> 0.0029735106 | X10: =(SUM('Valores Correntes'!F9:F12)/SUM('Valores Correntes'!F5:F8)-1)*'PIB Nominal 2'!F6 -> 0.010830613 | Y10: =(SUM('Valores Correntes'!G9:G12)/SUM('Valores Correntes'!G5:G8)-1)*'PIB Nominal 2'!G6 -> 0.02826661 | Z10: =(SUM('Valores Correntes'!H9:H12)/SUM('Valores Correntes'!H5:H8)-1)*'PIB Nominal 2'!H6 -> 0.0069742808 | AA10: =(SUM('Valores Correntes'!I9:I12)/SUM('Valores Correntes'!I5:I8)-1)*'PIB Nominal 2'!I6 -> 0.0058410964 | ... AI10: =(SUM('Valores Correntes'!Q9:Q12)/SUM('Valores Correntes'!Q5:Q8)-1)*'PIB Nominal 2'!Q6 -> 0.0092195378 | AJ10: =SUM('Valores Correntes'!R9:R12)/SUM('Valores Correntes'!R5:R8)-1 -> 0.11386258 | AL10: =AJ10-(AI10+AG10+Y10+T10) -> -2.7755576e-16
A11: 1998.I | B11: 0.045564136 | C11: 0.0061015395 | D11: 0.12760859 | E11: 0.02271415 | F11: 0.069141294 | G11: 0.22556557 | H11: 0.068054284 | I11: 0.030699345 | J11: 0.029730199 | K11: 0.077620202 | L11: 0.1248994 | M11: 0.14055375 | N11: 0.13589605 | O11: 0.60745322 | P11: 0.87858293 | Q11: 0.12141707 | S11: 1998.I | T11: =(SUM('Valores Correntes'!B10:B13)/SUM('Valores Correntes'!B6:B9)-1)*'PIB Nominal 2'!B7 -> 0.0012366491 | U11: =(SUM('Valores Correntes'!C10:C13)/SUM('Valores Correntes'!C6:C9)-1)*'PIB Nominal 2'!C7 -> 0.00030229576 | V11: =(SUM('Valores Correntes'!D10:D13)/SUM('Valores Correntes'!D6:D9)-1)*'PIB Nominal 2'!D7 -> 0.0076800977 | W11: =(SUM('Valores Correntes'!E10:E13)/SUM('Valores Correntes'!E6:E9)-1)*'PIB Nominal 2'!E7 -> 0.0043072144 | X11: =(SUM('Valores Correntes'!F10:F13)/SUM('Valores Correntes'!F6:F9)-1)*'PIB Nominal 2'!F7 -> 0.010259032 | Y11: =(SUM('Valores Correntes'!G10:G13)/SUM('Valores Correntes'!G6:G9)-1)*'PIB Nominal 2'!G7 -> 0.022548639 | Z11: =(SUM('Valores Correntes'!H10:H13)/SUM('Valores Correntes'!H6:H9)-1)*'PIB Nominal 2'!H7 -> 0.0045633086 | AA11: =(SUM('Valores Correntes'!I10:I13)/SUM('Valores Correntes'!I6:I9)-1)*'PIB Nominal 2'!I7 -> 0.0056794321 | ... AI11: =(SUM('Valores Correntes'!Q10:Q13)/SUM('Valores Correntes'!Q6:Q9)-1)*'PIB Nominal 2'!Q7 -> 0.0091744857 | AJ11: =SUM('Valores Correntes'!R10:R13)/SUM('Valores Correntes'!R6:R9)-1 -> 0.095093314 | AL11: =AJ11-(AI11+AG11+Y11+T11) -> 2.0816682e-16
A12: 1998.II | B12: 0.047294133 | C12: 0.0056551117 | D12: 0.1249272 | E12: 0.023478607 | F12: 0.069936017 | G12: 0.22399694 | H12: 0.067466275 | I12: 0.030622883 | J12: 0.031458647 | K12: 0.077416322 | L12: 0.12433741 | M12: 0.14074368 | N12: 0.13536373 | O12: 0.60740895 | P12: 0.87870001 | Q12: 0.12129999 | S12: 1998.II | T12: =(SUM('Valores Correntes'!B11:B14)/SUM('Valores Correntes'!B7:B10)-1)*'PIB Nominal 2'!B8 -> 0.0030104895 | U12: =(SUM('Valores Correntes'!C11:C14)/SUM('Valores Correntes'!C7:C10)-1)*'PIB Nominal 2'!C8 -> -0.00014801989 | V12: =(SUM('Valores Correntes'!D11:D14)/SUM('Valores Correntes'!D7:D10)-1)*'PIB Nominal 2'!D8 -> -3.6421099e-05 | W12: =(SUM('Valores Correntes'!E11:E14)/SUM('Valores Correntes'!E7:E10)-1)*'PIB Nominal 2'!E8 -> 0.0045477303 | X12: =(SUM('Valores Correntes'!F11:F14)/SUM('Valores Correntes'!F7:F10)-1)*'PIB Nominal 2'!F8 -> 0.0097641292 | Y12: =(SUM('Valores Correntes'!G11:G14)/SUM('Valores Correntes'!G7:G10)-1)*'PIB Nominal 2'!G8 -> 0.014127419 | Z12: =(SUM('Valores Correntes'!H11:H14)/SUM('Valores Correntes'!H7:H10)-1)*'PIB Nominal 2'!H8 -> 0.0031684734 | AA12: =(SUM('Valores Correntes'!I11:I14)/SUM('Valores Correntes'!I7:I10)-1)*'PIB Nominal 2'!I8 -> 0.0044704944 | ... AI12: =(SUM('Valores Correntes'!Q11:Q14)/SUM('Valores Correntes'!Q7:Q10)-1)*'PIB Nominal 2'!Q8 -> 0.0088626005 | AJ12: =SUM('Valores Correntes'!R11:R14)/SUM('Valores Correntes'!R7:R10)-1 -> 0.08203335 | AL12: =AJ12-(AI12+AG12+Y12+T12) -> 2.942091e-15
A13: 1998.III | B13: 0.049005087 | C13: 0.0055175111 | D13: 0.12286278 | E13: 0.024061672 | F13: 0.069919112 | G13: 0.22236108 | H13: 0.0667099 | I13: 0.030191867 | J13: 0.032414345 | K13: 0.078035449 | L13: 0.12414354 | M13: 0.1410256 | N13: 0.13578106 | O13: 0.60830176 | P13: 0.87966792 | Q13: 0.12033208 | S13: 1998.III | T13: =(SUM('Valores Correntes'!B12:B15)/SUM('Valores Correntes'!B8:B11)-1)*'PIB Nominal 2'!B9 -> 0.0055937633 | U13: =(SUM('Valores Correntes'!C12:C15)/SUM('Valores Correntes'!C8:C11)-1)*'PIB Nominal 2'!C9 -> -0.00032718848 | V13: =(SUM('Valores Correntes'!D12:D15)/SUM('Valores Correntes'!D8:D11)-1)*'PIB Nominal 2'!D9 -> -0.0053395693 | W13: =(SUM('Valores Correntes'!E12:E15)/SUM('Valores Correntes'!E8:E11)-1)*'PIB Nominal 2'!E9 -> 0.0040738221 | X13: =(SUM('Valores Correntes'!F12:F15)/SUM('Valores Correntes'!F8:F11)-1)*'PIB Nominal 2'!F9 -> 0.0078225132 | Y13: =(SUM('Valores Correntes'!G12:G15)/SUM('Valores Correntes'!G8:G11)-1)*'PIB Nominal 2'!G9 -> 0.0062295775 | Z13: =(SUM('Valores Correntes'!H12:H15)/SUM('Valores Correntes'!H8:H11)-1)*'PIB Nominal 2'!H9 -> 0.0014266551 | AA13: =(SUM('Valores Correntes'!I12:I15)/SUM('Valores Correntes'!I8:I11)-1)*'PIB Nominal 2'!I9 -> 0.003260837 | ... AI13: =(SUM('Valores Correntes'!Q12:Q15)/SUM('Valores Correntes'!Q8:Q11)-1)*'PIB Nominal 2'!Q9 -> 0.0067793131 | AJ13: =SUM('Valores Correntes'!R12:R15)/SUM('Valores Correntes'!R8:R11)-1 -> 0.066221305 | AL13: =AJ13-(AI13+AG13+Y13+T13) -> 2.026157e-15
A14: 1998.IV | B14: 0.047500448 | C14: 0.0054791783 | D14: 0.12155137 | E14: 0.024613541 | F14: 0.069543813 | G14: 0.2211879 | H14: 0.065781033 | I14: 0.028991405 | J14: 0.033849889 | K14: 0.079388705 | L14: 0.12463569 | M14: 0.14025873 | N14: 0.13828048 | O14: 0.61118593 | P14: 0.87987428 | Q14: 0.12012572 | S14: 1998.IV | T14: =(SUM('Valores Correntes'!B13:B16)/SUM('Valores Correntes'!B9:B12)-1)*'PIB Nominal 2'!B10 -> 0.0031575779 | U14: =(SUM('Valores Correntes'!C13:C16)/SUM('Valores Correntes'!C9:C12)-1)*'PIB Nominal 2'!C10 -> -0.00055470972 | V14: =(SUM('Valores Correntes'!D13:D16)/SUM('Valores Correntes'!D9:D12)-1)*'PIB Nominal 2'!D10 -> -0.0022180528 | W14: =(SUM('Valores Correntes'!E13:E16)/SUM('Valores Correntes'!E9:E12)-1)*'PIB Nominal 2'!E10 -> 0.0044234884 | X14: =(SUM('Valores Correntes'!F13:F16)/SUM('Valores Correntes'!F9:F12)-1)*'PIB Nominal 2'!F10 -> 0.0052724515 | Y14: =(SUM('Valores Correntes'!G13:G16)/SUM('Valores Correntes'!G9:G12)-1)*'PIB Nominal 2'!G10 -> 0.0069231774 | Z14: =(SUM('Valores Correntes'!H13:H16)/SUM('Valores Correntes'!H9:H12)-1)*'PIB Nominal 2'!H10 -> 0.00016306438 | AA14: =(SUM('Valores Correntes'!I13:I16)/SUM('Valores Correntes'!I9:I12)-1)*'PIB Nominal 2'!I10 -> 2.9590977e-05 | ... AI14: =(SUM('Valores Correntes'!Q13:Q16)/SUM('Valores Correntes'!Q9:Q12)-1)*'PIB Nominal 2'!Q10 -> 0.0053163596 | AJ14: =SUM('Valores Correntes'!R13:R16)/SUM('Valores Correntes'!R9:R12)-1 -> 0.052791087 | AL14: =AJ14-(AI14+AG14+Y14+T14) -> 7.7021722e-16
A15: 1999.I | B15: 0.04908342 | C15: 0.0055725445 | D15: 0.11868423 | E15: 0.024528022 | F15: 0.067722928 | G15: 0.21650772 | H15: 0.065237849 | I15: 0.029298022 | J15: 0.034863129 | K15: 0.07785608 | L15: 0.12199533 | M15: 0.14339916 | N15: 0.13875312 | O15: 0.61140269 | P15: 0.87699383 | Q15: 0.12300617 | S15: 1999.I | T15: =(SUM('Valores Correntes'!B14:B17)/SUM('Valores Correntes'!B10:B13)-1)*'PIB Nominal 2'!B11 -> 0.0059841882 | U15: =(SUM('Valores Correntes'!C14:C17)/SUM('Valores Correntes'!C10:C13)-1)*'PIB Nominal 2'!C11 -> -0.00024914925 | V15: =(SUM('Valores Correntes'!D14:D17)/SUM('Valores Correntes'!D10:D13)-1)*'PIB Nominal 2'!D11 -> -0.0029641959 | W15: =(SUM('Valores Correntes'!E14:E17)/SUM('Valores Correntes'!E10:E13)-1)*'PIB Nominal 2'!E11 -> 0.003045637 | X15: =(SUM('Valores Correntes'!F14:F17)/SUM('Valores Correntes'!F10:F13)-1)*'PIB Nominal 2'!F11 -> 0.00198259 | Y15: =(SUM('Valores Correntes'!G14:G17)/SUM('Valores Correntes'!G10:G13)-1)*'PIB Nominal 2'!G11 -> 0.0018148819 | Z15: =(SUM('Valores Correntes'!H14:H17)/SUM('Valores Correntes'!H10:H13)-1)*'PIB Nominal 2'!H11 -> 0.0004597238 | AA15: =(SUM('Valores Correntes'!I14:I17)/SUM('Valores Correntes'!I10:I13)-1)*'PIB Nominal 2'!I11 -> 6.9984884e-05 | ... AI15: =(SUM('Valores Correntes'!Q14:Q17)/SUM('Valores Correntes'!Q10:Q13)-1)*'PIB Nominal 2'!Q11 -> 0.0077663035 | AJ15: =SUM('Valores Correntes'!R14:R17)/SUM('Valores Correntes'!R10:R13)-1 -> 0.050218671 | AL15: =AJ15-(AI15+AG15+Y15+T15) -> 1.9428903e-16
A16: 1999.II | B16: 0.04759643 | C16: 0.0059076224 | D16: 0.12074363 | E16: 0.024647976 | F16: 0.065656799 | G16: 0.21695603 | H16: 0.064846716 | I16: 0.02839574 | J16: 0.035022964 | K16: 0.076230047 | L16: 0.11934134 | M16: 0.14680056 | N16: 0.13909585 | O16: 0.60973322 | P16: 0.87428568 | Q16: 0.12571432 | S16: 1999.II | T16: =(SUM('Valores Correntes'!B15:B18)/SUM('Valores Correntes'!B11:B14)-1)*'PIB Nominal 2'!B12 -> 0.0025368892 | U16: =(SUM('Valores Correntes'!C15:C18)/SUM('Valores Correntes'!C11:C14)-1)*'PIB Nominal 2'!C12 -> 0.00052986614 | V16: =(SUM('Valores Correntes'!D15:D18)/SUM('Valores Correntes'!D11:D14)-1)*'PIB Nominal 2'!D12 -> 0.0014851904 | W16: =(SUM('Valores Correntes'!E15:E18)/SUM('Valores Correntes'!E11:E14)-1)*'PIB Nominal 2'!E12 -> 0.0023265604 | X16: =(SUM('Valores Correntes'!F15:F18)/SUM('Valores Correntes'!F11:F14)-1)*'PIB Nominal 2'!F12 -> -0.0011967135 | Y16: =(SUM('Valores Correntes'!G15:G18)/SUM('Valores Correntes'!G11:G14)-1)*'PIB Nominal 2'!G12 -> 0.0031449035 | Z16: =(SUM('Valores Correntes'!H15:H18)/SUM('Valores Correntes'!H11:H14)-1)*'PIB Nominal 2'!H12 -> 0.00042491284 | AA16: =(SUM('Valores Correntes'!I15:I18)/SUM('Valores Correntes'!I11:I14)-1)*'PIB Nominal 2'!I12 -> -0.0008939976 | ... AI16: =(SUM('Valores Correntes'!Q15:Q18)/SUM('Valores Correntes'!Q11:Q14)-1)*'PIB Nominal 2'!Q12 -> 0.010316467 | AJ16: =SUM('Valores Correntes'!R15:R18)/SUM('Valores Correntes'!R11:R14)-1 -> 0.046948749 | AL16: =AJ16-(AI16+AG16+Y16+T16) -> -1.9359514e-15
A17: 1999.III | B17: 0.045528038 | C17: 0.0066632046 | D17: 0.12080012 | E17: 0.025373608 | F17: 0.063684988 | G17: 0.21652192 | H17: 0.064601131 | I17: 0.027125236 | J17: 0.033742285 | K17: 0.074825195 | L17: 0.11752719 | M17: 0.15010764 | N17: 0.13967849 | O17: 0.60760716 | P17: 0.86965712 | Q17: 0.13034288 | S17: 1999.III | T17: =(SUM('Valores Correntes'!B16:B19)/SUM('Valores Correntes'!B12:B15)-1)*'PIB Nominal 2'!B13 -> -0.0011728426 | U17: =(SUM('Valores Correntes'!C16:C19)/SUM('Valores Correntes'!C12:C15)-1)*'PIB Nominal 2'!C13 -> 0.001482923 | V17: =(SUM('Valores Correntes'!D16:D19)/SUM('Valores Correntes'!D12:D15)-1)*'PIB Nominal 2'!D13 -> 0.0040511201 | W17: =(SUM('Valores Correntes'!E16:E19)/SUM('Valores Correntes'!E12:E15)-1)*'PIB Nominal 2'!E13 -> 0.0025961118 | X17: =(SUM('Valores Correntes'!F16:F19)/SUM('Valores Correntes'!F12:F15)-1)*'PIB Nominal 2'!F13 -> -0.0030109825 | Y17: =(SUM('Valores Correntes'!G16:G19)/SUM('Valores Correntes'!G12:G15)-1)*'PIB Nominal 2'!G13 -> 0.0051191723 | Z17: =(SUM('Valores Correntes'!H16:H19)/SUM('Valores Correntes'!H12:H15)-1)*'PIB Nominal 2'!H13 -> 0.0011607396 | AA17: =(SUM('Valores Correntes'!I16:I19)/SUM('Valores Correntes'!I12:I15)-1)*'PIB Nominal 2'!I13 -> -0.0016938038 | ... AI17: =(SUM('Valores Correntes'!Q16:Q19)/SUM('Valores Correntes'!Q12:Q15)-1)*'PIB Nominal 2'!Q13 -> 0.016607541 | AJ17: =SUM('Valores Correntes'!R16:R19)/SUM('Valores Correntes'!R12:R15)-1 -> 0.0506107 | AL17: =AJ17-(AI17+AG17+Y17+T17) -> -1.6583956e-15
A18: 1999.IV | B18: 0.046459815 | C18: 0.0073241835 | D18: 0.12308533 | E18: 0.0255521 | F18: 0.061505496 | G18: 0.21746711 | H18: 0.065821071 | I18: 0.027152392 | J18: 0.031081243 | K18: 0.072179697 | L18: 0.11373311 | M18: 0.1540706 | N18: 0.13799846 | O18: 0.60203657 | P18: 0.86596349 | Q18: 0.13403651 | S18: 1999.IV | T18: =(SUM('Valores Correntes'!B17:B20)/SUM('Valores Correntes'!B13:B16)-1)*'PIB Nominal 2'!B14 -> 0.0029158494 | U18: =(SUM('Valores Correntes'!C17:C20)/SUM('Valores Correntes'!C13:C16)-1)*'PIB Nominal 2'!C14 -> 0.002468727 | V18: =(SUM('Valores Correntes'!D17:D20)/SUM('Valores Correntes'!D13:D16)-1)*'PIB Nominal 2'!D14 -> 0.012015813 | W18: =(SUM('Valores Correntes'!E17:E20)/SUM('Valores Correntes'!E13:E16)-1)*'PIB Nominal 2'!E14 -> 0.003114556 | X18: =(SUM('Valores Correntes'!F17:F20)/SUM('Valores Correntes'!F13:F16)-1)*'PIB Nominal 2'!F14 -> -0.0028005565 | Y18: =(SUM('Valores Correntes'!G17:G20)/SUM('Valores Correntes'!G13:G16)-1)*'PIB Nominal 2'!G14 -> 0.01479854 | Z18: =(SUM('Valores Correntes'!H17:H20)/SUM('Valores Correntes'!H13:H16)-1)*'PIB Nominal 2'!H14 -> 0.0056453095 | AA18: =(SUM('Valores Correntes'!I17:I20)/SUM('Valores Correntes'!I13:I16)-1)*'PIB Nominal 2'!I14 -> 0.00047326395 | ... AI18: =(SUM('Valores Correntes'!Q17:Q20)/SUM('Valores Correntes'!Q13:Q16)-1)*'PIB Nominal 2'!Q14 -> 0.025325233 | AJ18: =SUM('Valores Correntes'!R17:R20)/SUM('Valores Correntes'!R13:R16)-1 -> 0.085159226 | AL18: =AJ18-(AI18+AG18+Y18+T18) -> 1.9428903e-16
A19: 2000.I | B19: 0.047300678 | C19: 0.008404895 | D19: 0.12740116 | E19: 0.025771192 | F19: 0.060980504 | G19: 0.22255775 | H19: 0.067073435 | I19: 0.027660134 | J19: 0.032171955 | K19: 0.068976338 | L19: 0.11202791 | M19: 0.15073836 | N19: 0.13687981 | O19: 0.59552794 | P19: 0.86538637 | Q19: 0.13461363 | S19: 2000.I | T19: =(SUM('Valores Correntes'!B18:B21)/SUM('Valores Correntes'!B14:B17)-1)*'PIB Nominal 2'!B15 -> 0.0027110932 | U19: =(SUM('Valores Correntes'!C18:C21)/SUM('Valores Correntes'!C14:C17)-1)*'PIB Nominal 2'!C15 -> 0.0036308636 | V19: =(SUM('Valores Correntes'!D18:D21)/SUM('Valores Correntes'!D14:D17)-1)*'PIB Nominal 2'!D15 -> 0.020820772 | W19: =(SUM('Valores Correntes'!E18:E21)/SUM('Valores Correntes'!E14:E17)-1)*'PIB Nominal 2'!E15 -> 0.0036915809 | X19: =(SUM('Valores Correntes'!F18:F21)/SUM('Valores Correntes'!F14:F17)-1)*'PIB Nominal 2'!F15 -> -0.0009489281 | Y19: =(SUM('Valores Correntes'!G18:G21)/SUM('Valores Correntes'!G14:G17)-1)*'PIB Nominal 2'!G15 -> 0.027194288 | Z19: =(SUM('Valores Correntes'!H18:H21)/SUM('Valores Correntes'!H14:H17)-1)*'PIB Nominal 2'!H15 -> 0.0082079454 | AA19: =(SUM('Valores Correntes'!I18:I21)/SUM('Valores Correntes'!I14:I17)-1)*'PIB Nominal 2'!I15 -> 0.00098998255 | ... AI19: =(SUM('Valores Correntes'!Q18:Q21)/SUM('Valores Correntes'!Q14:Q17)-1)*'PIB Nominal 2'!Q15 -> 0.024396533 | AJ19: =SUM('Valores Correntes'!R18:R21)/SUM('Valores Correntes'!R14:R17)-1 -> 0.095005719 | AL19: =AJ19-(AI19+AG19+Y19+T19) -> 1.6237012e-15
A20: 2000.II | B20: 0.047820419 | C20: 0.0093520858 | D20: 0.12849162 | E20: 0.025985485 | F20: 0.061036659 | G20: 0.22486584 | H20: 0.067776583 | I20: 0.029188726 | J20: 0.032939335 | K20: 0.066024601 | L20: 0.11009548 | M20: 0.14911736 | N20: 0.13639564 | O20: 0.59153773 | P20: 0.86422399 | Q20: 0.13577601 | S20: 2000.II | T20: =(SUM('Valores Correntes'!B19:B22)/SUM('Valores Correntes'!B15:B18)-1)*'PIB Nominal 2'!B16 -> 0.0050313958 | U20: =(SUM('Valores Correntes'!C19:C22)/SUM('Valores Correntes'!C15:C18)-1)*'PIB Nominal 2'!C16 -> 0.0043846324 | V20: =(SUM('Valores Correntes'!D19:D22)/SUM('Valores Correntes'!D15:D18)-1)*'PIB Nominal 2'!D16 -> 0.020665303 | W20: =(SUM('Valores Correntes'!E19:E22)/SUM('Valores Correntes'!E15:E18)-1)*'PIB Nominal 2'!E16 -> 0.0039498407 | X20: =(SUM('Valores Correntes'!F19:F22)/SUM('Valores Correntes'!F15:F18)-1)*'PIB Nominal 2'!F16 -> 0.0015159004 | Y20: =(SUM('Valores Correntes'!G19:G22)/SUM('Valores Correntes'!G15:G18)-1)*'PIB Nominal 2'!G16 -> 0.030515676 | Z20: =(SUM('Valores Correntes'!H19:H22)/SUM('Valores Correntes'!H15:H18)-1)*'PIB Nominal 2'!H16 -> 0.0097434753 | AA20: =(SUM('Valores Correntes'!I19:I22)/SUM('Valores Correntes'!I15:I18)-1)*'PIB Nominal 2'!I16 -> 0.0037273402 | ... AI20: =(SUM('Valores Correntes'!Q19:Q22)/SUM('Valores Correntes'!Q15:Q18)-1)*'PIB Nominal 2'!Q16 -> 0.023711306 | AJ20: =SUM('Valores Correntes'!R19:R22)/SUM('Valores Correntes'!R15:R18)-1 -> 0.10053041 | AL20: =AJ20-(AI20+AG20+Y20+T20) -> 2.220446e-15
A21: 2000.III | B21: 0.049337278 | C21: 0.010284307 | D21: 0.12979682 | E21: 0.026080517 | F21: 0.060516681 | G21: 0.22667833 | H21: 0.069160521 | I21: 0.031068098 | J21: 0.03433503 | K21: 0.062359874 | L21: 0.10696012 | M21: 0.14800691 | N21: 0.13454106 | O21: 0.5864316 | P21: 0.86244721 | Q21: 0.13755279 | S21: 2000.III | T21: =(SUM('Valores Correntes'!B20:B23)/SUM('Valores Correntes'!B16:B19)-1)*'PIB Nominal 2'!B17 -> 0.0095711441 | U21: =(SUM('Valores Correntes'!C20:C23)/SUM('Valores Correntes'!C16:C19)-1)*'PIB Nominal 2'!C17 -> 0.0048221657 | V21: =(SUM('Valores Correntes'!D20:D23)/SUM('Valores Correntes'!D16:D19)-1)*'PIB Nominal 2'!D17 -> 0.024155158 | W21: =(SUM('Valores Correntes'!E20:E23)/SUM('Valores Correntes'!E16:E19)-1)*'PIB Nominal 2'!E17 -> 0.0037527493 | X21: =(SUM('Valores Correntes'!F20:F23)/SUM('Valores Correntes'!F16:F19)-1)*'PIB Nominal 2'!F17 -> 0.0038991957 | Y21: =(SUM('Valores Correntes'!G20:G23)/SUM('Valores Correntes'!G16:G19)-1)*'PIB Nominal 2'!G17 -> 0.036629269 | Z21: =(SUM('Valores Correntes'!H20:H23)/SUM('Valores Correntes'!H16:H19)-1)*'PIB Nominal 2'!H17 -> 0.012636372 | AA21: =(SUM('Valores Correntes'!I20:I23)/SUM('Valores Correntes'!I16:I19)-1)*'PIB Nominal 2'!I17 -> 0.0075711816 | ... AI21: =(SUM('Valores Correntes'!Q20:Q23)/SUM('Valores Correntes'!Q16:Q19)-1)*'PIB Nominal 2'!Q17 -> 0.023274158 | AJ21: =SUM('Valores Correntes'!R20:R23)/SUM('Valores Correntes'!R16:R19)-1 -> 0.11678603 | AL21: =AJ21-(AI21+AG21+Y21+T21) -> 1.8179902e-15
... A122: 2025.IV | B122: 0.06086217 | C122: 0.031683246 | D122: 0.11772263 | E122: 0.020428555 | F122: 0.031665027 | G122: 0.20149946 | H122: 0.0998158 | I122: 0.031060918 | J122: 0.030560005 | K122: 0.073027725 | L122: 0.074899789 | M122: 0.15087376 | N122: 0.13715037 | O122: 0.59738837 | P122: 0.85975 | Q122: 0.14025 | S122: 2025.IV | T122: =(SUM('Valores Correntes'!B121:B124)/SUM('Valores Correntes'!B117:B120)-1)*'PIB Nominal 2'!B118 -> 0.008296087 | U122: =(SUM('Valores Correntes'!C121:C124)/SUM('Valores Correntes'!C117:C120)-1)*'PIB Nominal 2'!C118 -> -0.0022082134 | V122: =(SUM('Valores Correntes'!D121:D124)/SUM('Valores Correntes'!D117:D120)-1)*'PIB Nominal 2'!D118 -> 0.0062020274 | W122: =(SUM('Valores Correntes'!E121:E124)/SUM('Valores Correntes'!E117:E120)-1)*'PIB Nominal 2'!E118 -> 0.00074952197 | X122: =(SUM('Valores Correntes'!F121:F124)/SUM('Valores Correntes'!F117:F120)-1)*'PIB Nominal 2'!F118 -> 0.0037595262 | Y122: =(SUM('Valores Correntes'!G121:G124)/SUM('Valores Correntes'!G117:G120)-1)*'PIB Nominal 2'!G118 -> 0.0085028622 | Z122: =(SUM('Valores Correntes'!H121:H124)/SUM('Valores Correntes'!H117:H120)-1)*'PIB Nominal 2'!H118 -> 0.0038954213 | AA122: =(SUM('Valores Correntes'!I121:I124)/SUM('Valores Correntes'!I117:I120)-1)*'PIB Nominal 2'!I118 -> 0.0025585939 | ... AI122: =(SUM('Valores Correntes'!Q121:Q124)/SUM('Valores Correntes'!Q117:Q120)-1)*'PIB Nominal 2'!Q118 -> 0.010309341 | AJ122: =SUM('Valores Correntes'!R121:R124)/SUM('Valores Correntes'!R117:R120)-1 -> 0.081441092 | AL122: =AJ122-(AI122+AG122+Y122+T122) -> 1.8041124e-16
S123: 2026.I | T123: =(SUM('Valores Correntes'!B122:B125)/SUM('Valores Correntes'!B118:B121)-1)*'PIB Nominal 2'!B119 -> 0.0023003225 | U123: =(SUM('Valores Correntes'!C122:C125)/SUM('Valores Correntes'!C118:C121)-1)*'PIB Nominal 2'!C119 -> -0.0037389085 | V123: =(SUM('Valores Correntes'!D122:D125)/SUM('Valores Correntes'!D118:D121)-1)*'PIB Nominal 2'!D119 -> 0.0077165036 | W123: =(SUM('Valores Correntes'!E122:E125)/SUM('Valores Correntes'!E118:E121)-1)*'PIB Nominal 2'!E119 -> 0.0022881679 | X123: =(SUM('Valores Correntes'!F122:F125)/SUM('Valores Correntes'!F118:F121)-1)*'PIB Nominal 2'!F119 -> 0.0037081342 | Y123: =(SUM('Valores Correntes'!G122:G125)/SUM('Valores Correntes'!G118:G121)-1)*'PIB Nominal 2'!G119 -> 0.0099738971 | Z123: =(SUM('Valores Correntes'!H122:H125)/SUM('Valores Correntes'!H118:H121)-1)*'PIB Nominal 2'!H119 -> 0.0015688021 | AA123: =(SUM('Valores Correntes'!I122:I125)/SUM('Valores Correntes'!I118:I121)-1)*'PIB Nominal 2'!I119 -> 0.0028720814 | ... AI123: =(SUM('Valores Correntes'!Q122:Q125)/SUM('Valores Correntes'!Q118:Q121)-1)*'PIB Nominal 2'!Q119 -> 0.0095411107 | AJ123: =SUM('Valores Correntes'!R122:R125)/SUM('Valores Correntes'!R118:R121)-1 -> 0.076889272 | AL123: =AJ123-(AI123+AG123+Y123+T123) -> 0
S124: 2026.II | T124: =(SUM('Valores Correntes'!B123:B126)/SUM('Valores Correntes'!B119:B122)-1)*'PIB Nominal 2'!B120 -> -0.0055248263 | U124: =(SUM('Valores Correntes'!C123:C126)/SUM('Valores Correntes'!C119:C122)-1)*'PIB Nominal 2'!C120 -> -0.000699116 | V124: =(SUM('Valores Correntes'!D123:D126)/SUM('Valores Correntes'!D119:D122)-1)*'PIB Nominal 2'!D120 -> 0.0076497213 | W124: =(SUM('Valores Correntes'!E123:E126)/SUM('Valores Correntes'!E119:E122)-1)*'PIB Nominal 2'!E120 -> 0.0029018246 | X124: =(SUM('Valores Correntes'!F123:F126)/SUM('Valores Correntes'!F119:F122)-1)*'PIB Nominal 2'!F120 -> 0.0029930935 | Y124: =(SUM('Valores Correntes'!G123:G126)/SUM('Valores Correntes'!G119:G122)-1)*'PIB Nominal 2'!G120 -> 0.012845523 | Z124: =(SUM('Valores Correntes'!H123:H126)/SUM('Valores Correntes'!H119:H122)-1)*'PIB Nominal 2'!H120 -> 0.00096094774 | AA124: =(SUM('Valores Correntes'!I123:I126)/SUM('Valores Correntes'!I119:I122)-1)*'PIB Nominal 2'!I120 -> 0.0025500026 | ... AI124: =(SUM('Valores Correntes'!Q123:Q126)/SUM('Valores Correntes'!Q119:Q122)-1)*'PIB Nominal 2'!Q120 -> 0.012139169 | AJ124: =SUM('Valores Correntes'!R123:R126)/SUM('Valores Correntes'!R119:R122)-1 -> 0.071962352 | AL124: =AJ124-(AI124+AG124+Y124+T124) -> 0

Sheet PIB Var. Real Tri
A1: Ótica da Demanda
J2: AGROPECUÁRIA | K2: INDÚSTRIA | P2: SERVIÇOS
A3: Trimestre | B3: PIB | C3: Consumo das Famílias | D3: Consumo do Governo | E3: Formação Bruta de Capital Fixo | F3: Exportação | G3: Importação | H3: Exportações Líquidas | I3: Trimestre | J3: Agropecuária | K3: Indústrias extrativas | L3: Indústrias de transformação | M3: Eletricidade e gás, água, esgoto, ativ. de gestão de resíduos | N3: Construção | O3: Indústria | P3: Comércio | Q3: Transporte, armazenagem e correio | R3: Informação e comunicação | S3: Atividades financeiras, de seguros e serviços relacionados | T3: Atividades Imobiliárias | U3: Outras atividades de serviços | V3: Adm., defesa, saúde e educação públicas e seguridade social | W3: Serviços | X3: VA | Y3: PIB
A4: ='Trimestre contra Trimestre Ant.'!A5 -> 1996.I | B4: ='Trimestre contra Trimestre Ant.'!Q5/100 -> 0 | C4: ='Trimestre contra Trimestre Ant.'!R5/100 -> 0 | D4: ='Trimestre contra Trimestre Ant.'!S5/100 -> 0 | E4: ='Trimestre contra Trimestre Ant.'!T5/100 -> 0 | F4: ='Trimestre contra Trimestre Ant.'!U5/100 -> 0 | G4: ='Trimestre contra Trimestre Ant.'!V5/100 -> 0 | H4: =F4-G4 -> 0 | I4: ='Trimestre contra Trimestre Ant.'!A5 -> 1996.I | J4: ='Trimestre contra Trimestre Ant.'!B5/100 -> 0 | K4: ='Trimestre contra Trimestre Ant.'!C5/100 -> 0 | L4: ='Trimestre contra Trimestre Ant.'!D5/100 -> 0 | M4: ='Trimestre contra Trimestre Ant.'!E5/100 -> 0 | N4: ='Trimestre contra Trimestre Ant.'!F5/100 -> 0 | O4: ='Trimestre contra Trimestre Ant.'!G5/100 -> 0 | P4: ='Trimestre contra Trimestre Ant.'!H5/100 -> 0 | Q4: ='Trimestre contra Trimestre Ant.'!I5/100 -> 0 | ... Y4: ='Trimestre contra Trimestre Ant.'!Q5/100 -> 0
A5: ='Trimestre contra Trimestre Ant.'!A6 -> 1996.II | B5: ='Trimestre contra Trimestre Ant.'!Q6/100 -> 0.011891662 | C5: ='Trimestre contra Trimestre Ant.'!R6/100 -> 0.020670043 | D5: ='Trimestre contra Trimestre Ant.'!S6/100 -> 0.016092551 | E5: ='Trimestre contra Trimestre Ant.'!T6/100 -> 0.019355389 | F5: ='Trimestre contra Trimestre Ant.'!U6/100 -> -0.028990378 | G5: ='Trimestre contra Trimestre Ant.'!V6/100 -> 0.091330691 | H5: =F5-G5 -> -0.12032107 | I5: ='Trimestre contra Trimestre Ant.'!A6 -> 1996.II | J5: ='Trimestre contra Trimestre Ant.'!B6/100 -> 0.014056204 | K5: ='Trimestre contra Trimestre Ant.'!C6/100 -> -0.0042489475 | L5: ='Trimestre contra Trimestre Ant.'!D6/100 -> -0.050751008 | M5: ='Trimestre contra Trimestre Ant.'!E6/100 -> 0.006464082 | N5: ='Trimestre contra Trimestre Ant.'!F6/100 -> -0.0095181231 | O5: ='Trimestre contra Trimestre Ant.'!G6/100 -> -0.036926725 | P5: ='Trimestre contra Trimestre Ant.'!H6/100 -> 0.017965925 | Q5: ='Trimestre contra Trimestre Ant.'!I6/100 -> -0.014493752 | ... Y5: ='Trimestre contra Trimestre Ant.'!Q6/100 -> 0.011891662
A6: ='Trimestre contra Trimestre Ant.'!A7 -> 1996.III | B6: ='Trimestre contra Trimestre Ant.'!Q7/100 -> 0.0369284 | C6: ='Trimestre contra Trimestre Ant.'!R7/100 -> 0.027929375 | D6: ='Trimestre contra Trimestre Ant.'!S7/100 -> 0.034723973 | E6: ='Trimestre contra Trimestre Ant.'!T7/100 -> 0.037446034 | F6: ='Trimestre contra Trimestre Ant.'!U7/100 -> -0.0051056506 | G6: ='Trimestre contra Trimestre Ant.'!V7/100 -> 0.073647927 | H6: =F6-G6 -> -0.078753577 | I6: ='Trimestre contra Trimestre Ant.'!A7 -> 1996.III | J6: ='Trimestre contra Trimestre Ant.'!B7/100 -> 0.053540981 | K6: ='Trimestre contra Trimestre Ant.'!C7/100 -> -0.049559555 | L6: ='Trimestre contra Trimestre Ant.'!D7/100 -> 0.15364273 | M6: ='Trimestre contra Trimestre Ant.'!E7/100 -> 0.0086606043 | N6: ='Trimestre contra Trimestre Ant.'!F7/100 -> 0.0079689141 | O6: ='Trimestre contra Trimestre Ant.'!G7/100 -> 0.089951725 | P6: ='Trimestre contra Trimestre Ant.'!H7/100 -> 0.026222413 | Q6: ='Trimestre contra Trimestre Ant.'!I7/100 -> 0.031251889 | ... Y6: ='Trimestre contra Trimestre Ant.'!Q7/100 -> 0.0369284
A7: ='Trimestre contra Trimestre Ant.'!A8 -> 1996.IV | B7: ='Trimestre contra Trimestre Ant.'!Q8/100 -> -0.0095177098 | C7: ='Trimestre contra Trimestre Ant.'!R8/100 -> 0.052515739 | D7: ='Trimestre contra Trimestre Ant.'!S8/100 -> -0.15049974 | E7: ='Trimestre contra Trimestre Ant.'!T8/100 -> 0.042627093 | F7: ='Trimestre contra Trimestre Ant.'!U8/100 -> 0.030935974 | G7: ='Trimestre contra Trimestre Ant.'!V8/100 -> 0.10932623 | H7: =F7-G7 -> -0.078390258 | I7: ='Trimestre contra Trimestre Ant.'!A8 -> 1996.IV | J7: ='Trimestre contra Trimestre Ant.'!B8/100 -> 0.23627056 | K7: ='Trimestre contra Trimestre Ant.'!C8/100 -> 0.04768471 | L7: ='Trimestre contra Trimestre Ant.'!D8/100 -> -0.096242662 | M7: ='Trimestre contra Trimestre Ant.'!E8/100 -> 0.022371308 | N7: ='Trimestre contra Trimestre Ant.'!F8/100 -> -0.0014229319 | O7: ='Trimestre contra Trimestre Ant.'!G8/100 -> -0.060858562 | P7: ='Trimestre contra Trimestre Ant.'!H8/100 -> 0.013942763 | Q7: ='Trimestre contra Trimestre Ant.'!I8/100 -> -0.035753816 | ... Y7: ='Trimestre contra Trimestre Ant.'!Q8/100 -> -0.0095177098
A8: ='Trimestre contra Trimestre Ant.'!A9 -> 1997.I | B8: ='Trimestre contra Trimestre Ant.'!Q9/100 -> 0.010767159 | C8: ='Trimestre contra Trimestre Ant.'!R9/100 -> -0.02312387 | D8: ='Trimestre contra Trimestre Ant.'!S9/100 -> 0.13282502 | E8: ='Trimestre contra Trimestre Ant.'!T9/100 -> 0.0085122326 | F8: ='Trimestre contra Trimestre Ant.'!U9/100 -> 0.063685436 | G8: ='Trimestre contra Trimestre Ant.'!V9/100 -> -0.0028102123 | H8: =F8-G8 -> 0.066495648 | I8: ='Trimestre contra Trimestre Ant.'!A9 -> 1997.I | J8: ='Trimestre contra Trimestre Ant.'!B9/100 -> -0.19021829 | K8: ='Trimestre contra Trimestre Ant.'!C9/100 -> 0.010919209 | L8: ='Trimestre contra Trimestre Ant.'!D9/100 -> 0.035383569 | M8: ='Trimestre contra Trimestre Ant.'!E9/100 -> 0.02407272 | N8: ='Trimestre contra Trimestre Ant.'!F9/100 -> 0.034817398 | O8: ='Trimestre contra Trimestre Ant.'!G9/100 -> 0.050656663 | P8: ='Trimestre contra Trimestre Ant.'!H9/100 -> 0.0016045029 | Q8: ='Trimestre contra Trimestre Ant.'!I9/100 -> 0.04903681 | ... Y8: ='Trimestre contra Trimestre Ant.'!Q9/100 -> 0.010767159
A9: ='Trimestre contra Trimestre Ant.'!A10 -> 1997.II | B9: ='Trimestre contra Trimestre Ant.'!Q10/100 -> 0.0048375147 | C9: ='Trimestre contra Trimestre Ant.'!R10/100 -> 0.0027666178 | D9: ='Trimestre contra Trimestre Ant.'!S10/100 -> -0.0040321644 | E9: ='Trimestre contra Trimestre Ant.'!T10/100 -> 0.014064721 | F9: ='Trimestre contra Trimestre Ant.'!U10/100 -> 0.064184263 | G9: ='Trimestre contra Trimestre Ant.'!V10/100 -> 0.041554178 | H9: =F9-G9 -> 0.022630085 | I9: ='Trimestre contra Trimestre Ant.'!A10 -> 1997.II | J9: ='Trimestre contra Trimestre Ant.'!B10/100 -> -0.014649222 | K9: ='Trimestre contra Trimestre Ant.'!C10/100 -> 0.017928655 | L9: ='Trimestre contra Trimestre Ant.'!D10/100 -> 0.012842817 | M9: ='Trimestre contra Trimestre Ant.'!E10/100 -> -0.0089805036 | N9: ='Trimestre contra Trimestre Ant.'!F10/100 -> 0.025181769 | O9: ='Trimestre contra Trimestre Ant.'!G10/100 -> -0.0014810229 | P9: ='Trimestre contra Trimestre Ant.'!H10/100 -> 0.0057550609 | Q9: ='Trimestre contra Trimestre Ant.'!I10/100 -> 0.029430015 | ... Y9: ='Trimestre contra Trimestre Ant.'!Q10/100 -> 0.0048375147
A10: ='Trimestre contra Trimestre Ant.'!A11 -> 1997.III | B10: ='Trimestre contra Trimestre Ant.'!Q11/100 -> 0.012716514 | C10: ='Trimestre contra Trimestre Ant.'!R11/100 -> -0.0096052413 | D10: ='Trimestre contra Trimestre Ant.'!S11/100 -> -0.015693782 | E10: ='Trimestre contra Trimestre Ant.'!T11/100 -> 0.019577167 | F10: ='Trimestre contra Trimestre Ant.'!U11/100 -> 0.01974231 | G10: ='Trimestre contra Trimestre Ant.'!V11/100 -> 0.0064451195 | H10: =F10-G10 -> 0.013297191 | I10: ='Trimestre contra Trimestre Ant.'!A11 -> 1997.III | J10: ='Trimestre contra Trimestre Ant.'!B11/100 -> 0.03246908 | K10: ='Trimestre contra Trimestre Ant.'!C11/100 -> 0.030982488 | L10: ='Trimestre contra Trimestre Ant.'!D11/100 -> 0.0047498924 | M10: ='Trimestre contra Trimestre Ant.'!E11/100 -> 0.029457716 | N10: ='Trimestre contra Trimestre Ant.'!F11/100 -> 0.029313347 | O10: ='Trimestre contra Trimestre Ant.'!G11/100 -> 0.01881761 | P10: ='Trimestre contra Trimestre Ant.'!H11/100 -> 0.014161338 | Q10: ='Trimestre contra Trimestre Ant.'!I11/100 -> 0.0055434052 | ... Y10: ='Trimestre contra Trimestre Ant.'!Q11/100 -> 0.012716514
A11: ='Trimestre contra Trimestre Ant.'!A12 -> 1997.IV | B11: ='Trimestre contra Trimestre Ant.'!Q12/100 -> 0.0084076386 | C11: ='Trimestre contra Trimestre Ant.'!R12/100 -> 0.0013054578 | D11: ='Trimestre contra Trimestre Ant.'!S12/100 -> 0.007137161 | E11: ='Trimestre contra Trimestre Ant.'!T12/100 -> -0.0065264472 | F11: ='Trimestre contra Trimestre Ant.'!U12/100 -> -0.045735943 | G11: ='Trimestre contra Trimestre Ant.'!V12/100 -> -0.059839809 | H11: =F11-G11 -> 0.014103866 | I11: ='Trimestre contra Trimestre Ant.'!A12 -> 1997.IV | J11: ='Trimestre contra Trimestre Ant.'!B12/100 -> 0.086182696 | K11: ='Trimestre contra Trimestre Ant.'!C12/100 -> -0.0013140761 | L11: ='Trimestre contra Trimestre Ant.'!D12/100 -> -0.01344706 | M11: ='Trimestre contra Trimestre Ant.'!E12/100 -> 0.013251554 | N11: ='Trimestre contra Trimestre Ant.'!F12/100 -> 0.01821875 | O11: ='Trimestre contra Trimestre Ant.'!G12/100 -> -0.0035615598 | P11: ='Trimestre contra Trimestre Ant.'!H12/100 -> 0.0016237599 | Q11: ='Trimestre contra Trimestre Ant.'!I12/100 -> 0.019654908 | ... Y11: ='Trimestre contra Trimestre Ant.'!Q12/100 -> 0.0084076386
A12: ='Trimestre contra Trimestre Ant.'!A13 -> 1998.I | B12: ='Trimestre contra Trimestre Ant.'!Q13/100 -> -0.019771681 | C12: ='Trimestre contra Trimestre Ant.'!R13/100 -> 0.00017047604 | D12: ='Trimestre contra Trimestre Ant.'!S13/100 -> 0.023951709 | E12: ='Trimestre contra Trimestre Ant.'!T13/100 -> 0.005432808 | F12: ='Trimestre contra Trimestre Ant.'!U13/100 -> 0.059880883 | G12: ='Trimestre contra Trimestre Ant.'!V13/100 -> 0.090290072 | H12: =F12-G12 -> -0.030409189 | I12: ='Trimestre contra Trimestre Ant.'!A13 -> 1998.I | J12: ='Trimestre contra Trimestre Ant.'!B13/100 -> -0.11027025 | K12: ='Trimestre contra Trimestre Ant.'!C13/100 -> 0.014874866 | L12: ='Trimestre contra Trimestre Ant.'!D13/100 -> -0.042208336 | M12: ='Trimestre contra Trimestre Ant.'!E13/100 -> -0.0054049598 | N12: ='Trimestre contra Trimestre Ant.'!F13/100 -> -0.012812009 | O12: ='Trimestre contra Trimestre Ant.'!G13/100 -> -0.022456869 | P12: ='Trimestre contra Trimestre Ant.'!H13/100 -> -0.023306886 | Q12: ='Trimestre contra Trimestre Ant.'!I13/100 -> -0.036634246 | ... Y12: ='Trimestre contra Trimestre Ant.'!Q13/100 -> -0.019771681
A13: ='Trimestre contra Trimestre Ant.'!A14 -> 1998.II | B13: ='Trimestre contra Trimestre Ant.'!Q14/100 -> 0.017124215 | C13: ='Trimestre contra Trimestre Ant.'!R14/100 -> -0.0030922031 | D13: ='Trimestre contra Trimestre Ant.'!S14/100 -> 0.0066769247 | E13: ='Trimestre contra Trimestre Ant.'!T14/100 -> 0.0036669941 | F13: ='Trimestre contra Trimestre Ant.'!U14/100 -> 0.026877997 | G13: ='Trimestre contra Trimestre Ant.'!V14/100 -> -0.053882377 | H13: =F13-G13 -> 0.080760374 | I13: ='Trimestre contra Trimestre Ant.'!A14 -> 1998.II | J13: ='Trimestre contra Trimestre Ant.'!B14/100 -> 0.1253657 | K13: ='Trimestre contra Trimestre Ant.'!C14/100 -> 0.017327217 | L13: ='Trimestre contra Trimestre Ant.'!D14/100 -> 0.015903105 | M13: ='Trimestre contra Trimestre Ant.'!E14/100 -> -0.0034442963 | N13: ='Trimestre contra Trimestre Ant.'!F14/100 -> 0.012480028 | O13: ='Trimestre contra Trimestre Ant.'!G14/100 -> 0.012827494 | P13: ='Trimestre contra Trimestre Ant.'!H14/100 -> 0.016550506 | Q13: ='Trimestre contra Trimestre Ant.'!I14/100 -> 0.037946442 | ... Y13: ='Trimestre contra Trimestre Ant.'!Q14/100 -> 0.017124215
A14: ='Trimestre contra Trimestre Ant.'!A15 -> 1998.III | B14: ='Trimestre contra Trimestre Ant.'!Q15/100 -> -0.0002876667 | C14: ='Trimestre contra Trimestre Ant.'!R15/100 -> 0.0030750461 | D14: ='Trimestre contra Trimestre Ant.'!S15/100 -> 0.017360796 | E14: ='Trimestre contra Trimestre Ant.'!T15/100 -> -0.012910957 | F14: ='Trimestre contra Trimestre Ant.'!U15/100 -> -0.042635468 | G14: ='Trimestre contra Trimestre Ant.'!V15/100 -> 0.010243691 | H14: =F14-G14 -> -0.052879159 | I14: ='Trimestre contra Trimestre Ant.'!A15 -> 1998.III | J14: ='Trimestre contra Trimestre Ant.'!B15/100 -> -0.026230377 | K14: ='Trimestre contra Trimestre Ant.'!C15/100 -> -0.013750265 | L14: ='Trimestre contra Trimestre Ant.'!D15/100 -> -0.0097632831 | M14: ='Trimestre contra Trimestre Ant.'!E15/100 -> 0.00045146022 | N14: ='Trimestre contra Trimestre Ant.'!F15/100 -> -0.014888066 | O14: ='Trimestre contra Trimestre Ant.'!G15/100 -> -0.012699203 | P14: ='Trimestre contra Trimestre Ant.'!H15/100 -> -0.011537292 | Q14: ='Trimestre contra Trimestre Ant.'!I15/100 -> 0.0040640859 | ... Y14: ='Trimestre contra Trimestre Ant.'!Q15/100 -> -0.0002876667
A15: ='Trimestre contra Trimestre Ant.'!A16 -> 1998.IV | B15: ='Trimestre contra Trimestre Ant.'!Q16/100 -> -0.011467992 | C15: ='Trimestre contra Trimestre Ant.'!R16/100 -> -0.013236167 | D15: ='Trimestre contra Trimestre Ant.'!S16/100 -> -0.0073944295 | E15: ='Trimestre contra Trimestre Ant.'!T16/100 -> -0.045011696 | F15: ='Trimestre contra Trimestre Ant.'!U16/100 -> 0.0036441054 | G15: ='Trimestre contra Trimestre Ant.'!V16/100 -> -0.056571928 | H15: =F15-G15 -> 0.060216033 | I15: ='Trimestre contra Trimestre Ant.'!A16 -> 1998.IV | J15: ='Trimestre contra Trimestre Ant.'!B16/100 -> -0.020770049 | K15: ='Trimestre contra Trimestre Ant.'!C16/100 -> -0.010416728 | L15: ='Trimestre contra Trimestre Ant.'!D16/100 -> -0.035911782 | M15: ='Trimestre contra Trimestre Ant.'!E16/100 -> -0.0078581438 | N15: ='Trimestre contra Trimestre Ant.'!F16/100 -> -0.024471579 | O15: ='Trimestre contra Trimestre Ant.'!G16/100 -> -0.031185236 | P15: ='Trimestre contra Trimestre Ant.'!H16/100 -> -0.042913386 | Q15: ='Trimestre contra Trimestre Ant.'!I16/100 -> -0.039909089 | ... Y15: ='Trimestre contra Trimestre Ant.'!Q16/100 -> -0.011467992
... A125: ='Trimestre contra Trimestre Ant.'!A126 -> 2026.II | B125: ='Trimestre contra Trimestre Ant.'!Q126/100 -> 0.0047884015 | C125: ='Trimestre contra Trimestre Ant.'!R126/100 -> -0.0044380458 | D125: ='Trimestre contra Trimestre Ant.'!S126/100 -> 0.004215136 | E125: ='Trimestre contra Trimestre Ant.'!T126/100 -> 0.012001045 | F125: ='Trimestre contra Trimestre Ant.'!U126/100 -> -0.0075488797 | G125: ='Trimestre contra Trimestre Ant.'!V126/100 -> 0.01802764 | H125: =F125-G125 -> -0.02557652 | I125: ='Trimestre contra Trimestre Ant.'!A126 -> 2026.II | J125: ='Trimestre contra Trimestre Ant.'!B126/100 -> 0.028213171 | K125: ='Trimestre contra Trimestre Ant.'!C126/100 -> 0.034066744 | L125: ='Trimestre contra Trimestre Ant.'!D126/100 -> -0.0037959622 | M125: ='Trimestre contra Trimestre Ant.'!E126/100 -> -0.010717881 | N125: ='Trimestre contra Trimestre Ant.'!F126/100 -> -0.0035722726 | O125: ='Trimestre contra Trimestre Ant.'!G126/100 -> 0.0012142255 | P125: ='Trimestre contra Trimestre Ant.'!H126/100 -> 0.00048255341 | Q125: ='Trimestre contra Trimestre Ant.'!I126/100 -> 0.010702845 | ... Y125: ='Trimestre contra Trimestre Ant.'!Q126/100 -> 0.0047884015

Sheet PIB Var. Real 4t
A1: Ótica da Demanda
J2: AGROPECUÁRIA | K2: INDÚSTRIA | P2: SERVIÇOS | X2: VA | Y2: Imposto | Z2: PIB
A3: Trimestre | B3: PIB | C3: Consumo das Famílias | D3: Consumo do Governo | E3: Formação Bruta de Capital Fixo | F3: Exportação | G3: Importação | I3: Trimestre | J3: Agropecuária | K3: Indústrias extrativas | L3: Indústrias de transformação | M3: Eletricidade e gás, água, esgoto, ativ. de gestão de resíduos | N3: Construção | O3: Indústria - Total | P3: Comércio | Q3: Transporte, armazenagem e correio | R3: Informação e comunicação | S3: Atividades financeiras, de seguros e serviços relacionados | T3: Atividades Imobiliárias | U3: Outras atividades de serviços | V3: Adm., defesa, saúde e educação públicas e seguridade social | W3: Serviços - Total
A4: 1996.I | B4: ='Acum. em 4 trimestres'!R5/100 -> 0.025196866 | C4: ='Acum. em 4 trimestres'!S5/100 -> 0.024902088 | D4: ='Acum. em 4 trimestres'!T5/100 -> -0.0016449651 | E4: ='Acum. em 4 trimestres'!U5/100 -> -0.091630448 | F4: ='Acum. em 4 trimestres'!V5/100 -> 0.11214702 | G4: ='Acum. em 4 trimestres'!W5/100 -> -0.019413575 | I4: 1996.I | J4: ='Acum. em 4 trimestres'!B5/100 -> -0.019392683 | K4: ='Acum. em 4 trimestres'!C5/100 -> 0.023086172 | L4: ='Acum. em 4 trimestres'!D5/100 -> 0.012947563 | M4: ='Acum. em 4 trimestres'!E5/100 -> 0.0035330238 | N4: ='Acum. em 4 trimestres'!F5/100 -> -0.062399908 | O4: ='Acum. em 4 trimestres'!G5/100 -> -0.0064066569 | P4: ='Acum. em 4 trimestres'!H5/100 -> 0.029330482 | Q4: ='Acum. em 4 trimestres'!I5/100 -> 0.094464267 | ... Z4: ='Acum. em 4 trimestres'!R5/100 -> 0.025196866
A5: 1996.II | B5: ='Acum. em 4 trimestres'!R6/100 -> 0.021356122 | C5: ='Acum. em 4 trimestres'!S6/100 -> 0.025867536 | D5: ='Acum. em 4 trimestres'!T6/100 -> -0.0069596315 | E5: ='Acum. em 4 trimestres'!U6/100 -> -0.09787323 | F5: ='Acum. em 4 trimestres'!V6/100 -> 0.070274117 | G5: ='Acum. em 4 trimestres'!W6/100 -> -0.071365615 | I5: 1996.II | J5: ='Acum. em 4 trimestres'!B6/100 -> -0.016905568 | K5: ='Acum. em 4 trimestres'!C6/100 -> 0.064502671 | L5: ='Acum. em 4 trimestres'!D6/100 -> -0.025695721 | M5: ='Acum. em 4 trimestres'!E6/100 -> 0.021492124 | N5: ='Acum. em 4 trimestres'!F6/100 -> -0.044321231 | O5: ='Acum. em 4 trimestres'!G6/100 -> -0.022684924 | P5: ='Acum. em 4 trimestres'!H6/100 -> 0.0037274615 | Q5: ='Acum. em 4 trimestres'!I6/100 -> 0.087780831 | ... Z5: ='Acum. em 4 trimestres'!R6/100 -> 0.021356122
A6: 1996.III | B6: ='Acum. em 4 trimestres'!R7/100 -> 0.02309147 | C6: ='Acum. em 4 trimestres'!S7/100 -> 0.033330881 | D6: ='Acum. em 4 trimestres'!T7/100 -> -0.0076561841 | E6: ='Acum. em 4 trimestres'!U7/100 -> -0.043899793 | F6: ='Acum. em 4 trimestres'!V7/100 -> 0.0062413065 | G6: ='Acum. em 4 trimestres'!W7/100 -> -0.028008337 | I6: 1996.III | J6: ='Acum. em 4 trimestres'!B7/100 -> -0.03653437 | K6: ='Acum. em 4 trimestres'!C7/100 -> 0.054348149 | L6: ='Acum. em 4 trimestres'!D7/100 -> 0.002609019 | M6: ='Acum. em 4 trimestres'!E7/100 -> 0.02882425 | N6: ='Acum. em 4 trimestres'!F7/100 -> -0.005292956 | O6: ='Acum. em 4 trimestres'!G7/100 -> 0.0050274181 | P6: ='Acum. em 4 trimestres'!H7/100 -> 0.013589427 | Q6: ='Acum. em 4 trimestres'!I7/100 -> 0.06782862 | ... Z6: ='Acum. em 4 trimestres'!R7/100 -> 0.02309147
A7: 1996.IV | B7: ='Acum. em 4 trimestres'!R8/100 -> 0.022088641 | C7: ='Acum. em 4 trimestres'!S8/100 -> 0.032365808 | D7: ='Acum. em 4 trimestres'!T8/100 -> -0.018257396 | E7: ='Acum. em 4 trimestres'!U8/100 -> 0.011955211 | F7: ='Acum. em 4 trimestres'!V8/100 -> -0.0041986447 | G7: ='Acum. em 4 trimestres'!W8/100 -> 0.055943152 | I7: 1996.IV | J7: ='Acum. em 4 trimestres'!B8/100 -> 0.029531711 | K7: ='Acum. em 4 trimestres'!C8/100 -> 0.024380536 | L7: ='Acum. em 4 trimestres'!D8/100 -> 0.0008022077 | M7: ='Acum. em 4 trimestres'!E8/100 -> 0.03117207 | N7: ='Acum. em 4 trimestres'!F8/100 -> 0.022140377 | O7: ='Acum. em 4 trimestres'!G8/100 -> 0.0097461659 | P7: ='Acum. em 4 trimestres'!H8/100 -> 0.01813372 | Q7: ='Acum. em 4 trimestres'!I8/100 -> 0.056181011 | ... Z7: ='Acum. em 4 trimestres'!R8/100 -> 0.022088641
A8: 1997.I | B8: ='Acum. em 4 trimestres'!R9/100 -> 0.031778325 | C8: ='Acum. em 4 trimestres'!S9/100 -> 0.054520213 | D8: ='Acum. em 4 trimestres'!T9/100 -> -0.0072613477 | E8: ='Acum. em 4 trimestres'!U9/100 -> 0.074286228 | F8: ='Acum. em 4 trimestres'!V9/100 -> -0.01589057 | G8: ='Acum. em 4 trimestres'!W9/100 -> 0.15839967 | I8: 1997.I | J8: ='Acum. em 4 trimestres'!B9/100 -> 0.040956496 | K8: ='Acum. em 4 trimestres'!C9/100 -> 0.016689031 | L8: ='Acum. em 4 trimestres'!D9/100 -> 0.025766165 | M8: ='Acum. em 4 trimestres'!E9/100 -> 0.03942278 | N8: ='Acum. em 4 trimestres'!F9/100 -> 0.048254706 | O8: ='Acum. em 4 trimestres'!G9/100 -> 0.032773883 | P8: ='Acum. em 4 trimestres'!H9/100 -> 0.040569004 | Q8: ='Acum. em 4 trimestres'!I9/100 -> 0.046849768 | ... Z8: ='Acum. em 4 trimestres'!R9/100 -> 0.031778325
A9: 1997.II | B9: ='Acum. em 4 trimestres'!R10/100 -> 0.040228433 | C9: ='Acum. em 4 trimestres'!S10/100 -> 0.064732685 | D9: ='Acum. em 4 trimestres'!T10/100 -> -0.0086766885 | E9: ='Acum. em 4 trimestres'!U10/100 -> 0.11467143 | F9: ='Acum. em 4 trimestres'!V10/100 -> 0.009901604 | G9: ='Acum. em 4 trimestres'!W10/100 -> 0.241773 | I9: 1997.II | J9: ='Acum. em 4 trimestres'!B10/100 -> 0.046706724 | K9: ='Acum. em 4 trimestres'!C10/100 -> 0.0098106788 | L9: ='Acum. em 4 trimestres'!D10/100 -> 0.063502632 | M9: ='Acum. em 4 trimestres'!E10/100 -> 0.045263586 | N9: ='Acum. em 4 trimestres'!F10/100 -> 0.065445832 | O9: ='Acum. em 4 trimestres'!G10/100 -> 0.060831953 | P9: ='Acum. em 4 trimestres'!H10/100 -> 0.055095425 | Q9: ='Acum. em 4 trimestres'!I10/100 -> 0.051255768 | ... Z9: ='Acum. em 4 trimestres'!R10/100 -> 0.040228433
A10: 1997.III | B10: ='Acum. em 4 trimestres'!R11/100 -> 0.030255588 | C10: ='Acum. em 4 trimestres'!S11/100 -> 0.056004507 | D10: ='Acum. em 4 trimestres'!T11/100 -> -0.030717428 | E10: ='Acum. em 4 trimestres'!U11/100 -> 0.11000093 | F10: ='Acum. em 4 trimestres'!V11/100 -> 0.066092356 | G10: ='Acum. em 4 trimestres'!W11/100 -> 0.24079648 | I10: 1997.III | J10: ='Acum. em 4 trimestres'!B11/100 -> 0.052349244 | K10: ='Acum. em 4 trimestres'!C11/100 -> 0.033541194 | L10: ='Acum. em 4 trimestres'!D11/100 -> 0.013306597 | M10: ='Acum. em 4 trimestres'!E11/100 -> 0.054653775 | N10: ='Acum. em 4 trimestres'!F11/100 -> 0.064228983 | O10: ='Acum. em 4 trimestres'!G11/100 -> 0.031440225 | P10: ='Acum. em 4 trimestres'!H11/100 -> 0.043959857 | Q10: ='Acum. em 4 trimestres'!I11/100 -> 0.042395146 | ... Z10: ='Acum. em 4 trimestres'!R11/100 -> 0.030255588
A11: 1997.IV | B11: ='Acum. em 4 trimestres'!R12/100 -> 0.03394846 | C11: ='Acum. em 4 trimestres'!S12/100 -> 0.030329739 | D11: ='Acum. em 4 trimestres'!T12/100 -> 0.012464329 | E11: ='Acum. em 4 trimestres'!U12/100 -> 0.084181144 | F11: ='Acum. em 4 trimestres'!V12/100 -> 0.11019289 | G11: ='Acum. em 4 trimestres'!W12/100 -> 0.14595077 | I11: 1997.IV | J11: ='Acum. em 4 trimestres'!B12/100 -> 0.0081302798 | K11: ='Acum. em 4 trimestres'!C12/100 -> 0.04997782 | L11: ='Acum. em 4 trimestres'!D12/100 -> 0.024934078 | M11: ='Acum. em 4 trimestres'!E12/100 -> 0.059046728 | N11: ='Acum. em 4 trimestres'!F12/100 -> 0.076055432 | O11: ='Acum. em 4 trimestres'!G12/100 -> 0.043749925 | P11: ='Acum. em 4 trimestres'!H12/100 -> 0.038542985 | Q11: ='Acum. em 4 trimestres'!I12/100 -> 0.061355717 | ... Z11: ='Acum. em 4 trimestres'!R12/100 -> 0.03394846
