Workbook

Sheet Outros Indicadores
A1: Coluna1 | B1: Selic | C1: IPCA | D1: Dólar | E1: Ibov | F1: Ibov/Dólar | G1: Resultado Primário | H1: Dívida Líquida | I1: Dívida Bruta | J1: Investimento Estrangeiro Direto | K1: Endividamento das Famílias (exc. Crédito Habitacional) | L1: IPOs B3 | M1: Índice de Confiança Empresarial | N1: Índice de Confiança do Consumidor | O1: Índice de Incerteza da Economia
A2: 34700 | B2: 0.4625 | C2: 6.3154 | D2: 0.8461 | E2: 3885 | F2: 4619.5006 | G2: 0.041
A3: 34731 | B3: 0.5654 | C3: 4.2683 | D3: 0.8398 | E3: 3270.9 | F3: 3845.8554 | G3: 0.0317
A4: 34759 | B4: 0.5798 | C4: 2.7478 | D4: 0.8884 | E4: 2979 | F4: 3328.4916 | G4: 0.0329
A5: 34790 | B5: 0.8547 | C5: 1.6905 | D5: 0.9065 | E5: 3813.7 | F5: 4181.6886 | G5: 0.0334
A6: 34820 | B6: 0.6105 | C6: 0.9179 | D6: 0.8964 | E6: 3720.6 | F6: 4111.1602 | G6: 0.0341
A7: 34851 | B7: 0.6084 | C7: 0.3303 | D7: 0.913 | E7: 3603.4 | F7: 3912.4864 | G7: 0.0281
A8: 34881 | B8: 0.6053 | C8: 0.2745 | D8: 0.9278 | E8: 3877.5 | F8: 4147.0588 | G8: 0.0249
A9: 34912 | B9: 0.5111 | C9: 0.2636 | D9: 0.941 | E9: 4310.5 | F9: 4537.3684 | G9: 0.0206
A10: 34943 | B10: 0.51 | C10: 0.2569 | D10: 0.9518 | E10: 4670.1 | F10: 4900.4197 | G10: 0.0164
A11: 34973 | B11: 0.4411 | C11: 0.2421 | D11: 0.9592 | E11: 4128.4 | F11: 4294.1544 | G11: 0.0118
A12: 35004 | B12: 0.4293 | C12: 0.2259 | D12: 0.9629 | E12: 4378.6 | F12: 4532.243 | G12: 0.0087
A13: 35034 | B13: 0.4122 | C13: 0.2241 | D13: 0.9678 | E13: 4299 | F13: 4422.8395 | G13: 0.0031 | J13: 4383.422
A14: 35065 | B14: 0.3383 | C14: 0.2197 | D14: 0.974 | E14: 5151.5 | F14: 5266.8439 | G14: -0.0019 | J14: 4654.22
A15: 35096 | B15: 0.3611 | C15: 0.2199 | D15: 0.9806 | E15: 4957.7 | F15: 5039.8495 | G15: 0.0009 | J15: 4870.237
A16: 35125 | B16: 0.3016 | C16: 0.2055 | D16: 0.9857 | E16: 4954.9 | F16: 5017.1122 | G16: 0.0012 | J16: 5488.542
A17: 35156 | B17: 0.2942 | C17: 0.1917 | D17: 0.9898 | E17: 5164.1 | F17: 5205.2212 | G17: -0.0038 | J17: 5920.877
A18: 35186 | B18: 0.2564 | C18: 0.1749 | D18: 0.9949 | E18: 5728 | F18: 5739.479 | G18: -0.0064 | J18: 7213.884
A19: 35217 | B19: 0.2965 | C19: 0.1626 | D19: 1.0009 | E19: 6043.9 | F19: 6019.8207 | G19: -0.0062 | J19: 8211.129
A20: 35247 | B20: 0.2328 | C20: 0.1484 | D20: 1.0065 | E20: 6123.3 | F20: 6057.875 | G20: -0.0057 | J20: 8445.443
A21: 35278 | B21: 0.2501 | C21: 0.1421 | D21: 1.013 | E21: 6259.4 | F21: 6157.7964 | G21: -0.0063 | J21: 8480.86
A22: 35309 | B22: 0.254 | C22: 0.1326 | D22: 1.0189 | E22: 6446.9 | F22: 6313.6813 | G22: -0.0059 | J22: 8224.787
A23: 35339 | B23: 0.2348 | C23: 0.1202 | D23: 1.0247 | E23: 6533.2 | F23: 6360.2025 | G23: -0.0071 | J23: 8808.858
A24: 35370 | B24: 0.2527 | C24: 0.1075 | D24: 1.03 | E24: 6666.1 | F24: 6454.3958 | G24: -0.0053 | J24: 9491.218
... A61: 36495 | B61: 0.1899 | C61: 0.0894 | D61: 1.8424 | E61: 17092 | F61: 9556.0774 | G61: 0.0227 | J61: 28385.676
A62: 36526 | B62: 0.1894 | C62: 0.0885 | D62: 1.8033 | E62: 16388 | F62: 9094.3396 | G62: 0.0233 | J62: 30112.053 | O62: 85.8
A63: 36557 | B63: 0.1887 | C63: 0.0786 | D63: 1.7749 | E63: 17660 | F63: 9988.1228 | G63: 0.0243 | J63: 27185.574 | O63: 86.1
A64: 36586 | B64: 0.1885 | C64: 0.0692 | D64: 1.7416 | E64: 17820 | F64: 10200.927 | G64: 0.0255 | J64: 27734.572 | O64: 85
A65: 36617 | B65: 0.1862 | C65: 0.0677 | D65: 1.7678 | E65: 15538 | F65: 8602.1148 | G65: 0.026 | J65: 26948.493 | O65: 86.3
A66: 36647 | B66: 0.1851 | C66: 0.0647 | D66: 1.8275 | E66: 14957 | F66: 8190.2311 | G66: 0.0288 | J66: 27358.284 | O66: 85.1
A67: 36678 | B67: 0.1804 | C67: 0.0651 | D67: 1.8079 | E67: 16728 | F67: 9295.399 | G67: 0.0269 | J67: 28735.192 | O67: 88.2
A68: 36708 | B68: 0.1685 | C68: 0.0706 | D68: 1.7974 | E68: 16455 | F68: 9273.5573 | G68: 0.024 | J68: 30308.683 | O68: 85.8
A69: 36739 | B69: 0.1652 | C69: 0.0786 | D69: 1.8088 | E69: 17347 | F69: 9515.6336 | G69: 0.0253 | J69: 30121.646 | O69: 86.5
A70: 36770 | B70: 0.1656 | C70: 0.0777 | D70: 1.8388 | E70: 15928 | F70: 8641.0242 | G70: 0.0233 | J70: 29181.28 | O70: 86.6
A71: 36800 | B71: 0.166 | C71: 0.0665 | D71: 1.8792 | E71: 14867 | F71: 7789.4792 | G71: 0.0216 | J71: 29183.63 | O71: 85.8
A72: 36831 | B72: 0.1651 | C72: 0.0599 | D72: 1.9476 | E72: 13287 | F72: 6781.8497 | G72: 0.0235 | J72: 33100.586 | O72: 86
A73: 36861 | B73: 0.1619 | C73: 0.0597 | D73: 1.9629 | E73: 15259 | F73: 7805.1151 | G73: 0.022 | J73: 32994.719 | O73: 83.6
A74: 36892 | B74: 0.1549 | C74: 0.0592 | D74: 1.9541 | E74: 17673 | F74: 8967.8794 | G74: 0.0229 | J74: 31632.649 | M74: 104.3 | O74: 88.1
A75: 36923 | B75: 0.152 | C75: 0.0627 | D75: 2.0015 | E75: 15891 | F75: 7771.4202 | G75: 0.022 | J75: 30936.254 | M75: 103.9 | O75: 86.2
A76: 36951 | B76: 0.1539 | C76: 0.0644 | D76: 2.0886 | E76: 14438 | F76: 6680.5478 | G76: 0.0214 | J76: 30783.336 | M76: 103.6 | O76: 86.6
A77: 36982 | B77: 0.1602 | C77: 0.0661 | D77: 2.1921 | E77: 14918 | F77: 6829.6479 | G77: 0.0251 | J77: 31425.763 | M77: 102.6 | O77: 89.5
A78: 37012 | B78: 0.1643 | C78: 0.0704 | D78: 2.2968 | E78: 14650 | F78: 6208.6794 | G78: 0.0253 | J78: 31796.805 | M78: 101 | O78: 90
A79: 37043 | B79: 0.1728 | C79: 0.0735 | D79: 2.3754 | E79: 14560 | F79: 6318.0733 | G79: 0.0254 | J79: 29472.223 | M79: 98.6 | O79: 102.4
A80: 37073 | B80: 0.1857 | C80: 0.0705 | D80: 2.4656 | E80: 13754 | F80: 5657.9868 | G80: 0.0266 | J80: 26621.799 | M80: 96.3 | O80: 99.2
A81: 37104 | B81: 0.19 | C81: 0.0641 | D81: 2.5102 | E81: 12841 | F81: 5033.1204 | G81: 0.0254 | J81: 25509.654 | M81: 93.9 | O81: 89.5
A82: 37135 | B82: 0.1906 | C82: 0.0646 | D82: 2.6713 | E82: 10636 | F82: 3982.1783 | G82: 0.0255 | J82: 25411.785 | M82: 90.7 | O82: 103
A83: 37165 | B83: 0.1906 | C83: 0.0719 | D83: 2.7398 | E83: 11365 | F83: 4198.8399 | G83: 0.0274 | J83: 24591.996 | M83: 88.4 | O83: 104.1
A84: 37196 | B84: 0.1905 | C84: 0.0761 | D84: 2.5427 | E84: 12932 | F84: 5114.8993 | G84: 0.0259 | J84: 21054.284 | M84: 91.7 | O84: 93
A85: 37226 | B85: 0.1905 | C85: 0.0767 | D85: 2.3623 | E85: 13577 | F85: 5852.1552 | G85: 0.0247 | J85: 23225.846 | M85: 94.4 | O85: 105.4
... A112: 38047 | B112: 0.1619 | C112: 0.0589 | D112: 2.9051 | E112: 22142 | F112: 7613.6442 | G112: 0.0316 | J112: 10879.007 | M112: 105 | O112: 98.2
A113: 38078 | B113: 0.1596 | C113: 0.0526 | D113: 2.9056 | E113: 19607 | F113: 6659.3078 | G113: 0.0301 | J113: 10458.965 | L113: 0 | M113: 105.4 | O113: 101.9
A114: 38108 | B114: 0.1577 | C114: 0.0515 | D114: 3.1 | E114: 19544 | F114: 6246.6839 | G114: 0.0305 | J114: 10126.901 | L114: 1 | M114: 109.6 | O114: 94.7
A115: 38139 | B115: 0.158 | C115: 0.0606 | D115: 3.1287 | E115: 21148 | F115: 6806.3468 | G115: 0.0328 | J115: 10667.587 | L115: 2 | M115: 113.1 | O115: 93.6
A116: 38169 | B116: 0.1577 | C116: 0.0681 | D116: 3.0364 | E116: 22336 | F116: 7380.3859 | G116: 0.0335 | J116: 11017.736 | L116: 0 | M116: 117.3 | O116: 94.6
A117: 38200 | B117: 0.1586 | C117: 0.0718 | D117: 3.0025 | E117: 22803 | F117: 7773.5733 | G117: 0.034 | J117: 16133.799 | L117: 0 | M117: 116.1 | O117: 91.8
A118: 38231 | B118: 0.1609 | C118: 0.067 | D118: 2.8907 | E118: 23245 | F118: 8132.7409 | G118: 0.0341 | J118: 16046.007 | L118: 1 | M118: 115.3 | O118: 93.6
A119: 38261 | B119: 0.1641 | C119: 0.0686 | D119: 2.8525 | E119: 23052 | F119: 8071.146 | G119: 0.0342 | J119: 17041.674 | L119: 1 | M119: 114.8 | O119: 89.5
A120: 38292 | B120: 0.1696 | C120: 0.0724 | D120: 2.7856 | E120: 25128 | F120: 9203.3842 | G120: 0.0337 | J120: 16415.956 | L120: 2 | M120: 113.7 | O120: 91.9
A121: 38322 | B121: 0.175 | C121: 0.076 | D121: 2.7178 | E121: 26196 | F121: 9870.3843 | G121: 0.0357 | J121: 18161.38 | L121: 0 | M121: 111.8 | O121: 89.8
A122: 38353 | B122: 0.1793 | C122: 0.0741 | D122: 2.6926 | E122: 24350 | F122: 9278.3112 | G122: 0.0368 | J122: 18343.721 | K122: 0.1384 | L122: 0 | M122: 109.2 | O122: 93.1
A123: 38384 | B123: 0.1847 | C123: 0.0739 | D123: 2.5974 | E123: 28139 | F123: 10845.217 | G123: 0.0355 | J123: 18171.126 | K123: 0.1419 | L123: 1 | M123: 106.8 | O123: 90.8
A124: 38412 | B124: 0.1897 | C124: 0.0754 | D124: 2.7043 | E124: 26610 | F124: 9981.9941 | G124: 0.036 | J124: 18880.085 | K124: 0.1456 | L124: 1 | M124: 104.3 | O124: 91.4
A125: 38443 | B125: 0.1932 | C125: 0.0807 | D125: 2.5788 | E125: 24843 | F125: 9815.8758 | G125: 0.0389 | J125: 21540.103 | K125: 0.1496 | L125: 0 | M125: 101.8 | O125: 98.3
A126: 38473 | B126: 0.1961 | C126: 0.0805 | D126: 2.4524 | E126: 25207 | F126: 10488.059 | G126: 0.0378 | J126: 22114.089 | K126: 0.1532 | L126: 1 | M126: 101.1 | O126: 99.6
A127: 38504 | B127: 0.1975 | C127: 0.0727 | D127: 2.4131 | E127: 25051 | F127: 10660 | G127: 0.0379 | J127: 22755.317 | K127: 0.1548 | L127: 1 | M127: 99.7 | O127: 100.4
A128: 38534 | B128: 0.1972 | C128: 0.0657 | D128: 2.3731 | E128: 26042 | F128: 10895.778 | G128: 0.0383 | J128: 23217.37 | K128: 0.1574 | L128: 2 | M128: 98.4 | O128: 99.8
A129: 38565 | B129: 0.1975 | C129: 0.0602 | D129: 2.3602 | E129: 28045 | F129: 11866.881 | G129: 0.0387 | J129: 18198.344 | K129: 0.1619 | L129: 0 | M129: 98.7 | O129: 99.3
A130: 38596 | B130: 0.1961 | C130: 0.0604 | D130: 2.294 | E130: 31583 | F130: 14215.051 | G130: 0.0377 | J130: 17643.316 | K130: 0.1643 | L130: 0 | M130: 98.8 | N130: 86.5 | O130: 95.4
A131: 38626 | B131: 0.1925 | C131: 0.0636 | D131: 2.2561 | E131: 30193 | F131: 13395.892 | G131: 0.0379 | J131: 17172.542 | K131: 0.1668 | L131: 1 | M131: 99.4 | N131: 88.6 | O131: 92.3
A132: 38657 | B132: 0.1887 | C132: 0.0622 | D132: 2.2104 | E132: 31916 | F132: 14463.881 | G132: 0.0369 | J132: 17198.615 | K132: 0.1692 | L132: 1 | M132: 96.7 | N132: 87.7 | O132: 97.4
A133: 38687 | B133: 0.1824 | C133: 0.0569 | D133: 2.2851 | E133: 33455 | F133: 14295.176 | G133: 0.0355 | J133: 15459.982 | K133: 0.1684 | L133: 1 | M133: 100 | N133: 88.5 | O133: 89.4
A134: 38718 | B134: 0.1765 | C134: 0.057 | D134: 2.2735 | E134: 38382 | F134: 17323.524 | G134: 0.0325 | J134: 15730.632 | K134: 0.1714 | L134: 0 | M134: 100.3 | N134: 95.4 | O134: 93.4
A135: 38749 | B135: 0.1728 | C135: 0.0551 | D135: 2.1615 | E135: 38610 | F135: 18083.462 | G135: 0.0322 | J135: 15782.235 | K135: 0.1736 | L135: 3 | M135: 101.3 | N135: 95.2 | O135: 89
A136: 38777 | B136: 0.1674 | C136: 0.0532 | D136: 2.1516 | E136: 37952 | F136: 17473.297 | G136: 0.0314 | J136: 16069.567 | K136: 0.1766 | L136: 2 | M136: 102 | N136: 94.2 | O136: 92.3
A137: 38808 | B137: 0.1619 | C137: 0.0463 | D137: 2.1289 | E137: 40363 | F137: 19323.535 | G137: 0.0323 | J137: 13867.901 | K137: 0.1796 | L137: 2 | M137: 101.6 | N137: 92.5 | O137: 90.1
A138: 38838 | B138: 0.157 | C138: 0.0423 | D138: 2.1777 | E138: 36530 | F138: 15881.918 | G138: 0.0321 | J138: 14682.913 | K138: 0.1823 | L138: 3 | M138: 98.1 | N138: 91 | O138: 98
A139: 38869 | B139: 0.1518 | C139: 0.0403 | D139: 2.2479 | E139: 36630 | F139: 16927.769 | G139: 0.0321 | J139: 14348.613 | K139: 0.1828 | L139: 2 | M139: 100.7 | N139: 89.9 | O139: 94.1
A140: 38899 | B140: 0.1498 | C140: 0.0397 | D140: 2.1889 | E140: 37077 | F140: 17040.629 | G140: 0.0312 | J140: 13929.521 | K140: 0.1847 | L140: 2 | M140: 102.7 | N140: 90.5 | O140: 93.5
A141: 38930 | B141: 0.1466 | C141: 0.0384 | D141: 2.1555 | E141: 39263 | F141: 18360.924 | G141: 0.0314 | J141: 14143.794 | K141: 0.1871 | L141: 0 | M141: 101.6 | N141: 90.3 | O141: 94
... A379: 46174 | B379: 0.1429 | C379: 0.0464 | D379: 5.1273 | E379: 172024 | F379: 33233.004 | G379: -0.0113 | J379: 89319.037 | K379: 0.3083 | L379: 0 | M379: 93 | N379: 88.7 | O379: 111.3
A380: 46204 | B380: 0.1415 | C380: 0.0444 | D380: 5.1136 | E380: 177999 | F380: 35059.878 | G380: -0.0062 | J380: 88377.348 | L380: 0 | M380: 91.6 | N380: 88.3 | O380: 109.4
A381: 46235 | B381: 0.1394 | C381: 0.0422 | D381: 5.1529 | E381: 177418 | F381: 34241.986 | L381: 0 | M381: 91.1 | N381: 84.7 | O381: 111.7
A382: 46266 | B382: 0.1385 | E382: 185547 | F382: 36015.956
A383: =IF(Tabela3[[#This Row],[Selic]]="","",EDATE(A382,1))
A384: =IF(Tabela3[[#This Row],[Selic]]="","",EDATE(A383,1))
A385: =IF(Tabela3[[#This Row],[Selic]]="","",EDATE(A384,1))
A386: =IF(B386="","",EDATE(#REF!,1))
A387: =IF(B387="","",EDATE(A386,1))
A388: =IF(B388="","",EDATE(A387,1))
A389: =IF(B389="","",EDATE(A388,1))
A390: =IF(B390="","",EDATE(A389,1))
A391: =IF(B391="","",EDATE(A390,1))

Sheet Presidentes
A1: Coluna1 | B1: FHC I | C1: FHC II | D1: Lula I | E1: Lula II | F1: Dilma I | G1: Dilma II | H1: Temer | I1: Bolsonaro | J1: Lula III
A2: 34700 | B2: 100
A3: 34731 | B3: 100
A4: 34759 | B4: 100
A5: 34790 | B5: 100
A6: 34820 | B6: 100
A7: 34851 | B7: 100
A8: 34881 | B8: 100
A9: 34912 | B9: 100
A10: 34943 | B10: 100
A11: 34973 | B11: 100
A12: 35004 | B12: 100
A13: 35034 | B13: 100
... A49: 36130 | B49: 100
A50: 36161 | C50: 100
A51: 36192 | C51: 100
A52: 36220 | C52: 100
A53: 36251 | C53: 100
A54: 36281 | C54: 100
A55: 36312 | C55: 100
A56: 36342 | C56: 100
A57: 36373 | C57: 100
A58: 36404 | C58: 100
A59: 36434 | C59: 100
A60: 36465 | C60: 100
A61: 36495 | C61: 100
... A97: 37591 | C97: 100
A98: 37622 | D98: 100
A99: 37653 | D99: 100
A100: 37681 | D100: 100
A101: 37712 | D101: 100
A102: 37742 | D102: 100
A103: 37773 | D103: 100
A104: 37803 | D104: 100
A105: 37834 | D105: 100
A106: 37865 | D106: 100
A107: 37895 | D107: 100
A108: 37926 | D108: 100
A109: 37956 | D109: 100
... A145: 39052 | D145: 100
A146: 39083 | E146: 100
A147: 39114 | E147: 100
A148: 39142 | E148: 100
A149: 39173 | E149: 100
A150: 39203 | E150: 100
A151: 39234 | E151: 100
A152: 39264 | E152: 100
A153: 39295 | E153: 100
A154: 39326 | E154: 100
A155: 39356 | E155: 100
A156: 39387 | E156: 100
A157: 39417 | E157: 100
... A193: 40513 | E193: 100
A194: 40544 | F194: 100
A195: 40575 | F195: 100
A196: 40603 | F196: 100
A197: 40634 | F197: 100
A198: 40664 | F198: 100
A199: 40695 | F199: 100
A200: 40725 | F200: 100
A201: 40756 | F201: 100
A202: 40787 | F202: 100
A203: 40817 | F203: 100
A204: 40848 | F204: 100
A205: 40878 | F205: 100
... A241: 41974 | F241: 100
A242: 42005 | G242: 100
A243: 42036 | G243: 100
A244: 42064 | G244: 100
A245: 42095 | G245: 100
A246: 42125 | G246: 100
A247: 42156 | G247: 100
A248: 42186 | G248: 100
A249: 42217 | G249: 100
A250: 42248 | G250: 100
A251: 42278 | G251: 100
A252: 42309 | G252: 100
A253: 42339 | G253: 100
... A260: 42552 | G260: 100
A261: 42583 | H261: 100
A262: 42614 | H262: 100
A263: 42644 | H263: 100
A264: 42675 | H264: 100
A265: 42705 | H265: 100
A266: 42736 | H266: 100
A267: 42767 | H267: 100
A268: 42795 | H268: 100
A269: 42826 | H269: 100
A270: 42856 | H270: 100
A271: 42887 | H271: 100
A272: 42917 | H272: 100
... A289: 43435 | H289: 100
A290: 43466 | I290: 100
A291: 43497 | I291: 100
A292: 43525 | I292: 100
A293: 43556 | I293: 100
A294: 43586 | I294: 100
A295: 43617 | I295: 100
A296: 43647 | I296: 100
A297: 43678 | I297: 100
...

Sheet Dívida Bruta
A1: Data | B1: 4468 - Dívida Líquida do Setor Público - Saldos em R$ milhões - Total - Governo Federal e Banco Central - R$ (milhões) | C1: 4501 - Divida líquida do governo geral - Saldos em R$ milhões - R$ (milhões) | D1: 4502 - Dívida bruta do governo geral - Saldos em R$ milhões - Metodologia utilizada até 2007 - R$ (milhões) | O1: Coluna1 | P1: FHC I | Q1: FHC II | R1: Lula I | S1: Lula II | T1: Dilma I | U1: Dilma II | V1: Temer | W1: Bolsonaro | X1: Lula III | AA1: FHC II | AB1: Lula I | AC1: Lula II | AD1: Dilma I | AE1: Dilma II | AF1: Temer | AG1: Bolsonaro | AH1: Lula III | AJ1: Data | AK1: 4382 - PIB acumulado dos últimos 12 meses - Valores correntes (R$ milhões) - R$ (milhões) | AN1: FHC II | AO1: Lula I | AP1: Lula II | AQ1: Dilma I | AR1: Dilma II | AS1: Temer | AT1: Bolsonaro | AU1: Lula III
A2: 33239 | B2: 4.63 | C2: - | D2: - | E2: =A2 -> 33239 | I2: =A2 -> 33239 | O2: 34700 | P2: {=IF(OR($O2<P$387,$O2>P$388),"",IFERROR(IF($O2=P$387,100,P1)*INDEX($B$2:$B$428,MATCH($O2,$A$2:$A$428,0))/INDEX($B$2:$B$428,MATCH($O2,$A$2:$A$428,0)-1),""))} -> 99.14702 | Q2: {=IF(OR($O2<Q$387,$O2>Q$388),"",IFERROR(IF($O2=Q$387,100,Q1)*INDEX($B$2:$B$428,MATCH($O2,$A$2:$A$428,0))/INDEX($B$2:$B$428,MATCH($O2,$A$2:$A$428,0)-1),""))} | R2: {=IF(OR($O2<R$387,$O2>R$388),"",IFERROR(IF($O2=R$387,100,R1)*INDEX($B$2:$B$428,MATCH($O2,$A$2:$A$428,0))/INDEX($B$2:$B$428,MATCH($O2,$A$2:$A$428,0)-1),""))} | S2: {=IF(OR($O2<S$387,$O2>S$388),"",IFERROR(IF($O2=S$387,100,S1)*INDEX($B$2:$B$428,MATCH($O2,$A$2:$A$428,0))/INDEX($B$2:$B$428,MATCH($O2,$A$2:$A$428,0)-1),""))} | T2: {=IF(OR($O2<T$387,$O2>T$388),"",IFERROR(IF($O2=T$387,100,T1)*INDEX($B$2:$B$428,MATCH($O2,$A$2:$A$428,0))/INDEX($B$2:$B$428,MATCH($O2,$A$2:$A$428,0)-1),""))} | U2: {=IF(OR($O2<U$387,$O2>U$388),"",IFERROR(IF($O2=U$387,100,U1)*INDEX($B$2:$B$428,MATCH($O2,$A$2:$A$428,0))/INDEX($B$2:$B$428,MATCH($O2,$A$2:$A$428,0)-1),""))} | V2: {=IF(OR($O2<V$387,$O2>V$388),"",IFERROR(IF($O2=V$387,100,V1)*INDEX($B$2:$B$428,MATCH($O2,$A$2:$A$428,0))/INDEX($B$2:$B$428,MATCH($O2,$A$2:$A$428,0)-1),""))} | W2: {=IF(OR($O2<W$387,$O2>W$388),"",IFERROR(IF($O2=W$387,100,W1)*INDEX($B$2:$B$428,MATCH($O2,$A$2:$A$428,0))/INDEX($B$2:$B$428,MATCH($O2,$A$2:$A$428,0)-1),""))} | X2: {=IF(OR($O2<X$387,$O2>X$388),"",IFERROR(IF($O2=X$387,100,X1)*INDEX($B$2:$B$428,MATCH($O2,$A$2:$A$428,0))/INDEX($B$2:$B$428,MATCH($O2,$A$2:$A$428,0)-1),""))} | AA2: {=IF(EDATE(AA$387,ROW()-2)>AA$388,"",IFERROR(IF(ROW()=2,100,AA1)*INDEX($D$2:$D$428,MATCH(EDATE(AA$387,ROW()-2),$A$2:$A$428,0))/INDEX($D$2:$D$428,MATCH(EDATE(AA$387,ROW()-2),$A$2:$A$428,0)-1),""))} -> 114.80601 | AB2: {=IF(EDATE(AB$387,ROW()-2)>AB$388,"",IFERROR(IF(ROW()=2,100,AB1)*INDEX($D$2:$D$428,MATCH(EDATE(AB$387,ROW()-2),$A$2:$A$428,0))/INDEX($D$2:$D$428,MATCH(EDATE(AB$387,ROW()-2),$A$2:$A$428,0)-1),""))} -> 102.67157 | AC2: {=IF(EDATE(AC$387,ROW()-2)>AC$388,"",IFERROR(IF(ROW()=2,100,AC1)*INDEX($D$2:$D$428,MATCH(EDATE(AC$387,ROW()-2),$A$2:$A$428,0))/INDEX($D$2:$D$428,MATCH(EDATE(AC$387,ROW()-2),$A$2:$A$428,0)-1),""))} -> 99.503129 | AD2: {=IF(EDATE(AD$387,ROW()-2)>AD$388,"",IFERROR(IF(ROW()=2,100,AD1)*INDEX($D$2:$D$428,MATCH(EDATE(AD$387,ROW()-2),$A$2:$A$428,0))/INDEX($D$2:$D$428,MATCH(EDATE(AD$387,ROW()-2),$A$2:$A$428,0)-1),""))} -> 96.984263 | AE2: {=IF(EDATE(AE$387,ROW()-2)>AE$388,"",IFERROR(IF(ROW()=2,100,AE1)*INDEX($D$2:$D$428,MATCH(EDATE(AE$387,ROW()-2),$A$2:$A$428,0))/INDEX($D$2:$D$428,MATCH(EDATE(AE$387,ROW()-2),$A$2:$A$428,0)-1),""))} -> 97.248539 | AF2: {=IF(EDATE(AF$387,ROW()-2)>AF$388,"",IFERROR(IF(ROW()=2,100,AF1)*INDEX($D$2:$D$428,MATCH(EDATE(AF$387,ROW()-2),$A$2:$A$428,0))/INDEX($D$2:$D$428,MATCH(EDATE(AF$387,ROW()-2),$A$2:$A$428,0)-1),""))} -> 102.21457 | AG2: {=IF(EDATE(AG$387,ROW()-2)>AG$388,"",IFERROR(IF(ROW()=2,100,AG1)*INDEX($D$2:$D$428,MATCH(EDATE(AG$387,ROW()-2),$A$2:$A$428,0))/INDEX($D$2:$D$428,MATCH(EDATE(AG$387,ROW()-2),$A$2:$A$428,0)-1),""))} -> 98.675768 | AH2: {=IF(EDATE(AH$387,ROW()-2)>AH$388,"",IFERROR(IF(ROW()=2,100,AH1)*INDEX($D$2:$D$428,MATCH(EDATE(AH$387,ROW()-2),$A$2:$A$428,0))/INDEX($D$2:$D$428,MATCH(EDATE(AH$387,ROW()-2),$A$2:$A$428,0)-1),""))} -> 97.727671 | AJ2: 32874 | AK2: 0.7 | AN2: =IF(EDATE(AN$387,ROW()-2)>AN$388,"",IFERROR((INDEX($AL$2:$AL$441,MATCH(EDATE(AN$387,ROW()-2),$AJ$2:$AJ$441,0))-INDEX($AL$2:$AL$441,MATCH(EDATE(AN$387,-1),$AJ$2:$AJ$441,0)))*100,"")) -> 7.3990042 | AO2: =IF(EDATE(AO$387,ROW()-2)>AO$388,"",IFERROR((INDEX($AL$2:$AL$441,MATCH(EDATE(AO$387,ROW()-2),$AJ$2:$AJ$441,0))-INDEX($AL$2:$AL$441,MATCH(EDATE(AO$387,-1),$AJ$2:$AJ$441,0)))*100,"")) -> 1.3391611 | AP2: =IF(EDATE(AP$387,ROW()-2)>AP$388,"",IFERROR((INDEX($AL$2:$AL$441,MATCH(EDATE(AP$387,ROW()-2),$AJ$2:$AJ$441,0))-INDEX($AL$2:$AL$441,MATCH(EDATE(AP$387,-1),$AJ$2:$AJ$441,0)))*100,"")) -> -0.9798724 | AQ2: =IF(EDATE(AQ$387,ROW()-2)>AQ$388,"",IFERROR((INDEX($AL$2:$AL$441,MATCH(EDATE(AQ$387,ROW()-2),$AJ$2:$AJ$441,0))-INDEX($AL$2:$AL$441,MATCH(EDATE(AQ$387,-1),$AJ$2:$AJ$441,0)))*100,"")) -> -2.5486449 | AR2: =IF(EDATE(AR$387,ROW()-2)>AR$388,"",IFERROR((INDEX($AL$2:$AL$441,MATCH(EDATE(AR$387,ROW()-2),$AJ$2:$AJ$441,0))-INDEX($AL$2:$AL$441,MATCH(EDATE(AR$387,-1),$AJ$2:$AJ$441,0)))*100,"")) -> -1.9098736 | AS2: =IF(EDATE(AS$387,ROW()-2)>AS$388,"",IFERROR((INDEX($AL$2:$AL$441,MATCH(EDATE(AS$387,ROW()-2),$AJ$2:$AJ$441,0))-INDEX($AL$2:$AL$441,MATCH(EDATE(AS$387,-1),$AJ$2:$AJ$441,0)))*100,"")) -> 1.2807898 | AT2: =IF(EDATE(AT$387,ROW()-2)>AT$388,"",IFERROR((INDEX($AL$2:$AL$441,MATCH(EDATE(AT$387,ROW()-2),$AJ$2:$AJ$441,0))-INDEX($AL$2:$AL$441,MATCH(EDATE(AT$387,-1),$AJ$2:$AJ$441,0)))*100,"")) -> -1.4212495 | AU2: =IF(EDATE(AU$387,ROW()-2)>AU$388,"",IFERROR((INDEX($AL$2:$AL$441,MATCH(EDATE(AU$387,ROW()-2),$AJ$2:$AJ$441,0))-INDEX($AL$2:$AL$441,MATCH(EDATE(AU$387,-1),$AJ$2:$AJ$441,0)))*100,"")) -> -2.6150073
A3: 33270 | B3: 4.66 | C3: - | D3: - | E3: =A3 -> 33270 | I3: =A3 -> 33270 | O3: 34731 | P3: {=IF(OR($O3<P$387,$O3>P$388),"",IFERROR(IF($O3=P$387,100,P2)*INDEX($B$2:$B$428,MATCH($O3,$A$2:$A$428,0))/INDEX($B$2:$B$428,MATCH($O3,$A$2:$A$428,0)-1),""))} -> 103.75395 | Q3: {=IF(OR($O3<Q$387,$O3>Q$388),"",IFERROR(IF($O3=Q$387,100,Q2)*INDEX($B$2:$B$428,MATCH($O3,$A$2:$A$428,0))/INDEX($B$2:$B$428,MATCH($O3,$A$2:$A$428,0)-1),""))} | R3: {=IF(OR($O3<R$387,$O3>R$388),"",IFERROR(IF($O3=R$387,100,R2)*INDEX($B$2:$B$428,MATCH($O3,$A$2:$A$428,0))/INDEX($B$2:$B$428,MATCH($O3,$A$2:$A$428,0)-1),""))} | S3: {=IF(OR($O3<S$387,$O3>S$388),"",IFERROR(IF($O3=S$387,100,S2)*INDEX($B$2:$B$428,MATCH($O3,$A$2:$A$428,0))/INDEX($B$2:$B$428,MATCH($O3,$A$2:$A$428,0)-1),""))} | T3: {=IF(OR($O3<T$387,$O3>T$388),"",IFERROR(IF($O3=T$387,100,T2)*INDEX($B$2:$B$428,MATCH($O3,$A$2:$A$428,0))/INDEX($B$2:$B$428,MATCH($O3,$A$2:$A$428,0)-1),""))} | U3: {=IF(OR($O3<U$387,$O3>U$388),"",IFERROR(IF($O3=U$387,100,U2)*INDEX($B$2:$B$428,MATCH($O3,$A$2:$A$428,0))/INDEX($B$2:$B$428,MATCH($O3,$A$2:$A$428,0)-1),""))} | V3: {=IF(OR($O3<V$387,$O3>V$388),"",IFERROR(IF($O3=V$387,100,V2)*INDEX($B$2:$B$428,MATCH($O3,$A$2:$A$428,0))/INDEX($B$2:$B$428,MATCH($O3,$A$2:$A$428,0)-1),""))} | W3: {=IF(OR($O3<W$387,$O3>W$388),"",IFERROR(IF($O3=W$387,100,W2)*INDEX($B$2:$B$428,MATCH($O3,$A$2:$A$428,0))/INDEX($B$2:$B$428,MATCH($O3,$A$2:$A$428,0)-1),""))} | X3: {=IF(OR($O3<X$387,$O3>X$388),"",IFERROR(IF($O3=X$387,100,X2)*INDEX($B$2:$B$428,MATCH($O3,$A$2:$A$428,0))/INDEX($B$2:$B$428,MATCH($O3,$A$2:$A$428,0)-1),""))} | AA3: {=IF(EDATE(AA$387,ROW()-2)>AA$388,"",IFERROR(IF(ROW()=2,100,AA2)*INDEX($D$2:$D$428,MATCH(EDATE(AA$387,ROW()-2),$A$2:$A$428,0))/INDEX($D$2:$D$428,MATCH(EDATE(AA$387,ROW()-2),$A$2:$A$428,0)-1),""))} -> 117.37863 | AB3: {=IF(EDATE(AB$387,ROW()-2)>AB$388,"",IFERROR(IF(ROW()=2,100,AB2)*INDEX($D$2:$D$428,MATCH(EDATE(AB$387,ROW()-2),$A$2:$A$428,0))/INDEX($D$2:$D$428,MATCH(EDATE(AB$387,ROW()-2),$A$2:$A$428,0)-1),""))} -> 104.62642 | AC3: {=IF(EDATE(AC$387,ROW()-2)>AC$388,"",IFERROR(IF(ROW()=2,100,AC2)*INDEX($D$2:$D$428,MATCH(EDATE(AC$387,ROW()-2),$A$2:$A$428,0))/INDEX($D$2:$D$428,MATCH(EDATE(AC$387,ROW()-2),$A$2:$A$428,0)-1),""))} -> 102.21773 | AD3: {=IF(EDATE(AD$387,ROW()-2)>AD$388,"",IFERROR(IF(ROW()=2,100,AD2)*INDEX($D$2:$D$428,MATCH(EDATE(AD$387,ROW()-2),$A$2:$A$428,0))/INDEX($D$2:$D$428,MATCH(EDATE(AD$387,ROW()-2),$A$2:$A$428,0)-1),""))} -> 98.893977 | AE3: {=IF(EDATE(AE$387,ROW()-2)>AE$388,"",IFERROR(IF(ROW()=2,100,AE2)*INDEX($D$2:$D$428,MATCH(EDATE(AE$387,ROW()-2),$A$2:$A$428,0))/INDEX($D$2:$D$428,MATCH(EDATE(AE$387,ROW()-2),$A$2:$A$428,0)-1),""))} -> 100.33763 | AF3: {=IF(EDATE(AF$387,ROW()-2)>AF$388,"",IFERROR(IF(ROW()=2,100,AF2)*INDEX($D$2:$D$428,MATCH(EDATE(AF$387,ROW()-2),$A$2:$A$428,0))/INDEX($D$2:$D$428,MATCH(EDATE(AF$387,ROW()-2),$A$2:$A$428,0)-1),""))} -> 104.18338 | AG3: {=IF(EDATE(AG$387,ROW()-2)>AG$388,"",IFERROR(IF(ROW()=2,100,AG2)*INDEX($D$2:$D$428,MATCH(EDATE(AG$387,ROW()-2),$A$2:$A$428,0))/INDEX($D$2:$D$428,MATCH(EDATE(AG$387,ROW()-2),$A$2:$A$428,0)-1),""))} -> 100.33612 | AH3: {=IF(EDATE(AH$387,ROW()-2)>AH$388,"",IFERROR(IF(ROW()=2,100,AH2)*INDEX($D$2:$D$428,MATCH(EDATE(AH$387,ROW()-2),$A$2:$A$428,0))/INDEX($D$2:$D$428,MATCH(EDATE(AH$387,ROW()-2),$A$2:$A$428,0)-1),""))} -> 99.128938 | AJ3: 32905 | AK3: 1.1 | AN3: =IF(EDATE(AN$387,ROW()-2)>AN$388,"",IFERROR((INDEX($AL$2:$AL$441,MATCH(EDATE(AN$387,ROW()-2),$AJ$2:$AJ$441,0))-INDEX($AL$2:$AL$441,MATCH(EDATE(AN$387,-1),$AJ$2:$AJ$441,0)))*100,"")) -> 8.3986705 | AO3: =IF(EDATE(AO$387,ROW()-2)>AO$388,"",IFERROR((INDEX($AL$2:$AL$441,MATCH(EDATE(AO$387,ROW()-2),$AJ$2:$AJ$441,0))-INDEX($AL$2:$AL$441,MATCH(EDATE(AO$387,-1),$AJ$2:$AJ$441,0)))*100,"")) -> 1.7817643 | AP3: =IF(EDATE(AP$387,ROW()-2)>AP$388,"",IFERROR((INDEX($AL$2:$AL$441,MATCH(EDATE(AP$387,ROW()-2),$AJ$2:$AJ$441,0))-INDEX($AL$2:$AL$441,MATCH(EDATE(AP$387,-1),$AJ$2:$AJ$441,0)))*100,"")) -> 0.10289991 | AQ3: =IF(EDATE(AQ$387,ROW()-2)>AQ$388,"",IFERROR((INDEX($AL$2:$AL$441,MATCH(EDATE(AQ$387,ROW()-2),$AJ$2:$AJ$441,0))-INDEX($AL$2:$AL$441,MATCH(EDATE(AQ$387,-1),$AJ$2:$AJ$441,0)))*100,"")) -> -2.1210324 | AR3: =IF(EDATE(AR$387,ROW()-2)>AR$388,"",IFERROR((INDEX($AL$2:$AL$441,MATCH(EDATE(AR$387,ROW()-2),$AJ$2:$AJ$441,0))-INDEX($AL$2:$AL$441,MATCH(EDATE(AR$387,-1),$AJ$2:$AJ$441,0)))*100,"")) -> -0.14224504 | AS3: =IF(EDATE(AS$387,ROW()-2)>AS$388,"",IFERROR((INDEX($AL$2:$AL$441,MATCH(EDATE(AS$387,ROW()-2),$AJ$2:$AJ$441,0))-INDEX($AL$2:$AL$441,MATCH(EDATE(AS$387,-1),$AJ$2:$AJ$441,0)))*100,"")) -> 2.2971152 | AT3: =IF(EDATE(AT$387,ROW()-2)>AT$388,"",IFERROR((INDEX($AL$2:$AL$441,MATCH(EDATE(AT$387,ROW()-2),$AJ$2:$AJ$441,0))-INDEX($AL$2:$AL$441,MATCH(EDATE(AT$387,-1),$AJ$2:$AJ$441,0)))*100,"")) -> -0.46569564 | AU3: =IF(EDATE(AU$387,ROW()-2)>AU$388,"",IFERROR((INDEX($AL$2:$AL$441,MATCH(EDATE(AU$387,ROW()-2),$AJ$2:$AJ$441,0))-INDEX($AL$2:$AL$441,MATCH(EDATE(AU$387,-1),$AJ$2:$AJ$441,0)))*100,"")) -> -2.0653267
A4: 33298 | B4: 4.93 | C4: - | D4: - | E4: =A4 -> 33298 | I4: =A4 -> 33298 | O4: 34759 | P4: {=IF(OR($O4<P$387,$O4>P$388),"",IFERROR(IF($O4=P$387,100,P3)*INDEX($B$2:$B$428,MATCH($O4,$A$2:$A$428,0))/INDEX($B$2:$B$428,MATCH($O4,$A$2:$A$428,0)-1),""))} -> 108.29393 | Q4: {=IF(OR($O4<Q$387,$O4>Q$388),"",IFERROR(IF($O4=Q$387,100,Q3)*INDEX($B$2:$B$428,MATCH($O4,$A$2:$A$428,0))/INDEX($B$2:$B$428,MATCH($O4,$A$2:$A$428,0)-1),""))} | R4: {=IF(OR($O4<R$387,$O4>R$388),"",IFERROR(IF($O4=R$387,100,R3)*INDEX($B$2:$B$428,MATCH($O4,$A$2:$A$428,0))/INDEX($B$2:$B$428,MATCH($O4,$A$2:$A$428,0)-1),""))} | S4: {=IF(OR($O4<S$387,$O4>S$388),"",IFERROR(IF($O4=S$387,100,S3)*INDEX($B$2:$B$428,MATCH($O4,$A$2:$A$428,0))/INDEX($B$2:$B$428,MATCH($O4,$A$2:$A$428,0)-1),""))} | T4: {=IF(OR($O4<T$387,$O4>T$388),"",IFERROR(IF($O4=T$387,100,T3)*INDEX($B$2:$B$428,MATCH($O4,$A$2:$A$428,0))/INDEX($B$2:$B$428,MATCH($O4,$A$2:$A$428,0)-1),""))} | U4: {=IF(OR($O4<U$387,$O4>U$388),"",IFERROR(IF($O4=U$387,100,U3)*INDEX($B$2:$B$428,MATCH($O4,$A$2:$A$428,0))/INDEX($B$2:$B$428,MATCH($O4,$A$2:$A$428,0)-1),""))} | V4: {=IF(OR($O4<V$387,$O4>V$388),"",IFERROR(IF($O4=V$387,100,V3)*INDEX($B$2:$B$428,MATCH($O4,$A$2:$A$428,0))/INDEX($B$2:$B$428,MATCH($O4,$A$2:$A$428,0)-1),""))} | W4: {=IF(OR($O4<W$387,$O4>W$388),"",IFERROR(IF($O4=W$387,100,W3)*INDEX($B$2:$B$428,MATCH($O4,$A$2:$A$428,0))/INDEX($B$2:$B$428,MATCH($O4,$A$2:$A$428,0)-1),""))} | X4: {=IF(OR($O4<X$387,$O4>X$388),"",IFERROR(IF($O4=X$387,100,X3)*INDEX($B$2:$B$428,MATCH($O4,$A$2:$A$428,0))/INDEX($B$2:$B$428,MATCH($O4,$A$2:$A$428,0)-1),""))} | AA4: {=IF(EDATE(AA$387,ROW()-2)>AA$388,"",IFERROR(IF(ROW()=2,100,AA3)*INDEX($D$2:$D$428,MATCH(EDATE(AA$387,ROW()-2),$A$2:$A$428,0))/INDEX($D$2:$D$428,MATCH(EDATE(AA$387,ROW()-2),$A$2:$A$428,0)-1),""))} -> 115.15894 | AB4: {=IF(EDATE(AB$387,ROW()-2)>AB$388,"",IFERROR(IF(ROW()=2,100,AB3)*INDEX($D$2:$D$428,MATCH(EDATE(AB$387,ROW()-2),$A$2:$A$428,0))/INDEX($D$2:$D$428,MATCH(EDATE(AB$387,ROW()-2),$A$2:$A$428,0)-1),""))} -> 103.70541 | AC4: {=IF(EDATE(AC$387,ROW()-2)>AC$388,"",IFERROR(IF(ROW()=2,100,AC3)*INDEX($D$2:$D$428,MATCH(EDATE(AC$387,ROW()-2),$A$2:$A$428,0))/INDEX($D$2:$D$428,MATCH(EDATE(AC$387,ROW()-2),$A$2:$A$428,0)-1),""))} -> 103.03178 | AD4: {=IF(EDATE(AD$387,ROW()-2)>AD$388,"",IFERROR(IF(ROW()=2,100,AD3)*INDEX($D$2:$D$428,MATCH(EDATE(AD$387,ROW()-2),$A$2:$A$428,0))/INDEX($D$2:$D$428,MATCH(EDATE(AD$387,ROW()-2),$A$2:$A$428,0)-1),""))} -> 99.922875 | AE4: {=IF(EDATE(AE$387,ROW()-2)>AE$388,"",IFERROR(IF(ROW()=2,100,AE3)*INDEX($D$2:$D$428,MATCH(EDATE(AE$387,ROW()-2),$A$2:$A$428,0))/INDEX($D$2:$D$428,MATCH(EDATE(AE$387,ROW()-2),$A$2:$A$428,0)-1),""))} -> 104.99598 | AF4: {=IF(EDATE(AF$387,ROW()-2)>AF$388,"",IFERROR(IF(ROW()=2,100,AF3)*INDEX($D$2:$D$428,MATCH(EDATE(AF$387,ROW()-2),$A$2:$A$428,0))/INDEX($D$2:$D$428,MATCH(EDATE(AF$387,ROW()-2),$A$2:$A$428,0)-1),""))} -> 103.91462 | AG4: {=IF(EDATE(AG$387,ROW()-2)>AG$388,"",IFERROR(IF(ROW()=2,100,AG3)*INDEX($D$2:$D$428,MATCH(EDATE(AG$387,ROW()-2),$A$2:$A$428,0))/INDEX($D$2:$D$428,MATCH(EDATE(AG$387,ROW()-2),$A$2:$A$428,0)-1),""))} -> 101.17912 | AH4: {=IF(EDATE(AH$387,ROW()-2)>AH$388,"",IFERROR(IF(ROW()=2,100,AH3)*INDEX($D$2:$D$428,MATCH(EDATE(AH$387,ROW()-2),$A$2:$A$428,0))/INDEX($D$2:$D$428,MATCH(EDATE(AH$387,ROW()-2),$A$2:$A$428,0)-1),""))} -> 99.810962 | AJ4: 32933 | AK4: 1.8 | AN4: =IF(EDATE(AN$387,ROW()-2)>AN$388,"",IFERROR((INDEX($AL$2:$AL$441,MATCH(EDATE(AN$387,ROW()-2),$AJ$2:$AJ$441,0))-INDEX($AL$2:$AL$441,MATCH(EDATE(AN$387,-1),$AJ$2:$AJ$441,0)))*100,"")) -> 6.811413 | AO4: =IF(EDATE(AO$387,ROW()-2)>AO$388,"",IFERROR((INDEX($AL$2:$AL$441,MATCH(EDATE(AO$387,ROW()-2),$AJ$2:$AJ$441,0))-INDEX($AL$2:$AL$441,MATCH(EDATE(AO$387,-1),$AJ$2:$AJ$441,0)))*100,"")) -> 0.010880692 | AP4: =IF(EDATE(AP$387,ROW()-2)>AP$388,"",IFERROR((INDEX($AL$2:$AL$441,MATCH(EDATE(AP$387,ROW()-2),$AJ$2:$AJ$441,0))-INDEX($AL$2:$AL$441,MATCH(EDATE(AP$387,-1),$AJ$2:$AJ$441,0)))*100,"")) -> -0.10659931 | AQ4: =IF(EDATE(AQ$387,ROW()-2)>AQ$388,"",IFERROR((INDEX($AL$2:$AL$441,MATCH(EDATE(AQ$387,ROW()-2),$AJ$2:$AJ$441,0))-INDEX($AL$2:$AL$441,MATCH(EDATE(AQ$387,-1),$AJ$2:$AJ$441,0)))*100,"")) -> -2.0696684 | AR4: =IF(EDATE(AR$387,ROW()-2)>AR$388,"",IFERROR((INDEX($AL$2:$AL$441,MATCH(EDATE(AR$387,ROW()-2),$AJ$2:$AJ$441,0))-INDEX($AL$2:$AL$441,MATCH(EDATE(AR$387,-1),$AJ$2:$AJ$441,0)))*100,"")) -> 2.2967036 | AS4: =IF(EDATE(AS$387,ROW()-2)>AS$388,"",IFERROR((INDEX($AL$2:$AL$441,MATCH(EDATE(AS$387,ROW()-2),$AJ$2:$AJ$441,0))-INDEX($AL$2:$AL$441,MATCH(EDATE(AS$387,-1),$AJ$2:$AJ$441,0)))*100,"")) -> 1.929013 | AT4: =IF(EDATE(AT$387,ROW()-2)>AT$388,"",IFERROR((INDEX($AL$2:$AL$441,MATCH(EDATE(AT$387,ROW()-2),$AJ$2:$AJ$441,0))-INDEX($AL$2:$AL$441,MATCH(EDATE(AT$387,-1),$AJ$2:$AJ$441,0)))*100,"")) -> 0.085219079 | AU4: =IF(EDATE(AU$387,ROW()-2)>AU$388,"",IFERROR((INDEX($AL$2:$AL$441,MATCH(EDATE(AU$387,ROW()-2),$AJ$2:$AJ$441,0))-INDEX($AL$2:$AL$441,MATCH(EDATE(AU$387,-1),$AJ$2:$AJ$441,0)))*100,"")) -> -2.2771672
A5: 33329 | B5: 5.2 | C5: - | D5: - | E5: =A5 -> 33329 | I5: =A5 -> 33329 | O5: 34790 | P5: {=IF(OR($O5<P$387,$O5>P$388),"",IFERROR(IF($O5=P$387,100,P4)*INDEX($B$2:$B$428,MATCH($O5,$A$2:$A$428,0))/INDEX($B$2:$B$428,MATCH($O5,$A$2:$A$428,0)-1),""))} -> 109.31173 | Q5: {=IF(OR($O5<Q$387,$O5>Q$388),"",IFERROR(IF($O5=Q$387,100,Q4)*INDEX($B$2:$B$428,MATCH($O5,$A$2:$A$428,0))/INDEX($B$2:$B$428,MATCH($O5,$A$2:$A$428,0)-1),""))} | R5: {=IF(OR($O5<R$387,$O5>R$388),"",IFERROR(IF($O5=R$387,100,R4)*INDEX($B$2:$B$428,MATCH($O5,$A$2:$A$428,0))/INDEX($B$2:$B$428,MATCH($O5,$A$2:$A$428,0)-1),""))} | S5: {=IF(OR($O5<S$387,$O5>S$388),"",IFERROR(IF($O5=S$387,100,S4)*INDEX($B$2:$B$428,MATCH($O5,$A$2:$A$428,0))/INDEX($B$2:$B$428,MATCH($O5,$A$2:$A$428,0)-1),""))} | T5: {=IF(OR($O5<T$387,$O5>T$388),"",IFERROR(IF($O5=T$387,100,T4)*INDEX($B$2:$B$428,MATCH($O5,$A$2:$A$428,0))/INDEX($B$2:$B$428,MATCH($O5,$A$2:$A$428,0)-1),""))} | U5: {=IF(OR($O5<U$387,$O5>U$388),"",IFERROR(IF($O5=U$387,100,U4)*INDEX($B$2:$B$428,MATCH($O5,$A$2:$A$428,0))/INDEX($B$2:$B$428,MATCH($O5,$A$2:$A$428,0)-1),""))} | V5: {=IF(OR($O5<V$387,$O5>V$388),"",IFERROR(IF($O5=V$387,100,V4)*INDEX($B$2:$B$428,MATCH($O5,$A$2:$A$428,0))/INDEX($B$2:$B$428,MATCH($O5,$A$2:$A$428,0)-1),""))} | W5: {=IF(OR($O5<W$387,$O5>W$388),"",IFERROR(IF($O5=W$387,100,W4)*INDEX($B$2:$B$428,MATCH($O5,$A$2:$A$428,0))/INDEX($B$2:$B$428,MATCH($O5,$A$2:$A$428,0)-1),""))} | X5: {=IF(OR($O5<X$387,$O5>X$388),"",IFERROR(IF($O5=X$387,100,X4)*INDEX($B$2:$B$428,MATCH($O5,$A$2:$A$428,0))/INDEX($B$2:$B$428,MATCH($O5,$A$2:$A$428,0)-1),""))} | AA5: {=IF(EDATE(AA$387,ROW()-2)>AA$388,"",IFERROR(IF(ROW()=2,100,AA4)*INDEX($D$2:$D$428,MATCH(EDATE(AA$387,ROW()-2),$A$2:$A$428,0))/INDEX($D$2:$D$428,MATCH(EDATE(AA$387,ROW()-2),$A$2:$A$428,0)-1),""))} -> 119.12887 | AB5: {=IF(EDATE(AB$387,ROW()-2)>AB$388,"",IFERROR(IF(ROW()=2,100,AB4)*INDEX($D$2:$D$428,MATCH(EDATE(AB$387,ROW()-2),$A$2:$A$428,0))/INDEX($D$2:$D$428,MATCH(EDATE(AB$387,ROW()-2),$A$2:$A$428,0)-1),""))} -> 99.859035 | AC5: {=IF(EDATE(AC$387,ROW()-2)>AC$388,"",IFERROR(IF(ROW()=2,100,AC4)*INDEX($D$2:$D$428,MATCH(EDATE(AC$387,ROW()-2),$A$2:$A$428,0))/INDEX($D$2:$D$428,MATCH(EDATE(AC$387,ROW()-2),$A$2:$A$428,0)-1),""))} -> 102.94986 | AD5: {=IF(EDATE(AD$387,ROW()-2)>AD$388,"",IFERROR(IF(ROW()=2,100,AD4)*INDEX($D$2:$D$428,MATCH(EDATE(AD$387,ROW()-2),$A$2:$A$428,0))/INDEX($D$2:$D$428,MATCH(EDATE(AD$387,ROW()-2),$A$2:$A$428,0)-1),""))} -> 102.02594 | AE5: {=IF(EDATE(AE$387,ROW()-2)>AE$388,"",IFERROR(IF(ROW()=2,100,AE4)*INDEX($D$2:$D$428,MATCH(EDATE(AE$387,ROW()-2),$A$2:$A$428,0))/INDEX($D$2:$D$428,MATCH(EDATE(AE$387,ROW()-2),$A$2:$A$428,0)-1),""))} -> 104.9268 | AF5: {=IF(EDATE(AF$387,ROW()-2)>AF$388,"",IFERROR(IF(ROW()=2,100,AF4)*INDEX($D$2:$D$428,MATCH(EDATE(AF$387,ROW()-2),$A$2:$A$428,0))/INDEX($D$2:$D$428,MATCH(EDATE(AF$387,ROW()-2),$A$2:$A$428,0)-1),""))} -> 103.59585 | AG5: {=IF(EDATE(AG$387,ROW()-2)>AG$388,"",IFERROR(IF(ROW()=2,100,AG4)*INDEX($D$2:$D$428,MATCH(EDATE(AG$387,ROW()-2),$A$2:$A$428,0))/INDEX($D$2:$D$428,MATCH(EDATE(AG$387,ROW()-2),$A$2:$A$428,0)-1),""))} -> 101.03907 | AH5: {=IF(EDATE(AH$387,ROW()-2)>AH$388,"",IFERROR(IF(ROW()=2,100,AH4)*INDEX($D$2:$D$428,MATCH(EDATE(AH$387,ROW()-2),$A$2:$A$428,0))/INDEX($D$2:$D$428,MATCH(EDATE(AH$387,ROW()-2),$A$2:$A$428,0)-1),""))} -> 101.6845 | AJ5: 32964 | AK5: 2.5 | AN5: =IF(EDATE(AN$387,ROW()-2)>AN$388,"",IFERROR((INDEX($AL$2:$AL$441,MATCH(EDATE(AN$387,ROW()-2),$AJ$2:$AJ$441,0))-INDEX($AL$2:$AL$441,MATCH(EDATE(AN$387,-1),$AJ$2:$AJ$441,0)))*100,"")) -> 8.4089712 | AO5: =IF(EDATE(AO$387,ROW()-2)>AO$388,"",IFERROR((INDEX($AL$2:$AL$441,MATCH(EDATE(AO$387,ROW()-2),$AJ$2:$AJ$441,0))-INDEX($AL$2:$AL$441,MATCH(EDATE(AO$387,-1),$AJ$2:$AJ$441,0)))*100,"")) -> -3.7775867 | AP5: =IF(EDATE(AP$387,ROW()-2)>AP$388,"",IFERROR((INDEX($AL$2:$AL$441,MATCH(EDATE(AP$387,ROW()-2),$AJ$2:$AJ$441,0))-INDEX($AL$2:$AL$441,MATCH(EDATE(AP$387,-1),$AJ$2:$AJ$441,0)))*100,"")) -> -0.93480355 | AQ5: =IF(EDATE(AQ$387,ROW()-2)>AQ$388,"",IFERROR((INDEX($AL$2:$AL$441,MATCH(EDATE(AQ$387,ROW()-2),$AJ$2:$AJ$441,0))-INDEX($AL$2:$AL$441,MATCH(EDATE(AQ$387,-1),$AJ$2:$AJ$441,0)))*100,"")) -> -1.4515228 | AR5: =IF(EDATE(AR$387,ROW()-2)>AR$388,"",IFERROR((INDEX($AL$2:$AL$441,MATCH(EDATE(AR$387,ROW()-2),$AJ$2:$AJ$441,0))-INDEX($AL$2:$AL$441,MATCH(EDATE(AR$387,-1),$AJ$2:$AJ$441,0)))*100,"")) -> 2.0669178 | AS5: =IF(EDATE(AS$387,ROW()-2)>AS$388,"",IFERROR((INDEX($AL$2:$AL$441,MATCH(EDATE(AS$387,ROW()-2),$AJ$2:$AJ$441,0))-INDEX($AL$2:$AL$441,MATCH(EDATE(AS$387,-1),$AJ$2:$AJ$441,0)))*100,"")) -> 1.3632367 | AT5: =IF(EDATE(AT$387,ROW()-2)>AT$388,"",IFERROR((INDEX($AL$2:$AL$441,MATCH(EDATE(AT$387,ROW()-2),$AJ$2:$AJ$441,0))-INDEX($AL$2:$AL$441,MATCH(EDATE(AT$387,-1),$AJ$2:$AJ$441,0)))*100,"")) -> -0.33733217 | AU5: =IF(EDATE(AU$387,ROW()-2)>AU$388,"",IFERROR((INDEX($AL$2:$AL$441,MATCH(EDATE(AU$387,ROW()-2),$AJ$2:$AJ$441,0))-INDEX($AL$2:$AL$441,MATCH(EDATE(AU$387,-1),$AJ$2:$AJ$441,0)))*100,"")) -> -1.3660648
A6: 33359 | B6: 5.57 | C6: - | D6: - | E6: =A6 -> 33359 | I6: =A6 -> 33359 | O6: 34820 | P6: {=IF(OR($O6<P$387,$O6>P$388),"",IFERROR(IF($O6=P$387,100,P5)*INDEX($B$2:$B$428,MATCH($O6,$A$2:$A$428,0))/INDEX($B$2:$B$428,MATCH($O6,$A$2:$A$428,0)-1),""))} -> 107.36157 | Q6: {=IF(OR($O6<Q$387,$O6>Q$388),"",IFERROR(IF($O6=Q$387,100,Q5)*INDEX($B$2:$B$428,MATCH($O6,$A$2:$A$428,0))/INDEX($B$2:$B$428,MATCH($O6,$A$2:$A$428,0)-1),""))} | R6: {=IF(OR($O6<R$387,$O6>R$388),"",IFERROR(IF($O6=R$387,100,R5)*INDEX($B$2:$B$428,MATCH($O6,$A$2:$A$428,0))/INDEX($B$2:$B$428,MATCH($O6,$A$2:$A$428,0)-1),""))} | S6: {=IF(OR($O6<S$387,$O6>S$388),"",IFERROR(IF($O6=S$387,100,S5)*INDEX($B$2:$B$428,MATCH($O6,$A$2:$A$428,0))/INDEX($B$2:$B$428,MATCH($O6,$A$2:$A$428,0)-1),""))} | T6: {=IF(OR($O6<T$387,$O6>T$388),"",IFERROR(IF($O6=T$387,100,T5)*INDEX($B$2:$B$428,MATCH($O6,$A$2:$A$428,0))/INDEX($B$2:$B$428,MATCH($O6,$A$2:$A$428,0)-1),""))} | U6: {=IF(OR($O6<U$387,$O6>U$388),"",IFERROR(IF($O6=U$387,100,U5)*INDEX($B$2:$B$428,MATCH($O6,$A$2:$A$428,0))/INDEX($B$2:$B$428,MATCH($O6,$A$2:$A$428,0)-1),""))} | V6: {=IF(OR($O6<V$387,$O6>V$388),"",IFERROR(IF($O6=V$387,100,V5)*INDEX($B$2:$B$428,MATCH($O6,$A$2:$A$428,0))/INDEX($B$2:$B$428,MATCH($O6,$A$2:$A$428,0)-1),""))} | W6: {=IF(OR($O6<W$387,$O6>W$388),"",IFERROR(IF($O6=W$387,100,W5)*INDEX($B$2:$B$428,MATCH($O6,$A$2:$A$428,0))/INDEX($B$2:$B$428,MATCH($O6,$A$2:$A$428,0)-1),""))} | X6: {=IF(OR($O6<X$387,$O6>X$388),"",IFERROR(IF($O6=X$387,100,X5)*INDEX($B$2:$B$428,MATCH($O6,$A$2:$A$428,0))/INDEX($B$2:$B$428,MATCH($O6,$A$2:$A$428,0)-1),""))} | AA6: {=IF(EDATE(AA$387,ROW()-2)>AA$388,"",IFERROR(IF(ROW()=2,100,AA5)*INDEX($D$2:$D$428,MATCH(EDATE(AA$387,ROW()-2),$A$2:$A$428,0))/INDEX($D$2:$D$428,MATCH(EDATE(AA$387,ROW()-2),$A$2:$A$428,0)-1),""))} -> 111.05869 | AB6: {=IF(EDATE(AB$387,ROW()-2)>AB$388,"",IFERROR(IF(ROW()=2,100,AB5)*INDEX($D$2:$D$428,MATCH(EDATE(AB$387,ROW()-2),$A$2:$A$428,0))/INDEX($D$2:$D$428,MATCH(EDATE(AB$387,ROW()-2),$A$2:$A$428,0)-1),""))} -> 102.85897 | AC6: {=IF(EDATE(AC$387,ROW()-2)>AC$388,"",IFERROR(IF(ROW()=2,100,AC5)*INDEX($D$2:$D$428,MATCH(EDATE(AC$387,ROW()-2),$A$2:$A$428,0))/INDEX($D$2:$D$428,MATCH(EDATE(AC$387,ROW()-2),$A$2:$A$428,0)-1),""))} -> 104.6563 | AD6: {=IF(EDATE(AD$387,ROW()-2)>AD$388,"",IFERROR(IF(ROW()=2,100,AD5)*INDEX($D$2:$D$428,MATCH(EDATE(AD$387,ROW()-2),$A$2:$A$428,0))/INDEX($D$2:$D$428,MATCH(EDATE(AD$387,ROW()-2),$A$2:$A$428,0)-1),""))} -> 102.45477 | AE6: {=IF(EDATE(AE$387,ROW()-2)>AE$388,"",IFERROR(IF(ROW()=2,100,AE5)*INDEX($D$2:$D$428,MATCH(EDATE(AE$387,ROW()-2),$A$2:$A$428,0))/INDEX($D$2:$D$428,MATCH(EDATE(AE$387,ROW()-2),$A$2:$A$428,0)-1),""))} -> 106.18639 | AF6: {=IF(EDATE(AF$387,ROW()-2)>AF$388,"",IFERROR(IF(ROW()=2,100,AF5)*INDEX($D$2:$D$428,MATCH(EDATE(AF$387,ROW()-2),$A$2:$A$428,0))/INDEX($D$2:$D$428,MATCH(EDATE(AF$387,ROW()-2),$A$2:$A$428,0)-1),""))} -> 106.70506 | AG6: {=IF(EDATE(AG$387,ROW()-2)>AG$388,"",IFERROR(IF(ROW()=2,100,AG5)*INDEX($D$2:$D$428,MATCH(EDATE(AG$387,ROW()-2),$A$2:$A$428,0))/INDEX($D$2:$D$428,MATCH(EDATE(AG$387,ROW()-2),$A$2:$A$428,0)-1),""))} -> 100.77708 | AH6: {=IF(EDATE(AH$387,ROW()-2)>AH$388,"",IFERROR(IF(ROW()=2,100,AH5)*INDEX($D$2:$D$428,MATCH(EDATE(AH$387,ROW()-2),$A$2:$A$428,0))/INDEX($D$2:$D$428,MATCH(EDATE(AH$387,ROW()-2),$A$2:$A$428,0)-1),""))} -> 101.62747 | AJ6: 32994 | AK6: 3.3 | AN6: =IF(EDATE(AN$387,ROW()-2)>AN$388,"",IFERROR((INDEX($AL$2:$AL$441,MATCH(EDATE(AN$387,ROW()-2),$AJ$2:$AJ$441,0))-INDEX($AL$2:$AL$441,MATCH(EDATE(AN$387,-1),$AJ$2:$AJ$441,0)))*100,"")) -> 4.197508 | AO6: =IF(EDATE(AO$387,ROW()-2)>AO$388,"",IFERROR((INDEX($AL$2:$AL$441,MATCH(EDATE(AO$387,ROW()-2),$AJ$2:$AJ$441,0))-INDEX($AL$2:$AL$441,MATCH(EDATE(AO$387,-1),$AJ$2:$AJ$441,0)))*100,"")) -> -2.3827381 | AP6: =IF(EDATE(AP$387,ROW()-2)>AP$388,"",IFERROR((INDEX($AL$2:$AL$441,MATCH(EDATE(AP$387,ROW()-2),$AJ$2:$AJ$441,0))-INDEX($AL$2:$AL$441,MATCH(EDATE(AP$387,-1),$AJ$2:$AJ$441,0)))*100,"")) -> -0.61180883 | AQ6: =IF(EDATE(AQ$387,ROW()-2)>AQ$388,"",IFERROR((INDEX($AL$2:$AL$441,MATCH(EDATE(AQ$387,ROW()-2),$AJ$2:$AJ$441,0))-INDEX($AL$2:$AL$441,MATCH(EDATE(AQ$387,-1),$AJ$2:$AJ$441,0)))*100,"")) -> -1.9747525 | AR6: =IF(EDATE(AR$387,ROW()-2)>AR$388,"",IFERROR((INDEX($AL$2:$AL$441,MATCH(EDATE(AR$387,ROW()-2),$AJ$2:$AJ$441,0))-INDEX($AL$2:$AL$441,MATCH(EDATE(AR$387,-1),$AJ$2:$AJ$441,0)))*100,"")) -> 2.7163943 | AS6: =IF(EDATE(AS$387,ROW()-2)>AS$388,"",IFERROR((INDEX($AL$2:$AL$441,MATCH(EDATE(AS$387,ROW()-2),$AJ$2:$AJ$441,0))-INDEX($AL$2:$AL$441,MATCH(EDATE(AS$387,-1),$AJ$2:$AJ$441,0)))*100,"")) -> 3.2344188 | AT6: =IF(EDATE(AT$387,ROW()-2)>AT$388,"",IFERROR((INDEX($AL$2:$AL$441,MATCH(EDATE(AT$387,ROW()-2),$AJ$2:$AJ$441,0))-INDEX($AL$2:$AL$441,MATCH(EDATE(AT$387,-1),$AJ$2:$AJ$441,0)))*100,"")) -> -1.1933669 | AU6: =IF(EDATE(AU$387,ROW()-2)>AU$388,"",IFERROR((INDEX($AL$2:$AL$441,MATCH(EDATE(AU$387,ROW()-2),$AJ$2:$AJ$441,0))-INDEX($AL$2:$AL$441,MATCH(EDATE(AU$387,-1),$AJ$2:$AJ$441,0)))*100,"")) -> -1.9641486
A7: 33390 | B7: 6.12 | C7: - | D7: - | E7: =A7 -> 33390 | I7: =A7 -> 33390 | O7: 34851 | P7: {=IF(OR($O7<P$387,$O7>P$388),"",IFERROR(IF($O7=P$387,100,P6)*INDEX($B$2:$B$428,MATCH($O7,$A$2:$A$428,0))/INDEX($B$2:$B$428,MATCH($O7,$A$2:$A$428,0)-1),""))} -> 115.2133 | Q7: {=IF(OR($O7<Q$387,$O7>Q$388),"",IFERROR(IF($O7=Q$387,100,Q6)*INDEX($B$2:$B$428,MATCH($O7,$A$2:$A$428,0))/INDEX($B$2:$B$428,MATCH($O7,$A$2:$A$428,0)-1),""))} | R7: {=IF(OR($O7<R$387,$O7>R$388),"",IFERROR(IF($O7=R$387,100,R6)*INDEX($B$2:$B$428,MATCH($O7,$A$2:$A$428,0))/INDEX($B$2:$B$428,MATCH($O7,$A$2:$A$428,0)-1),""))} | S7: {=IF(OR($O7<S$387,$O7>S$388),"",IFERROR(IF($O7=S$387,100,S6)*INDEX($B$2:$B$428,MATCH($O7,$A$2:$A$428,0))/INDEX($B$2:$B$428,MATCH($O7,$A$2:$A$428,0)-1),""))} | T7: {=IF(OR($O7<T$387,$O7>T$388),"",IFERROR(IF($O7=T$387,100,T6)*INDEX($B$2:$B$428,MATCH($O7,$A$2:$A$428,0))/INDEX($B$2:$B$428,MATCH($O7,$A$2:$A$428,0)-1),""))} | U7: {=IF(OR($O7<U$387,$O7>U$388),"",IFERROR(IF($O7=U$387,100,U6)*INDEX($B$2:$B$428,MATCH($O7,$A$2:$A$428,0))/INDEX($B$2:$B$428,MATCH($O7,$A$2:$A$428,0)-1),""))} | V7: {=IF(OR($O7<V$387,$O7>V$388),"",IFERROR(IF($O7=V$387,100,V6)*INDEX($B$2:$B$428,MATCH($O7,$A$2:$A$428,0))/INDEX($B$2:$B$428,MATCH($O7,$A$2:$A$428,0)-1),""))} | W7: {=IF(OR($O7<W$387,$O7>W$388),"",IFERROR(IF($O7=W$387,100,W6)*INDEX($B$2:$B$428,MATCH($O7,$A$2:$A$428,0))/INDEX($B$2:$B$428,MATCH($O7,$A$2:$A$428,0)-1),""))} | X7: {=IF(OR($O7<X$387,$O7>X$388),"",IFERROR(IF($O7=X$387,100,X6)*INDEX($B$2:$B$428,MATCH($O7,$A$2:$A$428,0))/INDEX($B$2:$B$428,MATCH($O7,$A$2:$A$428,0)-1),""))} | AA7: {=IF(EDATE(AA$387,ROW()-2)>AA$388,"",IFERROR(IF(ROW()=2,100,AA6)*INDEX($D$2:$D$428,MATCH(EDATE(AA$387,ROW()-2),$A$2:$A$428,0))/INDEX($D$2:$D$428,MATCH(EDATE(AA$387,ROW()-2),$A$2:$A$428,0)-1),""))} -> 114.36854 | AB7: {=IF(EDATE(AB$387,ROW()-2)>AB$388,"",IFERROR(IF(ROW()=2,100,AB6)*INDEX($D$2:$D$428,MATCH(EDATE(AB$387,ROW()-2),$A$2:$A$428,0))/INDEX($D$2:$D$428,MATCH(EDATE(AB$387,ROW()-2),$A$2:$A$428,0)-1),""))} -> 103.31502 | AC7: {=IF(EDATE(AC$387,ROW()-2)>AC$388,"",IFERROR(IF(ROW()=2,100,AC6)*INDEX($D$2:$D$428,MATCH(EDATE(AC$387,ROW()-2),$A$2:$A$428,0))/INDEX($D$2:$D$428,MATCH(EDATE(AC$387,ROW()-2),$A$2:$A$428,0)-1),""))} -> 106.34786 | AD7: {=IF(EDATE(AD$387,ROW()-2)>AD$388,"",IFERROR(IF(ROW()=2,100,AD6)*INDEX($D$2:$D$428,MATCH(EDATE(AD$387,ROW()-2),$A$2:$A$428,0))/INDEX($D$2:$D$428,MATCH(EDATE(AD$387,ROW()-2),$A$2:$A$428,0)-1),""))} -> 104.70127 | AE7: {=IF(EDATE(AE$387,ROW()-2)>AE$388,"",IFERROR(IF(ROW()=2,100,AE6)*INDEX($D$2:$D$428,MATCH(EDATE(AE$387,ROW()-2),$A$2:$A$428,0))/INDEX($D$2:$D$428,MATCH(EDATE(AE$387,ROW()-2),$A$2:$A$428,0)-1),""))} -> 108.91255 | AF7: {=IF(EDATE(AF$387,ROW()-2)>AF$388,"",IFERROR(IF(ROW()=2,100,AF6)*INDEX($D$2:$D$428,MATCH(EDATE(AF$387,ROW()-2),$A$2:$A$428,0))/INDEX($D$2:$D$428,MATCH(EDATE(AF$387,ROW()-2),$A$2:$A$428,0)-1),""))} -> 106.58646 | AG7: {=IF(EDATE(AG$387,ROW()-2)>AG$388,"",IFERROR(IF(ROW()=2,100,AG6)*INDEX($D$2:$D$428,MATCH(EDATE(AG$387,ROW()-2),$A$2:$A$428,0))/INDEX($D$2:$D$428,MATCH(EDATE(AG$387,ROW()-2),$A$2:$A$428,0)-1),""))} -> 102.37138 | AH7: {=IF(EDATE(AH$387,ROW()-2)>AH$388,"",IFERROR(IF(ROW()=2,100,AH6)*INDEX($D$2:$D$428,MATCH(EDATE(AH$387,ROW()-2),$A$2:$A$428,0))/INDEX($D$2:$D$428,MATCH(EDATE(AH$387,ROW()-2),$A$2:$A$428,0)-1),""))} -> 103.87684 | AJ7: 33025 | AK7: 4 | AN7: =IF(EDATE(AN$387,ROW()-2)>AN$388,"",IFERROR((INDEX($AL$2:$AL$441,MATCH(EDATE(AN$387,ROW()-2),$AJ$2:$AJ$441,0))-INDEX($AL$2:$AL$441,MATCH(EDATE(AN$387,-1),$AJ$2:$AJ$441,0)))*100,"")) -> 5.4928322 | AO7: =IF(EDATE(AO$387,ROW()-2)>AO$388,"",IFERROR((INDEX($AL$2:$AL$441,MATCH(EDATE(AO$387,ROW()-2),$AJ$2:$AJ$441,0))-INDEX($AL$2:$AL$441,MATCH(EDATE(AO$387,-1),$AJ$2:$AJ$441,0)))*100,"")) -> -2.7290731 | AP7: =IF(EDATE(AP$387,ROW()-2)>AP$388,"",IFERROR((INDEX($AL$2:$AL$441,MATCH(EDATE(AP$387,ROW()-2),$AJ$2:$AJ$441,0))-INDEX($AL$2:$AL$441,MATCH(EDATE(AP$387,-1),$AJ$2:$AJ$441,0)))*100,"")) -> -0.32313009 | AQ7: =IF(EDATE(AQ$387,ROW()-2)>AQ$388,"",IFERROR((INDEX($AL$2:$AL$441,MATCH(EDATE(AQ$387,ROW()-2),$AJ$2:$AJ$441,0))-INDEX($AL$2:$AL$441,MATCH(EDATE(AQ$387,-1),$AJ$2:$AJ$441,0)))*100,"")) -> -1.3514368 | AR7: =IF(EDATE(AR$387,ROW()-2)>AR$388,"",IFERROR((INDEX($AL$2:$AL$441,MATCH(EDATE(AR$387,ROW()-2),$AJ$2:$AJ$441,0))-INDEX($AL$2:$AL$441,MATCH(EDATE(AR$387,-1),$AJ$2:$AJ$441,0)))*100,"")) -> 4.033834 | AS7: =IF(EDATE(AS$387,ROW()-2)>AS$388,"",IFERROR((INDEX($AL$2:$AL$441,MATCH(EDATE(AS$387,ROW()-2),$AJ$2:$AJ$441,0))-INDEX($AL$2:$AL$441,MATCH(EDATE(AS$387,-1),$AJ$2:$AJ$441,0)))*100,"")) -> 2.932735 | AT7: =IF(EDATE(AT$387,ROW()-2)>AT$388,"",IFERROR((INDEX($AL$2:$AL$441,MATCH(EDATE(AT$387,ROW()-2),$AJ$2:$AJ$441,0))-INDEX($AL$2:$AL$441,MATCH(EDATE(AT$387,-1),$AJ$2:$AJ$441,0)))*100,"")) -> -0.024091328 | AU7: =IF(EDATE(AU$387,ROW()-2)>AU$388,"",IFERROR((INDEX($AL$2:$AL$441,MATCH(EDATE(AU$387,ROW()-2),$AJ$2:$AJ$441,0))-INDEX($AL$2:$AL$441,MATCH(EDATE(AU$387,-1),$AJ$2:$AJ$441,0)))*100,"")) -> -0.64290953
A8: 33420 | B8: 6.61 | C8: - | D8: - | E8: =A8 -> 33420 | I8: =A8 -> 33420 | O8: 34881 | P8: {=IF(OR($O8<P$387,$O8>P$388),"",IFERROR(IF($O8=P$387,100,P7)*INDEX($B$2:$B$428,MATCH($O8,$A$2:$A$428,0))/INDEX($B$2:$B$428,MATCH($O8,$A$2:$A$428,0)-1),""))} -> 119.33292 | Q8: {=IF(OR($O8<Q$387,$O8>Q$388),"",IFERROR(IF($O8=Q$387,100,Q7)*INDEX($B$2:$B$428,MATCH($O8,$A$2:$A$428,0))/INDEX($B$2:$B$428,MATCH($O8,$A$2:$A$428,0)-1),""))} | R8: {=IF(OR($O8<R$387,$O8>R$388),"",IFERROR(IF($O8=R$387,100,R7)*INDEX($B$2:$B$428,MATCH($O8,$A$2:$A$428,0))/INDEX($B$2:$B$428,MATCH($O8,$A$2:$A$428,0)-1),""))} | S8: {=IF(OR($O8<S$387,$O8>S$388),"",IFERROR(IF($O8=S$387,100,S7)*INDEX($B$2:$B$428,MATCH($O8,$A$2:$A$428,0))/INDEX($B$2:$B$428,MATCH($O8,$A$2:$A$428,0)-1),""))} | T8: {=IF(OR($O8<T$387,$O8>T$388),"",IFERROR(IF($O8=T$387,100,T7)*INDEX($B$2:$B$428,MATCH($O8,$A$2:$A$428,0))/INDEX($B$2:$B$428,MATCH($O8,$A$2:$A$428,0)-1),""))} | U8: {=IF(OR($O8<U$387,$O8>U$388),"",IFERROR(IF($O8=U$387,100,U7)*INDEX($B$2:$B$428,MATCH($O8,$A$2:$A$428,0))/INDEX($B$2:$B$428,MATCH($O8,$A$2:$A$428,0)-1),""))} | V8: {=IF(OR($O8<V$387,$O8>V$388),"",IFERROR(IF($O8=V$387,100,V7)*INDEX($B$2:$B$428,MATCH($O8,$A$2:$A$428,0))/INDEX($B$2:$B$428,MATCH($O8,$A$2:$A$428,0)-1),""))} | W8: {=IF(OR($O8<W$387,$O8>W$388),"",IFERROR(IF($O8=W$387,100,W7)*INDEX($B$2:$B$428,MATCH($O8,$A$2:$A$428,0))/INDEX($B$2:$B$428,MATCH($O8,$A$2:$A$428,0)-1),""))} | X8: {=IF(OR($O8<X$387,$O8>X$388),"",IFERROR(IF($O8=X$387,100,X7)*INDEX($B$2:$B$428,MATCH($O8,$A$2:$A$428,0))/INDEX($B$2:$B$428,MATCH($O8,$A$2:$A$428,0)-1),""))} | AA8: {=IF(EDATE(AA$387,ROW()-2)>AA$388,"",IFERROR(IF(ROW()=2,100,AA7)*INDEX($D$2:$D$428,MATCH(EDATE(AA$387,ROW()-2),$A$2:$A$428,0))/INDEX($D$2:$D$428,MATCH(EDATE(AA$387,ROW()-2),$A$2:$A$428,0)-1),""))} -> 115.29875 | AB8: {=IF(EDATE(AB$387,ROW()-2)>AB$388,"",IFERROR(IF(ROW()=2,100,AB7)*INDEX($D$2:$D$428,MATCH(EDATE(AB$387,ROW()-2),$A$2:$A$428,0))/INDEX($D$2:$D$428,MATCH(EDATE(AB$387,ROW()-2),$A$2:$A$428,0)-1),""))} -> 106.07119 | AC8: {=IF(EDATE(AC$387,ROW()-2)>AC$388,"",IFERROR(IF(ROW()=2,100,AC7)*INDEX($D$2:$D$428,MATCH(EDATE(AC$387,ROW()-2),$A$2:$A$428,0))/INDEX($D$2:$D$428,MATCH(EDATE(AC$387,ROW()-2),$A$2:$A$428,0)-1),""))} -> 103.92242 | AD8: {=IF(EDATE(AD$387,ROW()-2)>AD$388,"",IFERROR(IF(ROW()=2,100,AD7)*INDEX($D$2:$D$428,MATCH(EDATE(AD$387,ROW()-2),$A$2:$A$428,0))/INDEX($D$2:$D$428,MATCH(EDATE(AD$387,ROW()-2),$A$2:$A$428,0)-1),""))} -> 101.39214 | AE8: {=IF(EDATE(AE$387,ROW()-2)>AE$388,"",IFERROR(IF(ROW()=2,100,AE7)*INDEX($D$2:$D$428,MATCH(EDATE(AE$387,ROW()-2),$A$2:$A$428,0))/INDEX($D$2:$D$428,MATCH(EDATE(AE$387,ROW()-2),$A$2:$A$428,0)-1),""))} -> 109.35987 | AF8: {=IF(EDATE(AF$387,ROW()-2)>AF$388,"",IFERROR(IF(ROW()=2,100,AF7)*INDEX($D$2:$D$428,MATCH(EDATE(AF$387,ROW()-2),$A$2:$A$428,0))/INDEX($D$2:$D$428,MATCH(EDATE(AF$387,ROW()-2),$A$2:$A$428,0)-1),""))} -> 108.34546 | AG8: {=IF(EDATE(AG$387,ROW()-2)>AG$388,"",IFERROR(IF(ROW()=2,100,AG7)*INDEX($D$2:$D$428,MATCH(EDATE(AG$387,ROW()-2),$A$2:$A$428,0))/INDEX($D$2:$D$428,MATCH(EDATE(AG$387,ROW()-2),$A$2:$A$428,0)-1),""))} -> 101.80535 | AH8: {=IF(EDATE(AH$387,ROW()-2)>AH$388,"",IFERROR(IF(ROW()=2,100,AH7)*INDEX($D$2:$D$428,MATCH(EDATE(AH$387,ROW()-2),$A$2:$A$428,0))/INDEX($D$2:$D$428,MATCH(EDATE(AH$387,ROW()-2),$A$2:$A$428,0)-1),""))} -> 103.14072 | AJ8: 33055 | AK8: 4.9 | AN8: =IF(EDATE(AN$387,ROW()-2)>AN$388,"",IFERROR((INDEX($AL$2:$AL$441,MATCH(EDATE(AN$387,ROW()-2),$AJ$2:$AJ$441,0))-INDEX($AL$2:$AL$441,MATCH(EDATE(AN$387,-1),$AJ$2:$AJ$441,0)))*100,"")) -> 5.7152775 | AO8: =IF(EDATE(AO$387,ROW()-2)>AO$388,"",IFERROR((INDEX($AL$2:$AL$441,MATCH(EDATE(AO$387,ROW()-2),$AJ$2:$AJ$441,0))-INDEX($AL$2:$AL$441,MATCH(EDATE(AO$387,-1),$AJ$2:$AJ$441,0)))*100,"")) -> -1.6016356 | AP8: =IF(EDATE(AP$387,ROW()-2)>AP$388,"",IFERROR((INDEX($AL$2:$AL$441,MATCH(EDATE(AP$387,ROW()-2),$AJ$2:$AJ$441,0))-INDEX($AL$2:$AL$441,MATCH(EDATE(AP$387,-1),$AJ$2:$AJ$441,0)))*100,"")) -> -2.4509417 | AQ8: =IF(EDATE(AQ$387,ROW()-2)>AQ$388,"",IFERROR((INDEX($AL$2:$AL$441,MATCH(EDATE(AQ$387,ROW()-2),$AJ$2:$AJ$441,0))-INDEX($AL$2:$AL$441,MATCH(EDATE(AQ$387,-1),$AJ$2:$AJ$441,0)))*100,"")) -> -3.8238371 | AR8: =IF(EDATE(AR$387,ROW()-2)>AR$388,"",IFERROR((INDEX($AL$2:$AL$441,MATCH(EDATE(AR$387,ROW()-2),$AJ$2:$AJ$441,0))-INDEX($AL$2:$AL$441,MATCH(EDATE(AR$387,-1),$AJ$2:$AJ$441,0)))*100,"")) -> 4.0791211 | AS8: =IF(EDATE(AS$387,ROW()-2)>AS$388,"",IFERROR((INDEX($AL$2:$AL$441,MATCH(EDATE(AS$387,ROW()-2),$AJ$2:$AJ$441,0))-INDEX($AL$2:$AL$441,MATCH(EDATE(AS$387,-1),$AJ$2:$AJ$441,0)))*100,"")) -> 3.7697284 | AT8: =IF(EDATE(AT$387,ROW()-2)>AT$388,"",IFERROR((INDEX($AL$2:$AL$441,MATCH(EDATE(AT$387,ROW()-2),$AJ$2:$AJ$441,0))-INDEX($AL$2:$AL$441,MATCH(EDATE(AT$387,-1),$AJ$2:$AJ$441,0)))*100,"")) -> -0.96003623 | AU8: =IF(EDATE(AU$387,ROW()-2)>AU$388,"",IFERROR((INDEX($AL$2:$AL$441,MATCH(EDATE(AU$387,ROW()-2),$AJ$2:$AJ$441,0))-INDEX($AL$2:$AL$441,MATCH(EDATE(AU$387,-1),$AJ$2:$AJ$441,0)))*100,"")) -> -1.6412093
A9: 33451 | B9: 7.51 | C9: - | D9: - | E9: =A9 -> 33451 | I9: =A9 -> 33451 | O9: 34912 | P9: {=IF(OR($O9<P$387,$O9>P$388),"",IFERROR(IF($O9=P$387,100,P8)*INDEX($B$2:$B$428,MATCH($O9,$A$2:$A$428,0))/INDEX($B$2:$B$428,MATCH($O9,$A$2:$A$428,0)-1),""))} -> 119.17279 | Q9: {=IF(OR($O9<Q$387,$O9>Q$388),"",IFERROR(IF($O9=Q$387,100,Q8)*INDEX($B$2:$B$428,MATCH($O9,$A$2:$A$428,0))/INDEX($B$2:$B$428,MATCH($O9,$A$2:$A$428,0)-1),""))} | R9: {=IF(OR($O9<R$387,$O9>R$388),"",IFERROR(IF($O9=R$387,100,R8)*INDEX($B$2:$B$428,MATCH($O9,$A$2:$A$428,0))/INDEX($B$2:$B$428,MATCH($O9,$A$2:$A$428,0)-1),""))} | S9: {=IF(OR($O9<S$387,$O9>S$388),"",IFERROR(IF($O9=S$387,100,S8)*INDEX($B$2:$B$428,MATCH($O9,$A$2:$A$428,0))/INDEX($B$2:$B$428,MATCH($O9,$A$2:$A$428,0)-1),""))} | T9: {=IF(OR($O9<T$387,$O9>T$388),"",IFERROR(IF($O9=T$387,100,T8)*INDEX($B$2:$B$428,MATCH($O9,$A$2:$A$428,0))/INDEX($B$2:$B$428,MATCH($O9,$A$2:$A$428,0)-1),""))} | U9: {=IF(OR($O9<U$387,$O9>U$388),"",IFERROR(IF($O9=U$387,100,U8)*INDEX($B$2:$B$428,MATCH($O9,$A$2:$A$428,0))/INDEX($B$2:$B$428,MATCH($O9,$A$2:$A$428,0)-1),""))} | V9: {=IF(OR($O9<V$387,$O9>V$388),"",IFERROR(IF($O9=V$387,100,V8)*INDEX($B$2:$B$428,MATCH($O9,$A$2:$A$428,0))/INDEX($B$2:$B$428,MATCH($O9,$A$2:$A$428,0)-1),""))} | W9: {=IF(OR($O9<W$387,$O9>W$388),"",IFERROR(IF($O9=W$387,100,W8)*INDEX($B$2:$B$428,MATCH($O9,$A$2:$A$428,0))/INDEX($B$2:$B$428,MATCH($O9,$A$2:$A$428,0)-1),""))} | X9: {=IF(OR($O9<X$387,$O9>X$388),"",IFERROR(IF($O9=X$387,100,X8)*INDEX($B$2:$B$428,MATCH($O9,$A$2:$A$428,0))/INDEX($B$2:$B$428,MATCH($O9,$A$2:$A$428,0)-1),""))} | AA9: {=IF(EDATE(AA$387,ROW()-2)>AA$388,"",IFERROR(IF(ROW()=2,100,AA8)*INDEX($D$2:$D$428,MATCH(EDATE(AA$387,ROW()-2),$A$2:$A$428,0))/INDEX($D$2:$D$428,MATCH(EDATE(AA$387,ROW()-2),$A$2:$A$428,0)-1),""))} -> 119.32531 | AB9: {=IF(EDATE(AB$387,ROW()-2)>AB$388,"",IFERROR(IF(ROW()=2,100,AB8)*INDEX($D$2:$D$428,MATCH(EDATE(AB$387,ROW()-2),$A$2:$A$428,0))/INDEX($D$2:$D$428,MATCH(EDATE(AB$387,ROW()-2),$A$2:$A$428,0)-1),""))} -> 106.87469 | AC9: {=IF(EDATE(AC$387,ROW()-2)>AC$388,"",IFERROR(IF(ROW()=2,100,AC8)*INDEX($D$2:$D$428,MATCH(EDATE(AC$387,ROW()-2),$A$2:$A$428,0))/INDEX($D$2:$D$428,MATCH(EDATE(AC$387,ROW()-2),$A$2:$A$428,0)-1),""))} -> 105.80494 | AD9: {=IF(EDATE(AD$387,ROW()-2)>AD$388,"",IFERROR(IF(ROW()=2,100,AD8)*INDEX($D$2:$D$428,MATCH(EDATE(AD$387,ROW()-2),$A$2:$A$428,0))/INDEX($D$2:$D$428,MATCH(EDATE(AD$387,ROW()-2),$A$2:$A$428,0)-1),""))} -> 103.28106 | AE9: {=IF(EDATE(AE$387,ROW()-2)>AE$388,"",IFERROR(IF(ROW()=2,100,AE8)*INDEX($D$2:$D$428,MATCH(EDATE(AE$387,ROW()-2),$A$2:$A$428,0))/INDEX($D$2:$D$428,MATCH(EDATE(AE$387,ROW()-2),$A$2:$A$428,0)-1),""))} -> 112.7245 | AF9: {=IF(EDATE(AF$387,ROW()-2)>AF$388,"",IFERROR(IF(ROW()=2,100,AF8)*INDEX($D$2:$D$428,MATCH(EDATE(AF$387,ROW()-2),$A$2:$A$428,0))/INDEX($D$2:$D$428,MATCH(EDATE(AF$387,ROW()-2),$A$2:$A$428,0)-1),""))} -> 112.79935 | AG9: {=IF(EDATE(AG$387,ROW()-2)>AG$388,"",IFERROR(IF(ROW()=2,100,AG8)*INDEX($D$2:$D$428,MATCH(EDATE(AG$387,ROW()-2),$A$2:$A$428,0))/INDEX($D$2:$D$428,MATCH(EDATE(AG$387,ROW()-2),$A$2:$A$428,0)-1),""))} -> 103.94621 | AH9: {=IF(EDATE(AH$387,ROW()-2)>AH$388,"",IFERROR(IF(ROW()=2,100,AH8)*INDEX($D$2:$D$428,MATCH(EDATE(AH$387,ROW()-2),$A$2:$A$428,0))/INDEX($D$2:$D$428,MATCH(EDATE(AH$387,ROW()-2),$A$2:$A$428,0)-1),""))} -> 104.76091 | AJ9: 33086 | AK9: 5.9 | AN9: =IF(EDATE(AN$387,ROW()-2)>AN$388,"",IFERROR((INDEX($AL$2:$AL$441,MATCH(EDATE(AN$387,ROW()-2),$AJ$2:$AJ$441,0))-INDEX($AL$2:$AL$441,MATCH(EDATE(AN$387,-1),$AJ$2:$AJ$441,0)))*100,"")) -> 7.3516433 | AO9: =IF(EDATE(AO$387,ROW()-2)>AO$388,"",IFERROR((INDEX($AL$2:$AL$441,MATCH(EDATE(AO$387,ROW()-2),$AJ$2:$AJ$441,0))-INDEX($AL$2:$AL$441,MATCH(EDATE(AO$387,-1),$AJ$2:$AJ$441,0)))*100,"")) -> -1.8003247 | AP9: =IF(EDATE(AP$387,ROW()-2)>AP$388,"",IFERROR((INDEX($AL$2:$AL$441,MATCH(EDATE(AP$387,ROW()-2),$AJ$2:$AJ$441,0))-INDEX($AL$2:$AL$441,MATCH(EDATE(AP$387,-1),$AJ$2:$AJ$441,0)))*100,"")) -> -1.9296556 | AQ9: =IF(EDATE(AQ$387,ROW()-2)>AQ$388,"",IFERROR((INDEX($AL$2:$AL$441,MATCH(EDATE(AQ$387,ROW()-2),$AJ$2:$AJ$441,0))-INDEX($AL$2:$AL$441,MATCH(EDATE(AQ$387,-1),$AJ$2:$AJ$441,0)))*100,"")) -> -3.3303943 | AR9: =IF(EDATE(AR$387,ROW()-2)>AR$388,"",IFERROR((INDEX($AL$2:$AL$441,MATCH(EDATE(AR$387,ROW()-2),$AJ$2:$AJ$441,0))-INDEX($AL$2:$AL$441,MATCH(EDATE(AR$387,-1),$AJ$2:$AJ$441,0)))*100,"")) -> 5.9030373 | AS9: =IF(EDATE(AS$387,ROW()-2)>AS$388,"",IFERROR((INDEX($AL$2:$AL$441,MATCH(EDATE(AS$387,ROW()-2),$AJ$2:$AJ$441,0))-INDEX($AL$2:$AL$441,MATCH(EDATE(AS$387,-1),$AJ$2:$AJ$441,0)))*100,"")) -> 6.4481898 | AT9: =IF(EDATE(AT$387,ROW()-2)>AT$388,"",IFERROR((INDEX($AL$2:$AL$441,MATCH(EDATE(AT$387,ROW()-2),$AJ$2:$AJ$441,0))-INDEX($AL$2:$AL$441,MATCH(EDATE(AT$387,-1),$AJ$2:$AJ$441,0)))*100,"")) -> 0.42913128 | AU9: =IF(EDATE(AU$387,ROW()-2)>AU$388,"",IFERROR((INDEX($AL$2:$AL$441,MATCH(EDATE(AU$387,ROW()-2),$AJ$2:$AJ$441,0))-INDEX($AL$2:$AL$441,MATCH(EDATE(AU$387,-1),$AJ$2:$AJ$441,0)))*100,"")) -> -0.80893002
A10: 33482 | B10: 9.01 | C10: - | D10: - | E10: =A10 -> 33482 | I10: =A10 -> 33482 | O10: 34943 | P10: {=IF(OR($O10<P$387,$O10>P$388),"",IFERROR(IF($O10=P$387,100,P9)*INDEX($B$2:$B$428,MATCH($O10,$A$2:$A$428,0))/INDEX($B$2:$B$428,MATCH($O10,$A$2:$A$428,0)-1),""))} -> 122.72945 | Q10: {=IF(OR($O10<Q$387,$O10>Q$388),"",IFERROR(IF($O10=Q$387,100,Q9)*INDEX($B$2:$B$428,MATCH($O10,$A$2:$A$428,0))/INDEX($B$2:$B$428,MATCH($O10,$A$2:$A$428,0)-1),""))} | R10: {=IF(OR($O10<R$387,$O10>R$388),"",IFERROR(IF($O10=R$387,100,R9)*INDEX($B$2:$B$428,MATCH($O10,$A$2:$A$428,0))/INDEX($B$2:$B$428,MATCH($O10,$A$2:$A$428,0)-1),""))} | S10: {=IF(OR($O10<S$387,$O10>S$388),"",IFERROR(IF($O10=S$387,100,S9)*INDEX($B$2:$B$428,MATCH($O10,$A$2:$A$428,0))/INDEX($B$2:$B$428,MATCH($O10,$A$2:$A$428,0)-1),""))} | T10: {=IF(OR($O10<T$387,$O10>T$388),"",IFERROR(IF($O10=T$387,100,T9)*INDEX($B$2:$B$428,MATCH($O10,$A$2:$A$428,0))/INDEX($B$2:$B$428,MATCH($O10,$A$2:$A$428,0)-1),""))} | U10: {=IF(OR($O10<U$387,$O10>U$388),"",IFERROR(IF($O10=U$387,100,U9)*INDEX($B$2:$B$428,MATCH($O10,$A$2:$A$428,0))/INDEX($B$2:$B$428,MATCH($O10,$A$2:$A$428,0)-1),""))} | V10: {=IF(OR($O10<V$387,$O10>V$388),"",IFERROR(IF($O10=V$387,100,V9)*INDEX($B$2:$B$428,MATCH($O10,$A$2:$A$428,0))/INDEX($B$2:$B$428,MATCH($O10,$A$2:$A$428,0)-1),""))} | W10: {=IF(OR($O10<W$387,$O10>W$388),"",IFERROR(IF($O10=W$387,100,W9)*INDEX($B$2:$B$428,MATCH($O10,$A$2:$A$428,0))/INDEX($B$2:$B$428,MATCH($O10,$A$2:$A$428,0)-1),""))} | X10: {=IF(OR($O10<X$387,$O10>X$388),"",IFERROR(IF($O10=X$387,100,X9)*INDEX($B$2:$B$428,MATCH($O10,$A$2:$A$428,0))/INDEX($B$2:$B$428,MATCH($O10,$A$2:$A$428,0)-1),""))} | AA10: {=IF(EDATE(AA$387,ROW()-2)>AA$388,"",IFERROR(IF(ROW()=2,100,AA9)*INDEX($D$2:$D$428,MATCH(EDATE(AA$387,ROW()-2),$A$2:$A$428,0))/INDEX($D$2:$D$428,MATCH(EDATE(AA$387,ROW()-2),$A$2:$A$428,0)-1),""))} -> 121.81534 | AB10: {=IF(EDATE(AB$387,ROW()-2)>AB$388,"",IFERROR(IF(ROW()=2,100,AB9)*INDEX($D$2:$D$428,MATCH(EDATE(AB$387,ROW()-2),$A$2:$A$428,0))/INDEX($D$2:$D$428,MATCH(EDATE(AB$387,ROW()-2),$A$2:$A$428,0)-1),""))} -> 108.60739 | AC10: {=IF(EDATE(AC$387,ROW()-2)>AC$388,"",IFERROR(IF(ROW()=2,100,AC9)*INDEX($D$2:$D$428,MATCH(EDATE(AC$387,ROW()-2),$A$2:$A$428,0))/INDEX($D$2:$D$428,MATCH(EDATE(AC$387,ROW()-2),$A$2:$A$428,0)-1),""))} -> 106.32105 | AD10: {=IF(EDATE(AD$387,ROW()-2)>AD$388,"",IFERROR(IF(ROW()=2,100,AD9)*INDEX($D$2:$D$428,MATCH(EDATE(AD$387,ROW()-2),$A$2:$A$428,0))/INDEX($D$2:$D$428,MATCH(EDATE(AD$387,ROW()-2),$A$2:$A$428,0)-1),""))} -> 105.6513 | AE10: {=IF(EDATE(AE$387,ROW()-2)>AE$388,"",IFERROR(IF(ROW()=2,100,AE9)*INDEX($D$2:$D$428,MATCH(EDATE(AE$387,ROW()-2),$A$2:$A$428,0))/INDEX($D$2:$D$428,MATCH(EDATE(AE$387,ROW()-2),$A$2:$A$428,0)-1),""))} -> 116.50817 | AF10: {=IF(EDATE(AF$387,ROW()-2)>AF$388,"",IFERROR(IF(ROW()=2,100,AF9)*INDEX($D$2:$D$428,MATCH(EDATE(AF$387,ROW()-2),$A$2:$A$428,0))/INDEX($D$2:$D$428,MATCH(EDATE(AF$387,ROW()-2),$A$2:$A$428,0)-1),""))} -> 112.19392 | AG10: {=IF(EDATE(AG$387,ROW()-2)>AG$388,"",IFERROR(IF(ROW()=2,100,AG9)*INDEX($D$2:$D$428,MATCH(EDATE(AG$387,ROW()-2),$A$2:$A$428,0))/INDEX($D$2:$D$428,MATCH(EDATE(AG$387,ROW()-2),$A$2:$A$428,0)-1),""))} -> 105.56059 | AH10: {=IF(EDATE(AH$387,ROW()-2)>AH$388,"",IFERROR(IF(ROW()=2,100,AH9)*INDEX($D$2:$D$428,MATCH(EDATE(AH$387,ROW()-2),$A$2:$A$428,0))/INDEX($D$2:$D$428,MATCH(EDATE(AH$387,ROW()-2),$A$2:$A$428,0)-1),""))} -> 102.77064 | AJ10: 33117 | AK10: 7 | AN10: =IF(EDATE(AN$387,ROW()-2)>AN$388,"",IFERROR((INDEX($AL$2:$AL$441,MATCH(EDATE(AN$387,ROW()-2),$AJ$2:$AJ$441,0))-INDEX($AL$2:$AL$441,MATCH(EDATE(AN$387,-1),$AJ$2:$AJ$441,0)))*100,"")) -> 8.2296192 | AO10: =IF(EDATE(AO$387,ROW()-2)>AO$388,"",IFERROR((INDEX($AL$2:$AL$441,MATCH(EDATE(AO$387,ROW()-2),$AJ$2:$AJ$441,0))-INDEX($AL$2:$AL$441,MATCH(EDATE(AO$387,-1),$AJ$2:$AJ$441,0)))*100,"")) -> -1.7463249 | AP10: =IF(EDATE(AP$387,ROW()-2)>AP$388,"",IFERROR((INDEX($AL$2:$AL$441,MATCH(EDATE(AP$387,ROW()-2),$AJ$2:$AJ$441,0))-INDEX($AL$2:$AL$441,MATCH(EDATE(AP$387,-1),$AJ$2:$AJ$441,0)))*100,"")) -> -2.1341966 | AQ10: =IF(EDATE(AQ$387,ROW()-2)>AQ$388,"",IFERROR((INDEX($AL$2:$AL$441,MATCH(EDATE(AQ$387,ROW()-2),$AJ$2:$AJ$441,0))-INDEX($AL$2:$AL$441,MATCH(EDATE(AQ$387,-1),$AJ$2:$AJ$441,0)))*100,"")) -> -2.4473754 | AR10: =IF(EDATE(AR$387,ROW()-2)>AR$388,"",IFERROR((INDEX($AL$2:$AL$441,MATCH(EDATE(AR$387,ROW()-2),$AJ$2:$AJ$441,0))-INDEX($AL$2:$AL$441,MATCH(EDATE(AR$387,-1),$AJ$2:$AJ$441,0)))*100,"")) -> 8.068512 | AS10: =IF(EDATE(AS$387,ROW()-2)>AS$388,"",IFERROR((INDEX($AL$2:$AL$441,MATCH(EDATE(AS$387,ROW()-2),$AJ$2:$AJ$441,0))-INDEX($AL$2:$AL$441,MATCH(EDATE(AS$387,-1),$AJ$2:$AJ$441,0)))*100,"")) -> 5.648657 | AT10: =IF(EDATE(AT$387,ROW()-2)>AT$388,"",IFERROR((INDEX($AL$2:$AL$441,MATCH(EDATE(AT$387,ROW()-2),$AJ$2:$AJ$441,0))-INDEX($AL$2:$AL$441,MATCH(EDATE(AT$387,-1),$AJ$2:$AJ$441,0)))*100,"")) -> 1.2636172 | AU10: =IF(EDATE(AU$387,ROW()-2)>AU$388,"",IFERROR((INDEX($AL$2:$AL$441,MATCH(EDATE(AU$387,ROW()-2),$AJ$2:$AJ$441,0))-INDEX($AL$2:$AL$441,MATCH(EDATE(AU$387,-1),$AJ$2:$AJ$441,0)))*100,"")) -> -2.823506
A11: 33512 | B11: 11.95 | C11: - | D11: - | E11: =A11 -> 33512 | I11: =A11 -> 33512 | O11: 34973 | P11: {=IF(OR($O11<P$387,$O11>P$388),"",IFERROR(IF($O11=P$387,100,P10)*INDEX($B$2:$B$428,MATCH($O11,$A$2:$A$428,0))/INDEX($B$2:$B$428,MATCH($O11,$A$2:$A$428,0)-1),""))} -> 127.00095 | Q11: {=IF(OR($O11<Q$387,$O11>Q$388),"",IFERROR(IF($O11=Q$387,100,Q10)*INDEX($B$2:$B$428,MATCH($O11,$A$2:$A$428,0))/INDEX($B$2:$B$428,MATCH($O11,$A$2:$A$428,0)-1),""))} | R11: {=IF(OR($O11<R$387,$O11>R$388),"",IFERROR(IF($O11=R$387,100,R10)*INDEX($B$2:$B$428,MATCH($O11,$A$2:$A$428,0))/INDEX($B$2:$B$428,MATCH($O11,$A$2:$A$428,0)-1),""))} | S11: {=IF(OR($O11<S$387,$O11>S$388),"",IFERROR(IF($O11=S$387,100,S10)*INDEX($B$2:$B$428,MATCH($O11,$A$2:$A$428,0))/INDEX($B$2:$B$428,MATCH($O11,$A$2:$A$428,0)-1),""))} | T11: {=IF(OR($O11<T$387,$O11>T$388),"",IFERROR(IF($O11=T$387,100,T10)*INDEX($B$2:$B$428,MATCH($O11,$A$2:$A$428,0))/INDEX($B$2:$B$428,MATCH($O11,$A$2:$A$428,0)-1),""))} | U11: {=IF(OR($O11<U$387,$O11>U$388),"",IFERROR(IF($O11=U$387,100,U10)*INDEX($B$2:$B$428,MATCH($O11,$A$2:$A$428,0))/INDEX($B$2:$B$428,MATCH($O11,$A$2:$A$428,0)-1),""))} | V11: {=IF(OR($O11<V$387,$O11>V$388),"",IFERROR(IF($O11=V$387,100,V10)*INDEX($B$2:$B$428,MATCH($O11,$A$2:$A$428,0))/INDEX($B$2:$B$428,MATCH($O11,$A$2:$A$428,0)-1),""))} | W11: {=IF(OR($O11<W$387,$O11>W$388),"",IFERROR(IF($O11=W$387,100,W10)*INDEX($B$2:$B$428,MATCH($O11,$A$2:$A$428,0))/INDEX($B$2:$B$428,MATCH($O11,$A$2:$A$428,0)-1),""))} | X11: {=IF(OR($O11<X$387,$O11>X$388),"",IFERROR(IF($O11=X$387,100,X10)*INDEX($B$2:$B$428,MATCH($O11,$A$2:$A$428,0))/INDEX($B$2:$B$428,MATCH($O11,$A$2:$A$428,0)-1),""))} | AA11: {=IF(EDATE(AA$387,ROW()-2)>AA$388,"",IFERROR(IF(ROW()=2,100,AA10)*INDEX($D$2:$D$428,MATCH(EDATE(AA$387,ROW()-2),$A$2:$A$428,0))/INDEX($D$2:$D$428,MATCH(EDATE(AA$387,ROW()-2),$A$2:$A$428,0)-1),""))} -> 124.78267 | AB11: {=IF(EDATE(AB$387,ROW()-2)>AB$388,"",IFERROR(IF(ROW()=2,100,AB10)*INDEX($D$2:$D$428,MATCH(EDATE(AB$387,ROW()-2),$A$2:$A$428,0))/INDEX($D$2:$D$428,MATCH(EDATE(AB$387,ROW()-2),$A$2:$A$428,0)-1),""))} -> 108.71442 | AC11: {=IF(EDATE(AC$387,ROW()-2)>AC$388,"",IFERROR(IF(ROW()=2,100,AC10)*INDEX($D$2:$D$428,MATCH(EDATE(AC$387,ROW()-2),$A$2:$A$428,0))/INDEX($D$2:$D$428,MATCH(EDATE(AC$387,ROW()-2),$A$2:$A$428,0)-1),""))} -> 107.8325 | AD11: {=IF(EDATE(AD$387,ROW()-2)>AD$388,"",IFERROR(IF(ROW()=2,100,AD10)*INDEX($D$2:$D$428,MATCH(EDATE(AD$387,ROW()-2),$A$2:$A$428,0))/INDEX($D$2:$D$428,MATCH(EDATE(AD$387,ROW()-2),$A$2:$A$428,0)-1),""))} -> 106.2018 | AE11: {=IF(EDATE(AE$387,ROW()-2)>AE$388,"",IFERROR(IF(ROW()=2,100,AE10)*INDEX($D$2:$D$428,MATCH(EDATE(AE$387,ROW()-2),$A$2:$A$428,0))/INDEX($D$2:$D$428,MATCH(EDATE(AE$387,ROW()-2),$A$2:$A$428,0)-1),""))} -> 113.88604 | AF11: {=IF(EDATE(AF$387,ROW()-2)>AF$388,"",IFERROR(IF(ROW()=2,100,AF10)*INDEX($D$2:$D$428,MATCH(EDATE(AF$387,ROW()-2),$A$2:$A$428,0))/INDEX($D$2:$D$428,MATCH(EDATE(AF$387,ROW()-2),$A$2:$A$428,0)-1),""))} -> 114.63276 | AG11: {=IF(EDATE(AG$387,ROW()-2)>AG$388,"",IFERROR(IF(ROW()=2,100,AG10)*INDEX($D$2:$D$428,MATCH(EDATE(AG$387,ROW()-2),$A$2:$A$428,0))/INDEX($D$2:$D$428,MATCH(EDATE(AG$387,ROW()-2),$A$2:$A$428,0)-1),""))} -> 104.78165 | AH11: {=IF(EDATE(AH$387,ROW()-2)>AH$388,"",IFERROR(IF(ROW()=2,100,AH10)*INDEX($D$2:$D$428,MATCH(EDATE(AH$387,ROW()-2),$A$2:$A$428,0))/INDEX($D$2:$D$428,MATCH(EDATE(AH$387,ROW()-2),$A$2:$A$428,0)-1),""))} -> 103.94569 | AJ11: 33147 | AK11: 8.3 | AN11: =IF(EDATE(AN$387,ROW()-2)>AN$388,"",IFERROR((INDEX($AL$2:$AL$441,MATCH(EDATE(AN$387,ROW()-2),$AJ$2:$AJ$441,0))-INDEX($AL$2:$AL$441,MATCH(EDATE(AN$387,-1),$AJ$2:$AJ$441,0)))*100,"")) -> 9.1746852 | AO11: =IF(EDATE(AO$387,ROW()-2)>AO$388,"",IFERROR((INDEX($AL$2:$AL$441,MATCH(EDATE(AO$387,ROW()-2),$AJ$2:$AJ$441,0))-INDEX($AL$2:$AL$441,MATCH(EDATE(AO$387,-1),$AJ$2:$AJ$441,0)))*100,"")) -> -2.7902761 | AP11: =IF(EDATE(AP$387,ROW()-2)>AP$388,"",IFERROR((INDEX($AL$2:$AL$441,MATCH(EDATE(AP$387,ROW()-2),$AJ$2:$AJ$441,0))-INDEX($AL$2:$AL$441,MATCH(EDATE(AP$387,-1),$AJ$2:$AJ$441,0)))*100,"")) -> -1.8772116 | AQ11: =IF(EDATE(AQ$387,ROW()-2)>AQ$388,"",IFERROR((INDEX($AL$2:$AL$441,MATCH(EDATE(AQ$387,ROW()-2),$AJ$2:$AJ$441,0))-INDEX($AL$2:$AL$441,MATCH(EDATE(AQ$387,-1),$AJ$2:$AJ$441,0)))*100,"")) -> -2.5945518 | AR11: =IF(EDATE(AR$387,ROW()-2)>AR$388,"",IFERROR((INDEX($AL$2:$AL$441,MATCH(EDATE(AR$387,ROW()-2),$AJ$2:$AJ$441,0))-INDEX($AL$2:$AL$441,MATCH(EDATE(AR$387,-1),$AJ$2:$AJ$441,0)))*100,"")) -> 6.3694491 | AS11: =IF(EDATE(AS$387,ROW()-2)>AS$388,"",IFERROR((INDEX($AL$2:$AL$441,MATCH(EDATE(AS$387,ROW()-2),$AJ$2:$AJ$441,0))-INDEX($AL$2:$AL$441,MATCH(EDATE(AS$387,-1),$AJ$2:$AJ$441,0)))*100,"")) -> 7.0563433 | AT11: =IF(EDATE(AT$387,ROW()-2)>AT$388,"",IFERROR((INDEX($AL$2:$AL$441,MATCH(EDATE(AT$387,ROW()-2),$AJ$2:$AJ$441,0))-INDEX($AL$2:$AL$441,MATCH(EDATE(AT$387,-1),$AJ$2:$AJ$441,0)))*100,"")) -> 0.20141071 | AU11: =IF(EDATE(AU$387,ROW()-2)>AU$388,"",IFERROR((INDEX($AL$2:$AL$441,MATCH(EDATE(AU$387,ROW()-2),$AJ$2:$AJ$441,0))-INDEX($AL$2:$AL$441,MATCH(EDATE(AU$387,-1),$AJ$2:$AJ$441,0)))*100,"")) -> -2.4521098
A12: 33543 | B12: 15.02 | C12: - | D12: - | E12: =A12 -> 33543 | I12: =A12 -> 33543 | O12: 35004 | P12: {=IF(OR($O12<P$387,$O12>P$388),"",IFERROR(IF($O12=P$387,100,P11)*INDEX($B$2:$B$428,MATCH($O12,$A$2:$A$428,0))/INDEX($B$2:$B$428,MATCH($O12,$A$2:$A$428,0)-1),""))} -> 130.48994 | Q12: {=IF(OR($O12<Q$387,$O12>Q$388),"",IFERROR(IF($O12=Q$387,100,Q11)*INDEX($B$2:$B$428,MATCH($O12,$A$2:$A$428,0))/INDEX($B$2:$B$428,MATCH($O12,$A$2:$A$428,0)-1),""))} | R12: {=IF(OR($O12<R$387,$O12>R$388),"",IFERROR(IF($O12=R$387,100,R11)*INDEX($B$2:$B$428,MATCH($O12,$A$2:$A$428,0))/INDEX($B$2:$B$428,MATCH($O12,$A$2:$A$428,0)-1),""))} | S12: {=IF(OR($O12<S$387,$O12>S$388),"",IFERROR(IF($O12=S$387,100,S11)*INDEX($B$2:$B$428,MATCH($O12,$A$2:$A$428,0))/INDEX($B$2:$B$428,MATCH($O12,$A$2:$A$428,0)-1),""))} | T12: {=IF(OR($O12<T$387,$O12>T$388),"",IFERROR(IF($O12=T$387,100,T11)*INDEX($B$2:$B$428,MATCH($O12,$A$2:$A$428,0))/INDEX($B$2:$B$428,MATCH($O12,$A$2:$A$428,0)-1),""))} | U12: {=IF(OR($O12<U$387,$O12>U$388),"",IFERROR(IF($O12=U$387,100,U11)*INDEX($B$2:$B$428,MATCH($O12,$A$2:$A$428,0))/INDEX($B$2:$B$428,MATCH($O12,$A$2:$A$428,0)-1),""))} | V12: {=IF(OR($O12<V$387,$O12>V$388),"",IFERROR(IF($O12=V$387,100,V11)*INDEX($B$2:$B$428,MATCH($O12,$A$2:$A$428,0))/INDEX($B$2:$B$428,MATCH($O12,$A$2:$A$428,0)-1),""))} | W12: {=IF(OR($O12<W$387,$O12>W$388),"",IFERROR(IF($O12=W$387,100,W11)*INDEX($B$2:$B$428,MATCH($O12,$A$2:$A$428,0))/INDEX($B$2:$B$428,MATCH($O12,$A$2:$A$428,0)-1),""))} | X12: {=IF(OR($O12<X$387,$O12>X$388),"",IFERROR(IF($O12=X$387,100,X11)*INDEX($B$2:$B$428,MATCH($O12,$A$2:$A$428,0))/INDEX($B$2:$B$428,MATCH($O12,$A$2:$A$428,0)-1),""))} | AA12: {=IF(EDATE(AA$387,ROW()-2)>AA$388,"",IFERROR(IF(ROW()=2,100,AA11)*INDEX($D$2:$D$428,MATCH(EDATE(AA$387,ROW()-2),$A$2:$A$428,0))/INDEX($D$2:$D$428,MATCH(EDATE(AA$387,ROW()-2),$A$2:$A$428,0)-1),""))} -> 126.62655 | AB12: {=IF(EDATE(AB$387,ROW()-2)>AB$388,"",IFERROR(IF(ROW()=2,100,AB11)*INDEX($D$2:$D$428,MATCH(EDATE(AB$387,ROW()-2),$A$2:$A$428,0))/INDEX($D$2:$D$428,MATCH(EDATE(AB$387,ROW()-2),$A$2:$A$428,0)-1),""))} -> 110.08546 | AC12: {=IF(EDATE(AC$387,ROW()-2)>AC$388,"",IFERROR(IF(ROW()=2,100,AC11)*INDEX($D$2:$D$428,MATCH(EDATE(AC$387,ROW()-2),$A$2:$A$428,0))/INDEX($D$2:$D$428,MATCH(EDATE(AC$387,ROW()-2),$A$2:$A$428,0)-1),""))} -> 109.50161 | AD12: {=IF(EDATE(AD$387,ROW()-2)>AD$388,"",IFERROR(IF(ROW()=2,100,AD11)*INDEX($D$2:$D$428,MATCH(EDATE(AD$387,ROW()-2),$A$2:$A$428,0))/INDEX($D$2:$D$428,MATCH(EDATE(AD$387,ROW()-2),$A$2:$A$428,0)-1),""))} -> 107.82847 | AE12: {=IF(EDATE(AE$387,ROW()-2)>AE$388,"",IFERROR(IF(ROW()=2,100,AE11)*INDEX($D$2:$D$428,MATCH(EDATE(AE$387,ROW()-2),$A$2:$A$428,0))/INDEX($D$2:$D$428,MATCH(EDATE(AE$387,ROW()-2),$A$2:$A$428,0)-1),""))} -> 116.23668 | AF12: {=IF(EDATE(AF$387,ROW()-2)>AF$388,"",IFERROR(IF(ROW()=2,100,AF11)*INDEX($D$2:$D$428,MATCH(EDATE(AF$387,ROW()-2),$A$2:$A$428,0))/INDEX($D$2:$D$428,MATCH(EDATE(AF$387,ROW()-2),$A$2:$A$428,0)-1),""))} -> 117.4129 | AG12: {=IF(EDATE(AG$387,ROW()-2)>AG$388,"",IFERROR(IF(ROW()=2,100,AG11)*INDEX($D$2:$D$428,MATCH(EDATE(AG$387,ROW()-2),$A$2:$A$428,0))/INDEX($D$2:$D$428,MATCH(EDATE(AG$387,ROW()-2),$A$2:$A$428,0)-1),""))} -> 107.18668 | AH12: {=IF(EDATE(AH$387,ROW()-2)>AH$388,"",IFERROR(IF(ROW()=2,100,AH11)*INDEX($D$2:$D$428,MATCH(EDATE(AH$387,ROW()-2),$A$2:$A$428,0))/INDEX($D$2:$D$428,MATCH(EDATE(AH$387,ROW()-2),$A$2:$A$428,0)-1),""))} -> 105.9949 | AJ12: 33178 | AK12: 9.9 | AN12: =IF(EDATE(AN$387,ROW()-2)>AN$388,"",IFERROR((INDEX($AL$2:$AL$441,MATCH(EDATE(AN$387,ROW()-2),$AJ$2:$AJ$441,0))-INDEX($AL$2:$AL$441,MATCH(EDATE(AN$387,-1),$AJ$2:$AJ$441,0)))*100,"")) -> 9.3083882 | AO12: =IF(EDATE(AO$387,ROW()-2)>AO$388,"",IFERROR((INDEX($AL$2:$AL$441,MATCH(EDATE(AO$387,ROW()-2),$AJ$2:$AJ$441,0))-INDEX($AL$2:$AL$441,MATCH(EDATE(AO$387,-1),$AJ$2:$AJ$441,0)))*100,"")) -> -2.6871313 | AP12: =IF(EDATE(AP$387,ROW()-2)>AP$388,"",IFERROR((INDEX($AL$2:$AL$441,MATCH(EDATE(AP$387,ROW()-2),$AJ$2:$AJ$441,0))-INDEX($AL$2:$AL$441,MATCH(EDATE(AP$387,-1),$AJ$2:$AJ$441,0)))*100,"")) -> -1.4324731 | AQ12: =IF(EDATE(AQ$387,ROW()-2)>AQ$388,"",IFERROR((INDEX($AL$2:$AL$441,MATCH(EDATE(AQ$387,ROW()-2),$AJ$2:$AJ$441,0))-INDEX($AL$2:$AL$441,MATCH(EDATE(AQ$387,-1),$AJ$2:$AJ$441,0)))*100,"")) -> -2.1415609 | AR12: =IF(EDATE(AR$387,ROW()-2)>AR$388,"",IFERROR((INDEX($AL$2:$AL$441,MATCH(EDATE(AR$387,ROW()-2),$AJ$2:$AJ$441,0))-INDEX($AL$2:$AL$441,MATCH(EDATE(AR$387,-1),$AJ$2:$AJ$441,0)))*100,"")) -> 7.5943761 | AS12: =IF(EDATE(AS$387,ROW()-2)>AS$388,"",IFERROR((INDEX($AL$2:$AL$441,MATCH(EDATE(AS$387,ROW()-2),$AJ$2:$AJ$441,0))-INDEX($AL$2:$AL$441,MATCH(EDATE(AS$387,-1),$AJ$2:$AJ$441,0)))*100,"")) -> 8.5320992 | AT12: =IF(EDATE(AT$387,ROW()-2)>AT$388,"",IFERROR((INDEX($AL$2:$AL$441,MATCH(EDATE(AT$387,ROW()-2),$AJ$2:$AJ$441,0))-INDEX($AL$2:$AL$441,MATCH(EDATE(AT$387,-1),$AJ$2:$AJ$441,0)))*100,"")) -> 1.7931282 | AU12: =IF(EDATE(AU$387,ROW()-2)>AU$388,"",IFERROR((INDEX($AL$2:$AL$441,MATCH(EDATE(AU$387,ROW()-2),$AJ$2:$AJ$441,0))-INDEX($AL$2:$AL$441,MATCH(EDATE(AU$387,-1),$AJ$2:$AJ$441,0)))*100,"")) -> -1.4605313
A13: 33573 | B13: 18.78 | C13: - | D13: - | E13: =A13 -> 33573 | I13: =A13 -> 33573 | O13: 35034 | P13: {=IF(OR($O13<P$387,$O13>P$388),"",IFERROR(IF($O13=P$387,100,P12)*INDEX($B$2:$B$428,MATCH($O13,$A$2:$A$428,0))/INDEX($B$2:$B$428,MATCH($O13,$A$2:$A$428,0)-1),""))} -> 137.32002 | Q13: {=IF(OR($O13<Q$387,$O13>Q$388),"",IFERROR(IF($O13=Q$387,100,Q12)*INDEX($B$2:$B$428,MATCH($O13,$A$2:$A$428,0))/INDEX($B$2:$B$428,MATCH($O13,$A$2:$A$428,0)-1),""))} | R13: {=IF(OR($O13<R$387,$O13>R$388),"",IFERROR(IF($O13=R$387,100,R12)*INDEX($B$2:$B$428,MATCH($O13,$A$2:$A$428,0))/INDEX($B$2:$B$428,MATCH($O13,$A$2:$A$428,0)-1),""))} | S13: {=IF(OR($O13<S$387,$O13>S$388),"",IFERROR(IF($O13=S$387,100,S12)*INDEX($B$2:$B$428,MATCH($O13,$A$2:$A$428,0))/INDEX($B$2:$B$428,MATCH($O13,$A$2:$A$428,0)-1),""))} | T13: {=IF(OR($O13<T$387,$O13>T$388),"",IFERROR(IF($O13=T$387,100,T12)*INDEX($B$2:$B$428,MATCH($O13,$A$2:$A$428,0))/INDEX($B$2:$B$428,MATCH($O13,$A$2:$A$428,0)-1),""))} | U13: {=IF(OR($O13<U$387,$O13>U$388),"",IFERROR(IF($O13=U$387,100,U12)*INDEX($B$2:$B$428,MATCH($O13,$A$2:$A$428,0))/INDEX($B$2:$B$428,MATCH($O13,$A$2:$A$428,0)-1),""))} | V13: {=IF(OR($O13<V$387,$O13>V$388),"",IFERROR(IF($O13=V$387,100,V12)*INDEX($B$2:$B$428,MATCH($O13,$A$2:$A$428,0))/INDEX($B$2:$B$428,MATCH($O13,$A$2:$A$428,0)-1),""))} | W13: {=IF(OR($O13<W$387,$O13>W$388),"",IFERROR(IF($O13=W$387,100,W12)*INDEX($B$2:$B$428,MATCH($O13,$A$2:$A$428,0))/INDEX($B$2:$B$428,MATCH($O13,$A$2:$A$428,0)-1),""))} | X13: {=IF(OR($O13<X$387,$O13>X$388),"",IFERROR(IF($O13=X$387,100,X12)*INDEX($B$2:$B$428,MATCH($O13,$A$2:$A$428,0))/INDEX($B$2:$B$428,MATCH($O13,$A$2:$A$428,0)-1),""))} | AA13: {=IF(EDATE(AA$387,ROW()-2)>AA$388,"",IFERROR(IF(ROW()=2,100,AA12)*INDEX($D$2:$D$428,MATCH(EDATE(AA$387,ROW()-2),$A$2:$A$428,0))/INDEX($D$2:$D$428,MATCH(EDATE(AA$387,ROW()-2),$A$2:$A$428,0)-1),""))} -> 122.48459 | AB13: {=IF(EDATE(AB$387,ROW()-2)>AB$388,"",IFERROR(IF(ROW()=2,100,AB12)*INDEX($D$2:$D$428,MATCH(EDATE(AB$387,ROW()-2),$A$2:$A$428,0))/INDEX($D$2:$D$428,MATCH(EDATE(AB$387,ROW()-2),$A$2:$A$428,0)-1),""))} -> 108.44521 | AC13: {=IF(EDATE(AC$387,ROW()-2)>AC$388,"",IFERROR(IF(ROW()=2,100,AC12)*INDEX($D$2:$D$428,MATCH(EDATE(AC$387,ROW()-2),$A$2:$A$428,0))/INDEX($D$2:$D$428,MATCH(EDATE(AC$387,ROW()-2),$A$2:$A$428,0)-1),""))} -> 110.14858 | AD13: {=IF(EDATE(AD$387,ROW()-2)>AD$388,"",IFERROR(IF(ROW()=2,100,AD12)*INDEX($D$2:$D$428,MATCH(EDATE(AD$387,ROW()-2),$A$2:$A$428,0))/INDEX($D$2:$D$428,MATCH(EDATE(AD$387,ROW()-2),$A$2:$A$428,0)-1),""))} -> 109.37752 | AE13: {=IF(EDATE(AE$387,ROW()-2)>AE$388,"",IFERROR(IF(ROW()=2,100,AE12)*INDEX($D$2:$D$428,MATCH(EDATE(AE$387,ROW()-2),$A$2:$A$428,0))/INDEX($D$2:$D$428,MATCH(EDATE(AE$387,ROW()-2),$A$2:$A$428,0)-1),""))} -> 120.7798 | AF13: {=IF(EDATE(AF$387,ROW()-2)>AF$388,"",IFERROR(IF(ROW()=2,100,AF12)*INDEX($D$2:$D$428,MATCH(EDATE(AF$387,ROW()-2),$A$2:$A$428,0))/INDEX($D$2:$D$428,MATCH(EDATE(AF$387,ROW()-2),$A$2:$A$428,0)-1),""))} -> 117.99681 | AG13: {=IF(EDATE(AG$387,ROW()-2)>AG$388,"",IFERROR(IF(ROW()=2,100,AG12)*INDEX($D$2:$D$428,MATCH(EDATE(AG$387,ROW()-2),$A$2:$A$428,0))/INDEX($D$2:$D$428,MATCH(EDATE(AG$387,ROW()-2),$A$2:$A$428,0)-1),""))} -> 108.41029 | AH13: {=IF(EDATE(AH$387,ROW()-2)>AH$388,"",IFERROR(IF(ROW()=2,100,AH12)*INDEX($D$2:$D$428,MATCH(EDATE(AH$387,ROW()-2),$A$2:$A$428,0))/INDEX($D$2:$D$428,MATCH(EDATE(AH$387,ROW()-2),$A$2:$A$428,0)-1),""))} -> 108.64819 | AJ13: 33208 | AK13: 11.5 | AN13: =IF(EDATE(AN$387,ROW()-2)>AN$388,"",IFERROR((INDEX($AL$2:$AL$441,MATCH(EDATE(AN$387,ROW()-2),$AJ$2:$AJ$441,0))-INDEX($AL$2:$AL$441,MATCH(EDATE(AN$387,-1),$AJ$2:$AJ$441,0)))*100,"")) -> 6.5118309 | AO13: =IF(EDATE(AO$387,ROW()-2)>AO$388,"",IFERROR((INDEX($AL$2:$AL$441,MATCH(EDATE(AO$387,ROW()-2),$AJ$2:$AJ$441,0))-INDEX($AL$2:$AL$441,MATCH(EDATE(AO$387,-1),$AJ$2:$AJ$441,0)))*100,"")) -> -4.5814255 | AP13: =IF(EDATE(AP$387,ROW()-2)>AP$388,"",IFERROR((INDEX($AL$2:$AL$441,MATCH(EDATE(AP$387,ROW()-2),$AJ$2:$AJ$441,0))-INDEX($AL$2:$AL$441,MATCH(EDATE(AP$387,-1),$AJ$2:$AJ$441,0)))*100,"")) -> -1.574161 | AQ13: =IF(EDATE(AQ$387,ROW()-2)>AQ$388,"",IFERROR((INDEX($AL$2:$AL$441,MATCH(EDATE(AQ$387,ROW()-2),$AJ$2:$AJ$441,0))-INDEX($AL$2:$AL$441,MATCH(EDATE(AQ$387,-1),$AJ$2:$AJ$441,0)))*100,"")) -> -1.7994923 | AR13: =IF(EDATE(AR$387,ROW()-2)>AR$388,"",IFERROR((INDEX($AL$2:$AL$441,MATCH(EDATE(AR$387,ROW()-2),$AJ$2:$AJ$441,0))-INDEX($AL$2:$AL$441,MATCH(EDATE(AR$387,-1),$AJ$2:$AJ$441,0)))*100,"")) -> 10.112527 | AS13: =IF(EDATE(AS$387,ROW()-2)>AS$388,"",IFERROR((INDEX($AL$2:$AL$441,MATCH(EDATE(AS$387,ROW()-2),$AJ$2:$AJ$441,0))-INDEX($AL$2:$AL$441,MATCH(EDATE(AS$387,-1),$AJ$2:$AJ$441,0)))*100,"")) -> 8.7100904 | AT13: =IF(EDATE(AT$387,ROW()-2)>AT$388,"",IFERROR((INDEX($AL$2:$AL$441,MATCH(EDATE(AT$387,ROW()-2),$AJ$2:$AJ$441,0))-INDEX($AL$2:$AL$441,MATCH(EDATE(AT$387,-1),$AJ$2:$AJ$441,0)))*100,"")) -> 2.341435 | AU13: =IF(EDATE(AU$387,ROW()-2)>AU$388,"",IFERROR((INDEX($AL$2:$AL$441,MATCH(EDATE(AU$387,ROW()-2),$AJ$2:$AJ$441,0))-INDEX($AL$2:$AL$441,MATCH(EDATE(AU$387,-1),$AJ$2:$AJ$441,0)))*100,"")) -> 0.061683442
A14: 33604 | B14: 22.68 | C14: - | D14: - | E14: =A14 -> 33604 | F14: =B14/B2-1 -> 3.8984881 | G14: =C14/C2-1 -> #VALUE! | H14: =D14/D2-1 -> #VALUE! | I14: =A14 -> 33604 | O14: 35065 | P14: {=IF(OR($O14<P$387,$O14>P$388),"",IFERROR(IF($O14=P$387,100,P13)*INDEX($B$2:$B$428,MATCH($O14,$A$2:$A$428,0))/INDEX($B$2:$B$428,MATCH($O14,$A$2:$A$428,0)-1),""))} -> 139.96321 | Q14: {=IF(OR($O14<Q$387,$O14>Q$388),"",IFERROR(IF($O14=Q$387,100,Q13)*INDEX($B$2:$B$428,MATCH($O14,$A$2:$A$428,0))/INDEX($B$2:$B$428,MATCH($O14,$A$2:$A$428,0)-1),""))} | R14: {=IF(OR($O14<R$387,$O14>R$388),"",IFERROR(IF($O14=R$387,100,R13)*INDEX($B$2:$B$428,MATCH($O14,$A$2:$A$428,0))/INDEX($B$2:$B$428,MATCH($O14,$A$2:$A$428,0)-1),""))} | S14: {=IF(OR($O14<S$387,$O14>S$388),"",IFERROR(IF($O14=S$387,100,S13)*INDEX($B$2:$B$428,MATCH($O14,$A$2:$A$428,0))/INDEX($B$2:$B$428,MATCH($O14,$A$2:$A$428,0)-1),""))} | T14: {=IF(OR($O14<T$387,$O14>T$388),"",IFERROR(IF($O14=T$387,100,T13)*INDEX($B$2:$B$428,MATCH($O14,$A$2:$A$428,0))/INDEX($B$2:$B$428,MATCH($O14,$A$2:$A$428,0)-1),""))} | U14: {=IF(OR($O14<U$387,$O14>U$388),"",IFERROR(IF($O14=U$387,100,U13)*INDEX($B$2:$B$428,MATCH($O14,$A$2:$A$428,0))/INDEX($B$2:$B$428,MATCH($O14,$A$2:$A$428,0)-1),""))} | V14: {=IF(OR($O14<V$387,$O14>V$388),"",IFERROR(IF($O14=V$387,100,V13)*INDEX($B$2:$B$428,MATCH($O14,$A$2:$A$428,0))/INDEX($B$2:$B$428,MATCH($O14,$A$2:$A$428,0)-1),""))} | W14: {=IF(OR($O14<W$387,$O14>W$388),"",IFERROR(IF($O14=W$387,100,W13)*INDEX($B$2:$B$428,MATCH($O14,$A$2:$A$428,0))/INDEX($B$2:$B$428,MATCH($O14,$A$2:$A$428,0)-1),""))} | X14: {=IF(OR($O14<X$387,$O14>X$388),"",IFERROR(IF($O14=X$387,100,X13)*INDEX($B$2:$B$428,MATCH($O14,$A$2:$A$428,0))/INDEX($B$2:$B$428,MATCH($O14,$A$2:$A$428,0)-1),""))} | AA14: {=IF(EDATE(AA$387,ROW()-2)>AA$388,"",IFERROR(IF(ROW()=2,100,AA13)*INDEX($D$2:$D$428,MATCH(EDATE(AA$387,ROW()-2),$A$2:$A$428,0))/INDEX($D$2:$D$428,MATCH(EDATE(AA$387,ROW()-2),$A$2:$A$428,0)-1),""))} -> 123.91866 | AB14: {=IF(EDATE(AB$387,ROW()-2)>AB$388,"",IFERROR(IF(ROW()=2,100,AB13)*INDEX($D$2:$D$428,MATCH(EDATE(AB$387,ROW()-2),$A$2:$A$428,0))/INDEX($D$2:$D$428,MATCH(EDATE(AB$387,ROW()-2),$A$2:$A$428,0)-1),""))} -> 109.65922 | AC14: {=IF(EDATE(AC$387,ROW()-2)>AC$388,"",IFERROR(IF(ROW()=2,100,AC13)*INDEX($D$2:$D$428,MATCH(EDATE(AC$387,ROW()-2),$A$2:$A$428,0))/INDEX($D$2:$D$428,MATCH(EDATE(AC$387,ROW()-2),$A$2:$A$428,0)-1),""))} -> 108.16671 | AD14: {=IF(EDATE(AD$387,ROW()-2)>AD$388,"",IFERROR(IF(ROW()=2,100,AD13)*INDEX($D$2:$D$428,MATCH(EDATE(AD$387,ROW()-2),$A$2:$A$428,0))/INDEX($D$2:$D$428,MATCH(EDATE(AD$387,ROW()-2),$A$2:$A$428,0)-1),""))} -> 108.16047 | AE14: {=IF(EDATE(AE$387,ROW()-2)>AE$388,"",IFERROR(IF(ROW()=2,100,AE13)*INDEX($D$2:$D$428,MATCH(EDATE(AE$387,ROW()-2),$A$2:$A$428,0))/INDEX($D$2:$D$428,MATCH(EDATE(AE$387,ROW()-2),$A$2:$A$428,0)-1),""))} -> 118.84059 | AF14: {=IF(EDATE(AF$387,ROW()-2)>AF$388,"",IFERROR(IF(ROW()=2,100,AF13)*INDEX($D$2:$D$428,MATCH(EDATE(AF$387,ROW()-2),$A$2:$A$428,0))/INDEX($D$2:$D$428,MATCH(EDATE(AF$387,ROW()-2),$A$2:$A$428,0)-1),""))} -> 117.70223 | AG14: {=IF(EDATE(AG$387,ROW()-2)>AG$388,"",IFERROR(IF(ROW()=2,100,AG13)*INDEX($D$2:$D$428,MATCH(EDATE(AG$387,ROW()-2),$A$2:$A$428,0))/INDEX($D$2:$D$428,MATCH(EDATE(AG$387,ROW()-2),$A$2:$A$428,0)-1),""))} -> 108.21776 | AH14: {=IF(EDATE(AH$387,ROW()-2)>AH$388,"",IFERROR(IF(ROW()=2,100,AH13)*INDEX($D$2:$D$428,MATCH(EDATE(AH$387,ROW()-2),$A$2:$A$428,0))/INDEX($D$2:$D$428,MATCH(EDATE(AH$387,ROW()-2),$A$2:$A$428,0)-1),""))} -> 108.31522 | AJ14: 33239 | AK14: 13.4 | AL14: =D2/AK14 -> #VALUE! | AN14: =IF(EDATE(AN$387,ROW()-2)>AN$388,"",IFERROR((INDEX($AL$2:$AL$441,MATCH(EDATE(AN$387,ROW()-2),$AJ$2:$AJ$441,0))-INDEX($AL$2:$AL$441,MATCH(EDATE(AN$387,-1),$AJ$2:$AJ$441,0)))*100,"")) -> 6.568694 | AO14: =IF(EDATE(AO$387,ROW()-2)>AO$388,"",IFERROR((INDEX($AL$2:$AL$441,MATCH(EDATE(AO$387,ROW()-2),$AJ$2:$AJ$441,0))-INDEX($AL$2:$AL$441,MATCH(EDATE(AO$387,-1),$AJ$2:$AJ$441,0)))*100,"")) -> -4.4787466 | AP14: =IF(EDATE(AP$387,ROW()-2)>AP$388,"",IFERROR((INDEX($AL$2:$AL$441,MATCH(EDATE(AP$387,ROW()-2),$AJ$2:$AJ$441,0))-INDEX($AL$2:$AL$441,MATCH(EDATE(AP$387,-1),$AJ$2:$AJ$441,0)))*100,"")) -> -3.2977158 | AQ14: =IF(EDATE(AQ$387,ROW()-2)>AQ$388,"",IFERROR((INDEX($AL$2:$AL$441,MATCH(EDATE(AQ$387,ROW()-2),$AJ$2:$AJ$441,0))-INDEX($AL$2:$AL$441,MATCH(EDATE(AQ$387,-1),$AJ$2:$AJ$441,0)))*100,"")) -> -2.9713975 | AR14: =IF(EDATE(AR$387,ROW()-2)>AR$388,"",IFERROR((INDEX($AL$2:$AL$441,MATCH(EDATE(AR$387,ROW()-2),$AJ$2:$AJ$441,0))-INDEX($AL$2:$AL$441,MATCH(EDATE(AR$387,-1),$AJ$2:$AJ$441,0)))*100,"")) -> 8.8607581 | AS14: =IF(EDATE(AS$387,ROW()-2)>AS$388,"",IFERROR((INDEX($AL$2:$AL$441,MATCH(EDATE(AS$387,ROW()-2),$AJ$2:$AJ$441,0))-INDEX($AL$2:$AL$441,MATCH(EDATE(AS$387,-1),$AJ$2:$AJ$441,0)))*100,"")) -> 8.0963011 | AT14: =IF(EDATE(AT$387,ROW()-2)>AT$388,"",IFERROR((INDEX($AL$2:$AL$441,MATCH(EDATE(AT$387,ROW()-2),$AJ$2:$AJ$441,0))-INDEX($AL$2:$AL$441,MATCH(EDATE(AT$387,-1),$AJ$2:$AJ$441,0)))*100,"")) -> 1.7592434 | AU14: =IF(EDATE(AU$387,ROW()-2)>AU$388,"",IFERROR((INDEX($AL$2:$AL$441,MATCH(EDATE(AU$387,ROW()-2),$AJ$2:$AJ$441,0))-INDEX($AL$2:$AL$441,MATCH(EDATE(AU$387,-1),$AJ$2:$AJ$441,0)))*100,"")) -> -0.81597177
A15: 33635 | B15: 27.71 | C15: - | D15: - | E15: =A15 -> 33635 | F15: =B15/B3-1 -> 4.9463519 | G15: =C15/C3-1 -> #VALUE! | H15: =D15/D3-1 -> #VALUE! | I15: =A15 -> 33635 | O15: 35096 | P15: {=IF(OR($O15<P$387,$O15>P$388),"",IFERROR(IF($O15=P$387,100,P14)*INDEX($B$2:$B$428,MATCH($O15,$A$2:$A$428,0))/INDEX($B$2:$B$428,MATCH($O15,$A$2:$A$428,0)-1),""))} -> 142.87887 | Q15: {=IF(OR($O15<Q$387,$O15>Q$388),"",IFERROR(IF($O15=Q$387,100,Q14)*INDEX($B$2:$B$428,MATCH($O15,$A$2:$A$428,0))/INDEX($B$2:$B$428,MATCH($O15,$A$2:$A$428,0)-1),""))} | R15: {=IF(OR($O15<R$387,$O15>R$388),"",IFERROR(IF($O15=R$387,100,R14)*INDEX($B$2:$B$428,MATCH($O15,$A$2:$A$428,0))/INDEX($B$2:$B$428,MATCH($O15,$A$2:$A$428,0)-1),""))} | S15: {=IF(OR($O15<S$387,$O15>S$388),"",IFERROR(IF($O15=S$387,100,S14)*INDEX($B$2:$B$428,MATCH($O15,$A$2:$A$428,0))/INDEX($B$2:$B$428,MATCH($O15,$A$2:$A$428,0)-1),""))} | T15: {=IF(OR($O15<T$387,$O15>T$388),"",IFERROR(IF($O15=T$387,100,T14)*INDEX($B$2:$B$428,MATCH($O15,$A$2:$A$428,0))/INDEX($B$2:$B$428,MATCH($O15,$A$2:$A$428,0)-1),""))} | U15: {=IF(OR($O15<U$387,$O15>U$388),"",IFERROR(IF($O15=U$387,100,U14)*INDEX($B$2:$B$428,MATCH($O15,$A$2:$A$428,0))/INDEX($B$2:$B$428,MATCH($O15,$A$2:$A$428,0)-1),""))} | V15: {=IF(OR($O15<V$387,$O15>V$388),"",IFERROR(IF($O15=V$387,100,V14)*INDEX($B$2:$B$428,MATCH($O15,$A$2:$A$428,0))/INDEX($B$2:$B$428,MATCH($O15,$A$2:$A$428,0)-1),""))} | W15: {=IF(OR($O15<W$387,$O15>W$388),"",IFERROR(IF($O15=W$387,100,W14)*INDEX($B$2:$B$428,MATCH($O15,$A$2:$A$428,0))/INDEX($B$2:$B$428,MATCH($O15,$A$2:$A$428,0)-1),""))} | X15: {=IF(OR($O15<X$387,$O15>X$388),"",IFERROR(IF($O15=X$387,100,X14)*INDEX($B$2:$B$428,MATCH($O15,$A$2:$A$428,0))/INDEX($B$2:$B$428,MATCH($O15,$A$2:$A$428,0)-1),""))} | AA15: {=IF(EDATE(AA$387,ROW()-2)>AA$388,"",IFERROR(IF(ROW()=2,100,AA14)*INDEX($D$2:$D$428,MATCH(EDATE(AA$387,ROW()-2),$A$2:$A$428,0))/INDEX($D$2:$D$428,MATCH(EDATE(AA$387,ROW()-2),$A$2:$A$428,0)-1),""))} -> 124.38861 | AB15: {=IF(EDATE(AB$387,ROW()-2)>AB$388,"",IFERROR(IF(ROW()=2,100,AB14)*INDEX($D$2:$D$428,MATCH(EDATE(AB$387,ROW()-2),$A$2:$A$428,0))/INDEX($D$2:$D$428,MATCH(EDATE(AB$387,ROW()-2),$A$2:$A$428,0)-1),""))} -> 110.55321 | AC15: {=IF(EDATE(AC$387,ROW()-2)>AC$388,"",IFERROR(IF(ROW()=2,100,AC14)*INDEX($D$2:$D$428,MATCH(EDATE(AC$387,ROW()-2),$A$2:$A$428,0))/INDEX($D$2:$D$428,MATCH(EDATE(AC$387,ROW()-2),$A$2:$A$428,0)-1),""))} -> 110.41881 | AD15: {=IF(EDATE(AD$387,ROW()-2)>AD$388,"",IFERROR(IF(ROW()=2,100,AD14)*INDEX($D$2:$D$428,MATCH(EDATE(AD$387,ROW()-2),$A$2:$A$428,0))/INDEX($D$2:$D$428,MATCH(EDATE(AD$387,ROW()-2),$A$2:$A$428,0)-1),""))} -> 112.10517 | AE15: {=IF(EDATE(AE$387,ROW()-2)>AE$388,"",IFERROR(IF(ROW()=2,100,AE14)*INDEX($D$2:$D$428,MATCH(EDATE(AE$387,ROW()-2),$A$2:$A$428,0))/INDEX($D$2:$D$428,MATCH(EDATE(AE$387,ROW()-2),$A$2:$A$428,0)-1),""))} -> 121.09802 | AF15: {=IF(EDATE(AF$387,ROW()-2)>AF$388,"",IFERROR(IF(ROW()=2,100,AF14)*INDEX($D$2:$D$428,MATCH(EDATE(AF$387,ROW()-2),$A$2:$A$428,0))/INDEX($D$2:$D$428,MATCH(EDATE(AF$387,ROW()-2),$A$2:$A$428,0)-1),""))} -> 120.29209 | AG15: {=IF(EDATE(AG$387,ROW()-2)>AG$388,"",IFERROR(IF(ROW()=2,100,AG14)*INDEX($D$2:$D$428,MATCH(EDATE(AG$387,ROW()-2),$A$2:$A$428,0))/INDEX($D$2:$D$428,MATCH(EDATE(AG$387,ROW()-2),$A$2:$A$428,0)-1),""))} -> 109.44679 | AH15: {=IF(EDATE(AH$387,ROW()-2)>AH$388,"",IFERROR(IF(ROW()=2,100,AH14)*INDEX($D$2:$D$428,MATCH(EDATE(AH$387,ROW()-2),$A$2:$A$428,0))/INDEX($D$2:$D$428,MATCH(EDATE(AH$387,ROW()-2),$A$2:$A$428,0)-1),""))} -> 110.14573 | AJ15: 33270 | AK15: 15.4 | AL15: =D3/AK15 -> #VALUE! | AN15: =IF(EDATE(AN$387,ROW()-2)>AN$388,"",IFERROR((INDEX($AL$2:$AL$441,MATCH(EDATE(AN$387,ROW()-2),$AJ$2:$AJ$441,0))-INDEX($AL$2:$AL$441,MATCH(EDATE(AN$387,-1),$AJ$2:$AJ$441,0)))*100,"")) -> 6.2251916 | AO15: =IF(EDATE(AO$387,ROW()-2)>AO$388,"",IFERROR((INDEX($AL$2:$AL$441,MATCH(EDATE(AO$387,ROW()-2),$AJ$2:$AJ$441,0))-INDEX($AL$2:$AL$441,MATCH(EDATE(AO$387,-1),$AJ$2:$AJ$441,0)))*100,"")) -> -4.3201249 | AP15: =IF(EDATE(AP$387,ROW()-2)>AP$388,"",IFERROR((INDEX($AL$2:$AL$441,MATCH(EDATE(AP$387,ROW()-2),$AJ$2:$AJ$441,0))-INDEX($AL$2:$AL$441,MATCH(EDATE(AP$387,-1),$AJ$2:$AJ$441,0)))*100,"")) -> -2.7071402 | AQ15: =IF(EDATE(AQ$387,ROW()-2)>AQ$388,"",IFERROR((INDEX($AL$2:$AL$441,MATCH(EDATE(AQ$387,ROW()-2),$AJ$2:$AJ$441,0))-INDEX($AL$2:$AL$441,MATCH(EDATE(AQ$387,-1),$AJ$2:$AJ$441,0)))*100,"")) -> -1.2906327 | AR15: =IF(EDATE(AR$387,ROW()-2)>AR$388,"",IFERROR((INDEX($AL$2:$AL$441,MATCH(EDATE(AR$387,ROW()-2),$AJ$2:$AJ$441,0))-INDEX($AL$2:$AL$441,MATCH(EDATE(AR$387,-1),$AJ$2:$AJ$441,0)))*100,"")) -> 9.9307884 | AS15: =IF(EDATE(AS$387,ROW()-2)>AS$388,"",IFERROR((INDEX($AL$2:$AL$441,MATCH(EDATE(AS$387,ROW()-2),$AJ$2:$AJ$441,0))-INDEX($AL$2:$AL$441,MATCH(EDATE(AS$387,-1),$AJ$2:$AJ$441,0)))*100,"")) -> 9.5731853 | AT15: =IF(EDATE(AT$387,ROW()-2)>AT$388,"",IFERROR((INDEX($AL$2:$AL$441,MATCH(EDATE(AT$387,ROW()-2),$AJ$2:$AJ$441,0))-INDEX($AL$2:$AL$441,MATCH(EDATE(AT$387,-1),$AJ$2:$AJ$441,0)))*100,"")) -> 2.2608961 | AU15: =IF(EDATE(AU$387,ROW()-2)>AU$388,"",IFERROR((INDEX($AL$2:$AL$441,MATCH(EDATE(AU$387,ROW()-2),$AJ$2:$AJ$441,0))-INDEX($AL$2:$AL$441,MATCH(EDATE(AU$387,-1),$AJ$2:$AJ$441,0)))*100,"")) -> 0.038044731
A16: 33664 | B16: 35.68 | C16: - | D16: - | E16: =A16 -> 33664 | F16: =B16/B4-1 -> 6.2373225 | G16: =C16/C4-1 -> #VALUE! | H16: =D16/D4-1 -> #VALUE! | I16: =A16 -> 33664 | O16: 35125 | P16: {=IF(OR($O16<P$387,$O16>P$388),"",IFERROR(IF($O16=P$387,100,P15)*INDEX($B$2:$B$428,MATCH($O16,$A$2:$A$428,0))/INDEX($B$2:$B$428,MATCH($O16,$A$2:$A$428,0)-1),""))} -> 139.21116 | Q16: {=IF(OR($O16<Q$387,$O16>Q$388),"",IFERROR(IF($O16=Q$387,100,Q15)*INDEX($B$2:$B$428,MATCH($O16,$A$2:$A$428,0))/INDEX($B$2:$B$428,MATCH($O16,$A$2:$A$428,0)-1),""))} | R16: {=IF(OR($O16<R$387,$O16>R$388),"",IFERROR(IF($O16=R$387,100,R15)*INDEX($B$2:$B$428,MATCH($O16,$A$2:$A$428,0))/INDEX($B$2:$B$428,MATCH($O16,$A$2:$A$428,0)-1),""))} | S16: {=IF(OR($O16<S$387,$O16>S$388),"",IFERROR(IF($O16=S$387,100,S15)*INDEX($B$2:$B$428,MATCH($O16,$A$2:$A$428,0))/INDEX($B$2:$B$428,MATCH($O16,$A$2:$A$428,0)-1),""))} | T16: {=IF(OR($O16<T$387,$O16>T$388),"",IFERROR(IF($O16=T$387,100,T15)*INDEX($B$2:$B$428,MATCH($O16,$A$2:$A$428,0))/INDEX($B$2:$B$428,MATCH($O16,$A$2:$A$428,0)-1),""))} | U16: {=IF(OR($O16<U$387,$O16>U$388),"",IFERROR(IF($O16=U$387,100,U15)*INDEX($B$2:$B$428,MATCH($O16,$A$2:$A$428,0))/INDEX($B$2:$B$428,MATCH($O16,$A$2:$A$428,0)-1),""))} | V16: {=IF(OR($O16<V$387,$O16>V$388),"",IFERROR(IF($O16=V$387,100,V15)*INDEX($B$2:$B$428,MATCH($O16,$A$2:$A$428,0))/INDEX($B$2:$B$428,MATCH($O16,$A$2:$A$428,0)-1),""))} | W16: {=IF(OR($O16<W$387,$O16>W$388),"",IFERROR(IF($O16=W$387,100,W15)*INDEX($B$2:$B$428,MATCH($O16,$A$2:$A$428,0))/INDEX($B$2:$B$428,MATCH($O16,$A$2:$A$428,0)-1),""))} | X16: {=IF(OR($O16<X$387,$O16>X$388),"",IFERROR(IF($O16=X$387,100,X15)*INDEX($B$2:$B$428,MATCH($O16,$A$2:$A$428,0))/INDEX($B$2:$B$428,MATCH($O16,$A$2:$A$428,0)-1),""))} | AA16: {=IF(EDATE(AA$387,ROW()-2)>AA$388,"",IFERROR(IF(ROW()=2,100,AA15)*INDEX($D$2:$D$428,MATCH(EDATE(AA$387,ROW()-2),$A$2:$A$428,0))/INDEX($D$2:$D$428,MATCH(EDATE(AA$387,ROW()-2),$A$2:$A$428,0)-1),""))} -> 126.28468 | AB16: {=IF(EDATE(AB$387,ROW()-2)>AB$388,"",IFERROR(IF(ROW()=2,100,AB15)*INDEX($D$2:$D$428,MATCH(EDATE(AB$387,ROW()-2),$A$2:$A$428,0))/INDEX($D$2:$D$428,MATCH(EDATE(AB$387,ROW()-2),$A$2:$A$428,0)-1),""))} -> 112.49438 | AC16: {=IF(EDATE(AC$387,ROW()-2)>AC$388,"",IFERROR(IF(ROW()=2,100,AC15)*INDEX($D$2:$D$428,MATCH(EDATE(AC$387,ROW()-2),$A$2:$A$428,0))/INDEX($D$2:$D$428,MATCH(EDATE(AC$387,ROW()-2),$A$2:$A$428,0)-1),""))} -> 111.45221 | AD16: {=IF(EDATE(AD$387,ROW()-2)>AD$388,"",IFERROR(IF(ROW()=2,100,AD15)*INDEX($D$2:$D$428,MATCH(EDATE(AD$387,ROW()-2),$A$2:$A$428,0))/INDEX($D$2:$D$428,MATCH(EDATE(AD$387,ROW()-2),$A$2:$A$428,0)-1),""))} -> 111.05964 | AE16: {=IF(EDATE(AE$387,ROW()-2)>AE$388,"",IFERROR(IF(ROW()=2,100,AE15)*INDEX($D$2:$D$428,MATCH(EDATE(AE$387,ROW()-2),$A$2:$A$428,0))/INDEX($D$2:$D$428,MATCH(EDATE(AE$387,ROW()-2),$A$2:$A$428,0)-1),""))} -> 123.10093 | AF16: {=IF(EDATE(AF$387,ROW()-2)>AF$388,"",IFERROR(IF(ROW()=2,100,AF15)*INDEX($D$2:$D$428,MATCH(EDATE(AF$387,ROW()-2),$A$2:$A$428,0))/INDEX($D$2:$D$428,MATCH(EDATE(AF$387,ROW()-2),$A$2:$A$428,0)-1),""))} -> 118.76693 | AG16: {=IF(EDATE(AG$387,ROW()-2)>AG$388,"",IFERROR(IF(ROW()=2,100,AG15)*INDEX($D$2:$D$428,MATCH(EDATE(AG$387,ROW()-2),$A$2:$A$428,0))/INDEX($D$2:$D$428,MATCH(EDATE(AG$387,ROW()-2),$A$2:$A$428,0)-1),""))} -> 108.12053 | AH16: {=IF(EDATE(AH$387,ROW()-2)>AH$388,"",IFERROR(IF(ROW()=2,100,AH15)*INDEX($D$2:$D$428,MATCH(EDATE(AH$387,ROW()-2),$A$2:$A$428,0))/INDEX($D$2:$D$428,MATCH(EDATE(AH$387,ROW()-2),$A$2:$A$428,0)-1),""))} -> 110.9951 | AJ16: 33298 | AK16: 17.1 | AL16: =D4/AK16 -> #VALUE! | AN16: =IF(EDATE(AN$387,ROW()-2)>AN$388,"",IFERROR((INDEX($AL$2:$AL$441,MATCH(EDATE(AN$387,ROW()-2),$AJ$2:$AJ$441,0))-INDEX($AL$2:$AL$441,MATCH(EDATE(AN$387,-1),$AJ$2:$AJ$441,0)))*100,"")) -> 6.8956157 | AO16: =IF(EDATE(AO$387,ROW()-2)>AO$388,"",IFERROR((INDEX($AL$2:$AL$441,MATCH(EDATE(AO$387,ROW()-2),$AJ$2:$AJ$441,0))-INDEX($AL$2:$AL$441,MATCH(EDATE(AO$387,-1),$AJ$2:$AJ$441,0)))*100,"")) -> -3.908871 | AP16: =IF(EDATE(AP$387,ROW()-2)>AP$388,"",IFERROR((INDEX($AL$2:$AL$441,MATCH(EDATE(AP$387,ROW()-2),$AJ$2:$AJ$441,0))-INDEX($AL$2:$AL$441,MATCH(EDATE(AP$387,-1),$AJ$2:$AJ$441,0)))*100,"")) -> -2.6640813 | AQ16: =IF(EDATE(AQ$387,ROW()-2)>AQ$388,"",IFERROR((INDEX($AL$2:$AL$441,MATCH(EDATE(AQ$387,ROW()-2),$AJ$2:$AJ$441,0))-INDEX($AL$2:$AL$441,MATCH(EDATE(AQ$387,-1),$AJ$2:$AJ$441,0)))*100,"")) -> -2.4159012 | AR16: =IF(EDATE(AR$387,ROW()-2)>AR$388,"",IFERROR((INDEX($AL$2:$AL$441,MATCH(EDATE(AR$387,ROW()-2),$AJ$2:$AJ$441,0))-INDEX($AL$2:$AL$441,MATCH(EDATE(AR$387,-1),$AJ$2:$AJ$441,0)))*100,"")) -> 10.962745 | AS16: =IF(EDATE(AS$387,ROW()-2)>AS$388,"",IFERROR((INDEX($AL$2:$AL$441,MATCH(EDATE(AS$387,ROW()-2),$AJ$2:$AJ$441,0))-INDEX($AL$2:$AL$441,MATCH(EDATE(AS$387,-1),$AJ$2:$AJ$441,0)))*100,"")) -> 8.2275822 | AT16: =IF(EDATE(AT$387,ROW()-2)>AT$388,"",IFERROR((INDEX($AL$2:$AL$441,MATCH(EDATE(AT$387,ROW()-2),$AJ$2:$AJ$441,0))-INDEX($AL$2:$AL$441,MATCH(EDATE(AT$387,-1),$AJ$2:$AJ$441,0)))*100,"")) -> 0.82793897 | AU16: =IF(EDATE(AU$387,ROW()-2)>AU$388,"",IFERROR((INDEX($AL$2:$AL$441,MATCH(EDATE(AU$387,ROW()-2),$AJ$2:$AJ$441,0))-INDEX($AL$2:$AL$441,MATCH(EDATE(AU$387,-1),$AJ$2:$AJ$441,0)))*100,"")) -> 0.45856222
A17: 33695 | B17: 41.39 | C17: - | D17: - | E17: =A17 -> 33695 | F17: =B17/B5-1 -> 6.9596154 | G17: =C17/C5-1 -> #VALUE! | H17: =D17/D5-1 -> #VALUE! | I17: =A17 -> 33695 | O17: 35156 | P17: {=IF(OR($O17<P$387,$O17>P$388),"",IFERROR(IF($O17=P$387,100,P16)*INDEX($B$2:$B$428,MATCH($O17,$A$2:$A$428,0))/INDEX($B$2:$B$428,MATCH($O17,$A$2:$A$428,0)-1),""))} -> 145.42909 | Q17: {=IF(OR($O17<Q$387,$O17>Q$388),"",IFERROR(IF($O17=Q$387,100,Q16)*INDEX($B$2:$B$428,MATCH($O17,$A$2:$A$428,0))/INDEX($B$2:$B$428,MATCH($O17,$A$2:$A$428,0)-1),""))} | R17: {=IF(OR($O17<R$387,$O17>R$388),"",IFERROR(IF($O17=R$387,100,R16)*INDEX($B$2:$B$428,MATCH($O17,$A$2:$A$428,0))/INDEX($B$2:$B$428,MATCH($O17,$A$2:$A$428,0)-1),""))} | S17: {=IF(OR($O17<S$387,$O17>S$388),"",IFERROR(IF($O17=S$387,100,S16)*INDEX($B$2:$B$428,MATCH($O17,$A$2:$A$428,0))/INDEX($B$2:$B$428,MATCH($O17,$A$2:$A$428,0)-1),""))} | T17: {=IF(OR($O17<T$387,$O17>T$388),"",IFERROR(IF($O17=T$387,100,T16)*INDEX($B$2:$B$428,MATCH($O17,$A$2:$A$428,0))/INDEX($B$2:$B$428,MATCH($O17,$A$2:$A$428,0)-1),""))} | U17: {=IF(OR($O17<U$387,$O17>U$388),"",IFERROR(IF($O17=U$387,100,U16)*INDEX($B$2:$B$428,MATCH($O17,$A$2:$A$428,0))/INDEX($B$2:$B$428,MATCH($O17,$A$2:$A$428,0)-1),""))} | V17: {=IF(OR($O17<V$387,$O17>V$388),"",IFERROR(IF($O17=V$387,100,V16)*INDEX($B$2:$B$428,MATCH($O17,$A$2:$A$428,0))/INDEX($B$2:$B$428,MATCH($O17,$A$2:$A$428,0)-1),""))} | W17: {=IF(OR($O17<W$387,$O17>W$388),"",IFERROR(IF($O17=W$387,100,W16)*INDEX($B$2:$B$428,MATCH($O17,$A$2:$A$428,0))/INDEX($B$2:$B$428,MATCH($O17,$A$2:$A$428,0)-1),""))} | X17: {=IF(OR($O17<X$387,$O17>X$388),"",IFERROR(IF($O17=X$387,100,X16)*INDEX($B$2:$B$428,MATCH($O17,$A$2:$A$428,0))/INDEX($B$2:$B$428,MATCH($O17,$A$2:$A$428,0)-1),""))} | AA17: {=IF(EDATE(AA$387,ROW()-2)>AA$388,"",IFERROR(IF(ROW()=2,100,AA16)*INDEX($D$2:$D$428,MATCH(EDATE(AA$387,ROW()-2),$A$2:$A$428,0))/INDEX($D$2:$D$428,MATCH(EDATE(AA$387,ROW()-2),$A$2:$A$428,0)-1),""))} -> 127.58128 | AB17: {=IF(EDATE(AB$387,ROW()-2)>AB$388,"",IFERROR(IF(ROW()=2,100,AB16)*INDEX($D$2:$D$428,MATCH(EDATE(AB$387,ROW()-2),$A$2:$A$428,0))/INDEX($D$2:$D$428,MATCH(EDATE(AB$387,ROW()-2),$A$2:$A$428,0)-1),""))} -> 112.11263 | AC17: {=IF(EDATE(AC$387,ROW()-2)>AC$388,"",IFERROR(IF(ROW()=2,100,AC16)*INDEX($D$2:$D$428,MATCH(EDATE(AC$387,ROW()-2),$A$2:$A$428,0))/INDEX($D$2:$D$428,MATCH(EDATE(AC$387,ROW()-2),$A$2:$A$428,0)-1),""))} -> 108.96641 | AD17: {=IF(EDATE(AD$387,ROW()-2)>AD$388,"",IFERROR(IF(ROW()=2,100,AD16)*INDEX($D$2:$D$428,MATCH(EDATE(AD$387,ROW()-2),$A$2:$A$428,0))/INDEX($D$2:$D$428,MATCH(EDATE(AD$387,ROW()-2),$A$2:$A$428,0)-1),""))} -> 113.44249 | AE17: {=IF(EDATE(AE$387,ROW()-2)>AE$388,"",IFERROR(IF(ROW()=2,100,AE16)*INDEX($D$2:$D$428,MATCH(EDATE(AE$387,ROW()-2),$A$2:$A$428,0))/INDEX($D$2:$D$428,MATCH(EDATE(AE$387,ROW()-2),$A$2:$A$428,0)-1),""))} -> 120.84509 | AF17: {=IF(EDATE(AF$387,ROW()-2)>AF$388,"",IFERROR(IF(ROW()=2,100,AF16)*INDEX($D$2:$D$428,MATCH(EDATE(AF$387,ROW()-2),$A$2:$A$428,0))/INDEX($D$2:$D$428,MATCH(EDATE(AF$387,ROW()-2),$A$2:$A$428,0)-1),""))} -> 121.86265 | AG17: {=IF(EDATE(AG$387,ROW()-2)>AG$388,"",IFERROR(IF(ROW()=2,100,AG16)*INDEX($D$2:$D$428,MATCH(EDATE(AG$387,ROW()-2),$A$2:$A$428,0))/INDEX($D$2:$D$428,MATCH(EDATE(AG$387,ROW()-2),$A$2:$A$428,0)-1),""))} -> 108.62084 | AH17: {=IF(EDATE(AH$387,ROW()-2)>AH$388,"",IFERROR(IF(ROW()=2,100,AH16)*INDEX($D$2:$D$428,MATCH(EDATE(AH$387,ROW()-2),$A$2:$A$428,0))/INDEX($D$2:$D$428,MATCH(EDATE(AH$387,ROW()-2),$A$2:$A$428,0)-1),""))} -> 112.15044 | AJ17: 33329 | AK17: 19.5 | AL17: =D5/AK17 -> #VALUE! | AN17: =IF(EDATE(AN$387,ROW()-2)>AN$388,"",IFERROR((INDEX($AL$2:$AL$441,MATCH(EDATE(AN$387,ROW()-2),$AJ$2:$AJ$441,0))-INDEX($AL$2:$AL$441,MATCH(EDATE(AN$387,-1),$AJ$2:$AJ$441,0)))*100,"")) -> 7.2968106 | AO17: =IF(EDATE(AO$387,ROW()-2)>AO$388,"",IFERROR((INDEX($AL$2:$AL$441,MATCH(EDATE(AO$387,ROW()-2),$AJ$2:$AJ$441,0))-INDEX($AL$2:$AL$441,MATCH(EDATE(AO$387,-1),$AJ$2:$AJ$441,0)))*100,"")) -> -4.8844012 | AP17: =IF(EDATE(AP$387,ROW()-2)>AP$388,"",IFERROR((INDEX($AL$2:$AL$441,MATCH(EDATE(AP$387,ROW()-2),$AJ$2:$AJ$441,0))-INDEX($AL$2:$AL$441,MATCH(EDATE(AP$387,-1),$AJ$2:$AJ$441,0)))*100,"")) -> -4.7772519 | AQ17: =IF(EDATE(AQ$387,ROW()-2)>AQ$388,"",IFERROR((INDEX($AL$2:$AL$441,MATCH(EDATE(AQ$387,ROW()-2),$AJ$2:$AJ$441,0))-INDEX($AL$2:$AL$441,MATCH(EDATE(AQ$387,-1),$AJ$2:$AJ$441,0)))*100,"")) -> -1.5523224 | AR17: =IF(EDATE(AR$387,ROW()-2)>AR$388,"",IFERROR((INDEX($AL$2:$AL$441,MATCH(EDATE(AR$387,ROW()-2),$AJ$2:$AJ$441,0))-INDEX($AL$2:$AL$441,MATCH(EDATE(AR$387,-1),$AJ$2:$AJ$441,0)))*100,"")) -> 9.3568395 | AS17: =IF(EDATE(AS$387,ROW()-2)>AS$388,"",IFERROR((INDEX($AL$2:$AL$441,MATCH(EDATE(AS$387,ROW()-2),$AJ$2:$AJ$441,0))-INDEX($AL$2:$AL$441,MATCH(EDATE(AS$387,-1),$AJ$2:$AJ$441,0)))*100,"")) -> 9.969475 | AT17: =IF(EDATE(AT$387,ROW()-2)>AT$388,"",IFERROR((INDEX($AL$2:$AL$441,MATCH(EDATE(AT$387,ROW()-2),$AJ$2:$AJ$441,0))-INDEX($AL$2:$AL$441,MATCH(EDATE(AT$387,-1),$AJ$2:$AJ$441,0)))*100,"")) -> 1.7289286 | AU17: =IF(EDATE(AU$387,ROW()-2)>AU$388,"",IFERROR((INDEX($AL$2:$AL$441,MATCH(EDATE(AU$387,ROW()-2),$AJ$2:$AJ$441,0))-INDEX($AL$2:$AL$441,MATCH(EDATE(AU$387,-1),$AJ$2:$AJ$441,0)))*100,"")) -> 0.71278816
A18: 33725 | B18: 49.09 | C18: - | D18: - | E18: =A18 -> 33725 | F18: =B18/B6-1 -> 7.8132855 | G18: =C18/C6-1 -> #VALUE! | H18: =D18/D6-1 -> #VALUE! | I18: =A18 -> 33725 | O18: 35186 | P18: {=IF(OR($O18<P$387,$O18>P$388),"",IFERROR(IF($O18=P$387,100,P17)*INDEX($B$2:$B$428,MATCH($O18,$A$2:$A$428,0))/INDEX($B$2:$B$428,MATCH($O18,$A$2:$A$428,0)-1),""))} -> 158.90406 | Q18: {=IF(OR($O18<Q$387,$O18>Q$388),"",IFERROR(IF($O18=Q$387,100,Q17)*INDEX($B$2:$B$428,MATCH($O18,$A$2:$A$428,0))/INDEX($B$2:$B$428,MATCH($O18,$A$2:$A$428,0)-1),""))} | R18: {=IF(OR($O18<R$387,$O18>R$388),"",IFERROR(IF($O18=R$387,100,R17)*INDEX($B$2:$B$428,MATCH($O18,$A$2:$A$428,0))/INDEX($B$2:$B$428,MATCH($O18,$A$2:$A$428,0)-1),""))} | S18: {=IF(OR($O18<S$387,$O18>S$388),"",IFERROR(IF($O18=S$387,100,S17)*INDEX($B$2:$B$428,MATCH($O18,$A$2:$A$428,0))/INDEX($B$2:$B$428,MATCH($O18,$A$2:$A$428,0)-1),""))} | T18: {=IF(OR($O18<T$387,$O18>T$388),"",IFERROR(IF($O18=T$387,100,T17)*INDEX($B$2:$B$428,MATCH($O18,$A$2:$A$428,0))/INDEX($B$2:$B$428,MATCH($O18,$A$2:$A$428,0)-1),""))} | U18: {=IF(OR($O18<U$387,$O18>U$388),"",IFERROR(IF($O18=U$387,100,U17)*INDEX($B$2:$B$428,MATCH($O18,$A$2:$A$428,0))/INDEX($B$2:$B$428,MATCH($O18,$A$2:$A$428,0)-1),""))} | V18: {=IF(OR($O18<V$387,$O18>V$388),"",IFERROR(IF($O18=V$387,100,V17)*INDEX($B$2:$B$428,MATCH($O18,$A$2:$A$428,0))/INDEX($B$2:$B$428,MATCH($O18,$A$2:$A$428,0)-1),""))} | W18: {=IF(OR($O18<W$387,$O18>W$388),"",IFERROR(IF($O18=W$387,100,W17)*INDEX($B$2:$B$428,MATCH($O18,$A$2:$A$428,0))/INDEX($B$2:$B$428,MATCH($O18,$A$2:$A$428,0)-1),""))} | X18: {=IF(OR($O18<X$387,$O18>X$388),"",IFERROR(IF($O18=X$387,100,X17)*INDEX($B$2:$B$428,MATCH($O18,$A$2:$A$428,0))/INDEX($B$2:$B$428,MATCH($O18,$A$2:$A$428,0)-1),""))} | AA18: {=IF(EDATE(AA$387,ROW()-2)>AA$388,"",IFERROR(IF(ROW()=2,100,AA17)*INDEX($D$2:$D$428,MATCH(EDATE(AA$387,ROW()-2),$A$2:$A$428,0))/INDEX($D$2:$D$428,MATCH(EDATE(AA$387,ROW()-2),$A$2:$A$428,0)-1),""))} -> 136.8528 | AB18: {=IF(EDATE(AB$387,ROW()-2)>AB$388,"",IFERROR(IF(ROW()=2,100,AB17)*INDEX($D$2:$D$428,MATCH(EDATE(AB$387,ROW()-2),$A$2:$A$428,0))/INDEX($D$2:$D$428,MATCH(EDATE(AB$387,ROW()-2),$A$2:$A$428,0)-1),""))} -> 112.37936 | AC18: {=IF(EDATE(AC$387,ROW()-2)>AC$388,"",IFERROR(IF(ROW()=2,100,AC17)*INDEX($D$2:$D$428,MATCH(EDATE(AC$387,ROW()-2),$A$2:$A$428,0))/INDEX($D$2:$D$428,MATCH(EDATE(AC$387,ROW()-2),$A$2:$A$428,0)-1),""))} -> 110.43785 | AD18: {=IF(EDATE(AD$387,ROW()-2)>AD$388,"",IFERROR(IF(ROW()=2,100,AD17)*INDEX($D$2:$D$428,MATCH(EDATE(AD$387,ROW()-2),$A$2:$A$428,0))/INDEX($D$2:$D$428,MATCH(EDATE(AD$387,ROW()-2),$A$2:$A$428,0)-1),""))} -> 115.66215 | AF18: {=IF(EDATE(AF$387,ROW()-2)>AF$388,"",IFERROR(IF(ROW()=2,100,AF17)*INDEX($D$2:$D$428,MATCH(EDATE(AF$387,ROW()-2),$A$2:$A$428,0))/INDEX($D$2:$D$428,MATCH(EDATE(AF$387,ROW()-2),$A$2:$A$428,0)-1),""))} -> 122.97216 | AG18: {=IF(EDATE(AG$387,ROW()-2)>AG$388,"",IFERROR(IF(ROW()=2,100,AG17)*INDEX($D$2:$D$428,MATCH(EDATE(AG$387,ROW()-2),$A$2:$A$428,0))/INDEX($D$2:$D$428,MATCH(EDATE(AG$387,ROW()-2),$A$2:$A$428,0)-1),""))} -> 110.17031 | AH18: {=IF(EDATE(AH$387,ROW()-2)>AH$388,"",IFERROR(IF(ROW()=2,100,AH17)*INDEX($D$2:$D$428,MATCH(EDATE(AH$387,ROW()-2),$A$2:$A$428,0))/INDEX($D$2:$D$428,MATCH(EDATE(AH$387,ROW()-2),$A$2:$A$428,0)-1),""))} -> 114.79056 | AJ18: 33359 | AK18: 22.3 | AL18: =D6/AK18 -> #VALUE! | AN18: =IF(EDATE(AN$387,ROW()-2)>AN$388,"",IFERROR((INDEX($AL$2:$AL$441,MATCH(EDATE(AN$387,ROW()-2),$AJ$2:$AJ$441,0))-INDEX($AL$2:$AL$441,MATCH(EDATE(AN$387,-1),$AJ$2:$AJ$441,0)))*100,"")) -> 10.979786 | AO18: =IF(EDATE(AO$387,ROW()-2)>AO$388,"",IFERROR((INDEX($AL$2:$AL$441,MATCH(EDATE(AO$387,ROW()-2),$AJ$2:$AJ$441,0))-INDEX($AL$2:$AL$441,MATCH(EDATE(AO$387,-1),$AJ$2:$AJ$441,0)))*100,"")) -> -5.5086727 | AP18: =IF(EDATE(AP$387,ROW()-2)>AP$388,"",IFERROR((INDEX($AL$2:$AL$441,MATCH(EDATE(AP$387,ROW()-2),$AJ$2:$AJ$441,0))-INDEX($AL$2:$AL$441,MATCH(EDATE(AP$387,-1),$AJ$2:$AJ$441,0)))*100,"")) -> -4.5668066 | AQ18: =IF(EDATE(AQ$387,ROW()-2)>AQ$388,"",IFERROR((INDEX($AL$2:$AL$441,MATCH(EDATE(AQ$387,ROW()-2),$AJ$2:$AJ$441,0))-INDEX($AL$2:$AL$441,MATCH(EDATE(AQ$387,-1),$AJ$2:$AJ$441,0)))*100,"")) -> -0.81880148 | AS18: =IF(EDATE(AS$387,ROW()-2)>AS$388,"",IFERROR((INDEX($AL$2:$AL$441,MATCH(EDATE(AS$387,ROW()-2),$AJ$2:$AJ$441,0))-INDEX($AL$2:$AL$441,MATCH(EDATE(AS$387,-1),$AJ$2:$AJ$441,0)))*100,"")) -> 10.462142 | AT18: =IF(EDATE(AT$387,ROW()-2)>AT$388,"",IFERROR((INDEX($AL$2:$AL$441,MATCH(EDATE(AT$387,ROW()-2),$AJ$2:$AJ$441,0))-INDEX($AL$2:$AL$441,MATCH(EDATE(AT$387,-1),$AJ$2:$AJ$441,0)))*100,"")) -> 3.4338811 | AU18: =IF(EDATE(AU$387,ROW()-2)>AU$388,"",IFERROR((INDEX($AL$2:$AL$441,MATCH(EDATE(AU$387,ROW()-2),$AJ$2:$AJ$441,0))-INDEX($AL$2:$AL$441,MATCH(EDATE(AU$387,-1),$AJ$2:$AJ$441,0)))*100,"")) -> 2.2882644
A19: 33756 | B19: 59.62 | C19: - | D19: - | E19: =A19 -> 33756 | F19: =B19/B7-1 -> 8.7418301 | G19: =C19/C7-1 -> #VALUE! | H19: =D19/D7-1 -> #VALUE! | I19: =A19 -> 33756 | O19: 35217 | P19: {=IF(OR($O19<P$387,$O19>P$388),"",IFERROR(IF($O19=P$387,100,P18)*INDEX($B$2:$B$428,MATCH($O19,$A$2:$A$428,0))/INDEX($B$2:$B$428,MATCH($O19,$A$2:$A$428,0)-1),""))} -> 170.7415 | Q19: {=IF(OR($O19<Q$387,$O19>Q$388),"",IFERROR(IF($O19=Q$387,100,Q18)*INDEX($B$2:$B$428,MATCH($O19,$A$2:$A$428,0))/INDEX($B$2:$B$428,MATCH($O19,$A$2:$A$428,0)-1),""))} | R19: {=IF(OR($O19<R$387,$O19>R$388),"",IFERROR(IF($O19=R$387,100,R18)*INDEX($B$2:$B$428,MATCH($O19,$A$2:$A$428,0))/INDEX($B$2:$B$428,MATCH($O19,$A$2:$A$428,0)-1),""))} | S19: {=IF(OR($O19<S$387,$O19>S$388),"",IFERROR(IF($O19=S$387,100,S18)*INDEX($B$2:$B$428,MATCH($O19,$A$2:$A$428,0))/INDEX($B$2:$B$428,MATCH($O19,$A$2:$A$428,0)-1),""))} | T19: {=IF(OR($O19<T$387,$O19>T$388),"",IFERROR(IF($O19=T$387,100,T18)*INDEX($B$2:$B$428,MATCH($O19,$A$2:$A$428,0))/INDEX($B$2:$B$428,MATCH($O19,$A$2:$A$428,0)-1),""))} | U19: {=IF(OR($O19<U$387,$O19>U$388),"",IFERROR(IF($O19=U$387,100,U18)*INDEX($B$2:$B$428,MATCH($O19,$A$2:$A$428,0))/INDEX($B$2:$B$428,MATCH($O19,$A$2:$A$428,0)-1),""))} | V19: {=IF(OR($O19<V$387,$O19>V$388),"",IFERROR(IF($O19=V$387,100,V18)*INDEX($B$2:$B$428,MATCH($O19,$A$2:$A$428,0))/INDEX($B$2:$B$428,MATCH($O19,$A$2:$A$428,0)-1),""))} | W19: {=IF(OR($O19<W$387,$O19>W$388),"",IFERROR(IF($O19=W$387,100,W18)*INDEX($B$2:$B$428,MATCH($O19,$A$2:$A$428,0))/INDEX($B$2:$B$428,MATCH($O19,$A$2:$A$428,0)-1),""))} | X19: {=IF(OR($O19<X$387,$O19>X$388),"",IFERROR(IF($O19=X$387,100,X18)*INDEX($B$2:$B$428,MATCH($O19,$A$2:$A$428,0))/INDEX($B$2:$B$428,MATCH($O19,$A$2:$A$428,0)-1),""))} | AA19: {=IF(EDATE(AA$387,ROW()-2)>AA$388,"",IFERROR(IF(ROW()=2,100,AA18)*INDEX($D$2:$D$428,MATCH(EDATE(AA$387,ROW()-2),$A$2:$A$428,0))/INDEX($D$2:$D$428,MATCH(EDATE(AA$387,ROW()-2),$A$2:$A$428,0)-1),""))} -> 138.59092 | AB19: {=IF(EDATE(AB$387,ROW()-2)>AB$388,"",IFERROR(IF(ROW()=2,100,AB18)*INDEX($D$2:$D$428,MATCH(EDATE(AB$387,ROW()-2),$A$2:$A$428,0))/INDEX($D$2:$D$428,MATCH(EDATE(AB$387,ROW()-2),$A$2:$A$428,0)-1),""))} -> 114.28966 | AC19: {=IF(EDATE(AC$387,ROW()-2)>AC$388,"",IFERROR(IF(ROW()=2,100,AC18)*INDEX($D$2:$D$428,MATCH(EDATE(AC$387,ROW()-2),$A$2:$A$428,0))/INDEX($D$2:$D$428,MATCH(EDATE(AC$387,ROW()-2),$A$2:$A$428,0)-1),""))} -> 114.34526 | AD19: {=IF(EDATE(AD$387,ROW()-2)>AD$388,"",IFERROR(IF(ROW()=2,100,AD18)*INDEX($D$2:$D$428,MATCH(EDATE(AD$387,ROW()-2),$A$2:$A$428,0))/INDEX($D$2:$D$428,MATCH(EDATE(AD$387,ROW()-2),$A$2:$A$428,0)-1),""))} -> 118.02295 | AF19: {=IF(EDATE(AF$387,ROW()-2)>AF$388,"",IFERROR(IF(ROW()=2,100,AF18)*INDEX($D$2:$D$428,MATCH(EDATE(AF$387,ROW()-2),$A$2:$A$428,0))/INDEX($D$2:$D$428,MATCH(EDATE(AF$387,ROW()-2),$A$2:$A$428,0)-1),""))} -> 123.11235 | AG19: {=IF(EDATE(AG$387,ROW()-2)>AG$388,"",IFERROR(IF(ROW()=2,100,AG18)*INDEX($D$2:$D$428,MATCH(EDATE(AG$387,ROW()-2),$A$2:$A$428,0))/INDEX($D$2:$D$428,MATCH(EDATE(AG$387,ROW()-2),$A$2:$A$428,0)-1),""))} -> 112.82859 | AH19: {=IF(EDATE(AH$387,ROW()-2)>AH$388,"",IFERROR(IF(ROW()=2,100,AH18)*INDEX($D$2:$D$428,MATCH(EDATE(AH$387,ROW()-2),$A$2:$A$428,0))/INDEX($D$2:$D$428,MATCH(EDATE(AH$387,ROW()-2),$A$2:$A$428,0)-1),""))} -> 117.03836 | AJ19: 33390 | AK19: 25.6 | AL19: =D7/AK19 -> #VALUE! | AN19: =IF(EDATE(AN$387,ROW()-2)>AN$388,"",IFERROR((INDEX($AL$2:$AL$441,MATCH(EDATE(AN$387,ROW()-2),$AJ$2:$AJ$441,0))-INDEX($AL$2:$AL$441,MATCH(EDATE(AN$387,-1),$AJ$2:$AJ$441,0)))*100,"")) -> 11.162451 | AO19: =IF(EDATE(AO$387,ROW()-2)>AO$388,"",IFERROR((INDEX($AL$2:$AL$441,MATCH(EDATE(AO$387,ROW()-2),$AJ$2:$AJ$441,0))-INDEX($AL$2:$AL$441,MATCH(EDATE(AO$387,-1),$AJ$2:$AJ$441,0)))*100,"")) -> -5.2762514 | AP19: =IF(EDATE(AP$387,ROW()-2)>AP$388,"",IFERROR((INDEX($AL$2:$AL$441,MATCH(EDATE(AP$387,ROW()-2),$AJ$2:$AJ$441,0))-INDEX($AL$2:$AL$441,MATCH(EDATE(AP$387,-1),$AJ$2:$AJ$441,0)))*100,"")) -> -3.2229366 | AQ19: =IF(EDATE(AQ$387,ROW()-2)>AQ$388,"",IFERROR((INDEX($AL$2:$AL$441,MATCH(EDATE(AQ$387,ROW()-2),$AJ$2:$AJ$441,0))-INDEX($AL$2:$AL$441,MATCH(EDATE(AQ$387,-1),$AJ$2:$AJ$441,0)))*100,"")) -> 0.0061603494 | AS19: =IF(EDATE(AS$387,ROW()-2)>AS$388,"",IFERROR((INDEX($AL$2:$AL$441,MATCH(EDATE(AS$387,ROW()-2),$AJ$2:$AJ$441,0))-INDEX($AL$2:$AL$441,MATCH(EDATE(AS$387,-1),$AJ$2:$AJ$441,0)))*100,"")) -> 10.190578 | AT19: =IF(EDATE(AT$387,ROW()-2)>AT$388,"",IFERROR((INDEX($AL$2:$AL$441,MATCH(EDATE(AT$387,ROW()-2),$AJ$2:$AJ$441,0))-INDEX($AL$2:$AL$441,MATCH(EDATE(AT$387,-1),$AJ$2:$AJ$441,0)))*100,"")) -> 5.4462658 | AU19: =IF(EDATE(AU$387,ROW()-2)>AU$388,"",IFERROR((INDEX($AL$2:$AL$441,MATCH(EDATE(AU$387,ROW()-2),$AJ$2:$AJ$441,0))-INDEX($AL$2:$AL$441,MATCH(EDATE(AU$387,-1),$AJ$2:$AJ$441,0)))*100,"")) -> 3.426991
A20: 33786 | B20: 72.96 | C20: - | D20: - | E20: =A20 -> 33786 | F20: =B20/B8-1 -> 10.037821 | G20: =C20/C8-1 -> #VALUE! | H20: =D20/D8-1 -> #VALUE! | I20: =A20 -> 33786 | O20: 35247 | P20: {=IF(OR($O20<P$387,$O20>P$388),"",IFERROR(IF($O20=P$387,100,P19)*INDEX($B$2:$B$428,MATCH($O20,$A$2:$A$428,0))/INDEX($B$2:$B$428,MATCH($O20,$A$2:$A$428,0)-1),""))} -> 175.3727 | Q20: {=IF(OR($O20<Q$387,$O20>Q$388),"",IFERROR(IF($O20=Q$387,100,Q19)*INDEX($B$2:$B$428,MATCH($O20,$A$2:$A$428,0))/INDEX($B$2:$B$428,MATCH($O20,$A$2:$A$428,0)-1),""))} | R20: {=IF(OR($O20<R$387,$O20>R$388),"",IFERROR(IF($O20=R$387,100,R19)*INDEX($B$2:$B$428,MATCH($O20,$A$2:$A$428,0))/INDEX($B$2:$B$428,MATCH($O20,$A$2:$A$428,0)-1),""))} | S20: {=IF(OR($O20<S$387,$O20>S$388),"",IFERROR(IF($O20=S$387,100,S19)*INDEX($B$2:$B$428,MATCH($O20,$A$2:$A$428,0))/INDEX($B$2:$B$428,MATCH($O20,$A$2:$A$428,0)-1),""))} | T20: {=IF(OR($O20<T$387,$O20>T$388),"",IFERROR(IF($O20=T$387,100,T19)*INDEX($B$2:$B$428,MATCH($O20,$A$2:$A$428,0))/INDEX($B$2:$B$428,MATCH($O20,$A$2:$A$428,0)-1),""))} | U20: {=IF(OR($O20<U$387,$O20>U$388),"",IFERROR(IF($O20=U$387,100,U19)*INDEX($B$2:$B$428,MATCH($O20,$A$2:$A$428,0))/INDEX($B$2:$B$428,MATCH($O20,$A$2:$A$428,0)-1),""))} | V20: {=IF(OR($O20<V$387,$O20>V$388),"",IFERROR(IF($O20=V$387,100,V19)*INDEX($B$2:$B$428,MATCH($O20,$A$2:$A$428,0))/INDEX($B$2:$B$428,MATCH($O20,$A$2:$A$428,0)-1),""))} | W20: {=IF(OR($O20<W$387,$O20>W$388),"",IFERROR(IF($O20=W$387,100,W19)*INDEX($B$2:$B$428,MATCH($O20,$A$2:$A$428,0))/INDEX($B$2:$B$428,MATCH($O20,$A$2:$A$428,0)-1),""))} | X20: {=IF(OR($O20<X$387,$O20>X$388),"",IFERROR(IF($O20=X$387,100,X19)*INDEX($B$2:$B$428,MATCH($O20,$A$2:$A$428,0))/INDEX($B$2:$B$428,MATCH($O20,$A$2:$A$428,0)-1),""))} | AA20: {=IF(EDATE(AA$387,ROW()-2)>AA$388,"",IFERROR(IF(ROW()=2,100,AA19)*INDEX($D$2:$D$428,MATCH(EDATE(AA$387,ROW()-2),$A$2:$A$428,0))/INDEX($D$2:$D$428,MATCH(EDATE(AA$387,ROW()-2),$A$2:$A$428,0)-1),""))} -> 141.77832 | AB20: {=IF(EDATE(AB$387,ROW()-2)>AB$388,"",IFERROR(IF(ROW()=2,100,AB19)*INDEX($D$2:$D$428,MATCH(EDATE(AB$387,ROW()-2),$A$2:$A$428,0))/INDEX($D$2:$D$428,MATCH(EDATE(AB$387,ROW()-2),$A$2:$A$428,0)-1),""))} -> 113.76493 | AC20: {=IF(EDATE(AC$387,ROW()-2)>AC$388,"",IFERROR(IF(ROW()=2,100,AC19)*INDEX($D$2:$D$428,MATCH(EDATE(AC$387,ROW()-2),$A$2:$A$428,0))/INDEX($D$2:$D$428,MATCH(EDATE(AC$387,ROW()-2),$A$2:$A$428,0)-1),""))} -> 109.76235 | AD20: {=IF(EDATE(AD$387,ROW()-2)>AD$388,"",IFERROR(IF(ROW()=2,100,AD19)*INDEX($D$2:$D$428,MATCH(EDATE(AD$387,ROW()-2),$A$2:$A$428,0))/INDEX($D$2:$D$428,MATCH(EDATE(AD$387,ROW()-2),$A$2:$A$428,0)-1),""))} -> 113.66734 | AF20: {=IF(EDATE(AF$387,ROW()-2)>AF$388,"",IFERROR(IF(ROW()=2,100,AF19)*INDEX($D$2:$D$428,MATCH(EDATE(AF$387,ROW()-2),$A$2:$A$428,0))/INDEX($D$2:$D$428,MATCH(EDATE(AF$387,ROW()-2),$A$2:$A$428,0)-1),""))} -> 124.6517 | AG20: {=IF(EDATE(AG$387,ROW()-2)>AG$388,"",IFERROR(IF(ROW()=2,100,AG19)*INDEX($D$2:$D$428,MATCH(EDATE(AG$387,ROW()-2),$A$2:$A$428,0))/INDEX($D$2:$D$428,MATCH(EDATE(AG$387,ROW()-2),$A$2:$A$428,0)-1),""))} -> 110.97538 | AH20: {=IF(EDATE(AH$387,ROW()-2)>AH$388,"",IFERROR(IF(ROW()=2,100,AH19)*INDEX($D$2:$D$428,MATCH(EDATE(AH$387,ROW()-2),$A$2:$A$428,0))/INDEX($D$2:$D$428,MATCH(EDATE(AH$387,ROW()-2),$A$2:$A$428,0)-1),""))} -> 118.08085 | AJ20: 33420 | AK20: 29.3 | AL20: =D8/AK20 -> #VALUE! | AN20: =IF(EDATE(AN$387,ROW()-2)>AN$388,"",IFERROR((INDEX($AL$2:$AL$441,MATCH(EDATE(AN$387,ROW()-2),$AJ$2:$AJ$441,0))-INDEX($AL$2:$AL$441,MATCH(EDATE(AN$387,-1),$AJ$2:$AJ$441,0)))*100,"")) -> 11.913699 | AO20: =IF(EDATE(AO$387,ROW()-2)>AO$388,"",IFERROR((INDEX($AL$2:$AL$441,MATCH(EDATE(AO$387,ROW()-2),$AJ$2:$AJ$441,0))-INDEX($AL$2:$AL$441,MATCH(EDATE(AO$387,-1),$AJ$2:$AJ$441,0)))*100,"")) -> -6.4993423 | AP20: =IF(EDATE(AP$387,ROW()-2)>AP$388,"",IFERROR((INDEX($AL$2:$AL$441,MATCH(EDATE(AP$387,ROW()-2),$AJ$2:$AJ$441,0))-INDEX($AL$2:$AL$441,MATCH(EDATE(AP$387,-1),$AJ$2:$AJ$441,0)))*100,"")) -> -6.4918912 | AQ20: =IF(EDATE(AQ$387,ROW()-2)>AQ$388,"",IFERROR((INDEX($AL$2:$AL$441,MATCH(EDATE(AQ$387,ROW()-2),$AJ$2:$AJ$441,0))-INDEX($AL$2:$AL$441,MATCH(EDATE(AQ$387,-1),$AJ$2:$AJ$441,0)))*100,"")) -> -2.839847 | AS20: =IF(EDATE(AS$387,ROW()-2)>AS$388,"",IFERROR((INDEX($AL$2:$AL$441,MATCH(EDATE(AS$387,ROW()-2),$AJ$2:$AJ$441,0))-INDEX($AL$2:$AL$441,MATCH(EDATE(AS$387,-1),$AJ$2:$AJ$441,0)))*100,"")) -> 10.849074 | AT20: =IF(EDATE(AT$387,ROW()-2)>AT$388,"",IFERROR((INDEX($AL$2:$AL$441,MATCH(EDATE(AT$387,ROW()-2),$AJ$2:$AJ$441,0))-INDEX($AL$2:$AL$441,MATCH(EDATE(AT$387,-1),$AJ$2:$AJ$441,0)))*100,"")) -> 3.8240062 | AU20: =IF(EDATE(AU$387,ROW()-2)>AU$388,"",IFERROR((INDEX($AL$2:$AL$441,MATCH(EDATE(AU$387,ROW()-2),$AJ$2:$AJ$441,0))-INDEX($AL$2:$AL$441,MATCH(EDATE(AU$387,-1),$AJ$2:$AJ$441,0)))*100,"")) -> 3.4577587
A21: 33817 | B21: 88.41 | C21: - | D21: - | E21: =A21 -> 33817 | F21: =B21/B9-1 -> 10.772304 | G21: =C21/C9-1 -> #VALUE! | H21: =D21/D9-1 -> #VALUE! | I21: =A21 -> 33817 | O21: 35278 | P21: {=IF(OR($O21<P$387,$O21>P$388),"",IFERROR(IF($O21=P$387,100,P20)*INDEX($B$2:$B$428,MATCH($O21,$A$2:$A$428,0))/INDEX($B$2:$B$428,MATCH($O21,$A$2:$A$428,0)-1),""))} -> 178.80985 | Q21: {=IF(OR($O21<Q$387,$O21>Q$388),"",IFERROR(IF($O21=Q$387,100,Q20)*INDEX($B$2:$B$428,MATCH($O21,$A$2:$A$428,0))/INDEX($B$2:$B$428,MATCH($O21,$A$2:$A$428,0)-1),""))} | R21: {=IF(OR($O21<R$387,$O21>R$388),"",IFERROR(IF($O21=R$387,100,R20)*INDEX($B$2:$B$428,MATCH($O21,$A$2:$A$428,0))/INDEX($B$2:$B$428,MATCH($O21,$A$2:$A$428,0)-1),""))} | S21: {=IF(OR($O21<S$387,$O21>S$388),"",IFERROR(IF($O21=S$387,100,S20)*INDEX($B$2:$B$428,MATCH($O21,$A$2:$A$428,0))/INDEX($B$2:$B$428,MATCH($O21,$A$2:$A$428,0)-1),""))} | T21: {=IF(OR($O21<T$387,$O21>T$388),"",IFERROR(IF($O21=T$387,100,T20)*INDEX($B$2:$B$428,MATCH($O21,$A$2:$A$428,0))/INDEX($B$2:$B$428,MATCH($O21,$A$2:$A$428,0)-1),""))} | U21: {=IF(OR($O21<U$387,$O21>U$388),"",IFERROR(IF($O21=U$387,100,U20)*INDEX($B$2:$B$428,MATCH($O21,$A$2:$A$428,0))/INDEX($B$2:$B$428,MATCH($O21,$A$2:$A$428,0)-1),""))} | V21: {=IF(OR($O21<V$387,$O21>V$388),"",IFERROR(IF($O21=V$387,100,V20)*INDEX($B$2:$B$428,MATCH($O21,$A$2:$A$428,0))/INDEX($B$2:$B$428,MATCH($O21,$A$2:$A$428,0)-1),""))} | W21: {=IF(OR($O21<W$387,$O21>W$388),"",IFERROR(IF($O21=W$387,100,W20)*INDEX($B$2:$B$428,MATCH($O21,$A$2:$A$428,0))/INDEX($B$2:$B$428,MATCH($O21,$A$2:$A$428,0)-1),""))} | X21: {=IF(OR($O21<X$387,$O21>X$388),"",IFERROR(IF($O21=X$387,100,X20)*INDEX($B$2:$B$428,MATCH($O21,$A$2:$A$428,0))/INDEX($B$2:$B$428,MATCH($O21,$A$2:$A$428,0)-1),""))} | AA21: {=IF(EDATE(AA$387,ROW()-2)>AA$388,"",IFERROR(IF(ROW()=2,100,AA20)*INDEX($D$2:$D$428,MATCH(EDATE(AA$387,ROW()-2),$A$2:$A$428,0))/INDEX($D$2:$D$428,MATCH(EDATE(AA$387,ROW()-2),$A$2:$A$428,0)-1),""))} -> 142.74196 | AB21: {=IF(EDATE(AB$387,ROW()-2)>AB$388,"",IFERROR(IF(ROW()=2,100,AB20)*INDEX($D$2:$D$428,MATCH(EDATE(AB$387,ROW()-2),$A$2:$A$428,0))/INDEX($D$2:$D$428,MATCH(EDATE(AB$387,ROW()-2),$A$2:$A$428,0)-1),""))} -> 114.02791 | AC21: {=IF(EDATE(AC$387,ROW()-2)>AC$388,"",IFERROR(IF(ROW()=2,100,AC20)*INDEX($D$2:$D$428,MATCH(EDATE(AC$387,ROW()-2),$A$2:$A$428,0))/INDEX($D$2:$D$428,MATCH(EDATE(AC$387,ROW()-2),$A$2:$A$428,0)-1),""))} -> 111.48482 | AD21: {=IF(EDATE(AD$387,ROW()-2)>AD$388,"",IFERROR(IF(ROW()=2,100,AD20)*INDEX($D$2:$D$428,MATCH(EDATE(AD$387,ROW()-2),$A$2:$A$428,0))/INDEX($D$2:$D$428,MATCH(EDATE(AD$387,ROW()-2),$A$2:$A$428,0)-1),""))} -> 114.00962 | AF21: {=IF(EDATE(AF$387,ROW()-2)>AF$388,"",IFERROR(IF(ROW()=2,100,AF20)*INDEX($D$2:$D$428,MATCH(EDATE(AF$387,ROW()-2),$A$2:$A$428,0))/INDEX($D$2:$D$428,MATCH(EDATE(AF$387,ROW()-2),$A$2:$A$428,0)-1),""))} -> 126.63364 | AG21: {=IF(EDATE(AG$387,ROW()-2)>AG$388,"",IFERROR(IF(ROW()=2,100,AG20)*INDEX($D$2:$D$428,MATCH(EDATE(AG$387,ROW()-2),$A$2:$A$428,0))/INDEX($D$2:$D$428,MATCH(EDATE(AG$387,ROW()-2),$A$2:$A$428,0)-1),""))} -> 112.16071 | AH21: {=IF(EDATE(AH$387,ROW()-2)>AH$388,"",IFERROR(IF(ROW()=2,100,AH20)*INDEX($D$2:$D$428,MATCH(EDATE(AH$387,ROW()-2),$A$2:$A$428,0))/INDEX($D$2:$D$428,MATCH(EDATE(AH$387,ROW()-2),$A$2:$A$428,0)-1),""))} -> 116.65953 | AJ21: 33451 | AK21: 33.5 | AL21: =D9/AK21 -> #VALUE! | AN21: =IF(EDATE(AN$387,ROW()-2)>AN$388,"",IFERROR((INDEX($AL$2:$AL$441,MATCH(EDATE(AN$387,ROW()-2),$AJ$2:$AJ$441,0))-INDEX($AL$2:$AL$441,MATCH(EDATE(AN$387,-1),$AJ$2:$AJ$441,0)))*100,"")) -> 11.640903 | AO21: =IF(EDATE(AO$387,ROW()-2)>AO$388,"",IFERROR((INDEX($AL$2:$AL$441,MATCH(EDATE(AO$387,ROW()-2),$AJ$2:$AJ$441,0))-INDEX($AL$2:$AL$441,MATCH(EDATE(AO$387,-1),$AJ$2:$AJ$441,0)))*100,"")) -> -7.2199889 | AP21: =IF(EDATE(AP$387,ROW()-2)>AP$388,"",IFERROR((INDEX($AL$2:$AL$441,MATCH(EDATE(AP$387,ROW()-2),$AJ$2:$AJ$441,0))-INDEX($AL$2:$AL$441,MATCH(EDATE(AP$387,-1),$AJ$2:$AJ$441,0)))*100,"")) -> -6.2673026 | AQ21: =IF(EDATE(AQ$387,ROW()-2)>AQ$388,"",IFERROR((INDEX($AL$2:$AL$441,MATCH(EDATE(AQ$387,ROW()-2),$AJ$2:$AJ$441,0))-INDEX($AL$2:$AL$441,MATCH(EDATE(AQ$387,-1),$AJ$2:$AJ$441,0)))*100,"")) -> -3.221864 | AS21: =IF(EDATE(AS$387,ROW()-2)>AS$388,"",IFERROR((INDEX($AL$2:$AL$441,MATCH(EDATE(AS$387,ROW()-2),$AJ$2:$AJ$441,0))-INDEX($AL$2:$AL$441,MATCH(EDATE(AS$387,-1),$AJ$2:$AJ$441,0)))*100,"")) -> 11.770964 | AT21: =IF(EDATE(AT$387,ROW()-2)>AT$388,"",IFERROR((INDEX($AL$2:$AL$441,MATCH(EDATE(AT$387,ROW()-2),$AJ$2:$AJ$441,0))-INDEX($AL$2:$AL$441,MATCH(EDATE(AT$387,-1),$AJ$2:$AJ$441,0)))*100,"")) -> 4.6859072 | AU21: =IF(EDATE(AU$387,ROW()-2)>AU$388,"",IFERROR((INDEX($AL$2:$AL$441,MATCH(EDATE(AU$387,ROW()-2),$AJ$2:$AJ$441,0))-INDEX($AL$2:$AL$441,MATCH(EDATE(AU$387,-1),$AJ$2:$AJ$441,0)))*100,"")) -> 1.8692059
A22: 33848 | B22: 111.79 | C22: - | D22: - | E22: =A22 -> 33848 | F22: =B22/B10-1 -> 11.407325 | G22: =C22/C10-1 -> #VALUE! | H22: =D22/D10-1 -> #VALUE! | I22: =A22 -> 33848 | O22: 35309 | P22: {=IF(OR($O22<P$387,$O22>P$388),"",IFERROR(IF($O22=P$387,100,P21)*INDEX($B$2:$B$428,MATCH($O22,$A$2:$A$428,0))/INDEX($B$2:$B$428,MATCH($O22,$A$2:$A$428,0)-1),""))} -> 180.95925 | Q22: {=IF(OR($O22<Q$387,$O22>Q$388),"",IFERROR(IF($O22=Q$387,100,Q21)*INDEX($B$2:$B$428,MATCH($O22,$A$2:$A$428,0))/INDEX($B$2:$B$428,MATCH($O22,$A$2:$A$428,0)-1),""))} | R22: {=IF(OR($O22<R$387,$O22>R$388),"",IFERROR(IF($O22=R$387,100,R21)*INDEX($B$2:$B$428,MATCH($O22,$A$2:$A$428,0))/INDEX($B$2:$B$428,MATCH($O22,$A$2:$A$428,0)-1),""))} | S22: {=IF(OR($O22<S$387,$O22>S$388),"",IFERROR(IF($O22=S$387,100,S21)*INDEX($B$2:$B$428,MATCH($O22,$A$2:$A$428,0))/INDEX($B$2:$B$428,MATCH($O22,$A$2:$A$428,0)-1),""))} | T22: {=IF(OR($O22<T$387,$O22>T$388),"",IFERROR(IF($O22=T$387,100,T21)*INDEX($B$2:$B$428,MATCH($O22,$A$2:$A$428,0))/INDEX($B$2:$B$428,MATCH($O22,$A$2:$A$428,0)-1),""))} | U22: {=IF(OR($O22<U$387,$O22>U$388),"",IFERROR(IF($O22=U$387,100,U21)*INDEX($B$2:$B$428,MATCH($O22,$A$2:$A$428,0))/INDEX($B$2:$B$428,MATCH($O22,$A$2:$A$428,0)-1),""))} | V22: {=IF(OR($O22<V$387,$O22>V$388),"",IFERROR(IF($O22=V$387,100,V21)*INDEX($B$2:$B$428,MATCH($O22,$A$2:$A$428,0))/INDEX($B$2:$B$428,MATCH($O22,$A$2:$A$428,0)-1),""))} | W22: {=IF(OR($O22<W$387,$O22>W$388),"",IFERROR(IF($O22=W$387,100,W21)*INDEX($B$2:$B$428,MATCH($O22,$A$2:$A$428,0))/INDEX($B$2:$B$428,MATCH($O22,$A$2:$A$428,0)-1),""))} | X22: {=IF(OR($O22<X$387,$O22>X$388),"",IFERROR(IF($O22=X$387,100,X21)*INDEX($B$2:$B$428,MATCH($O22,$A$2:$A$428,0))/INDEX($B$2:$B$428,MATCH($O22,$A$2:$A$428,0)-1),""))} | AA22: {=IF(EDATE(AA$387,ROW()-2)>AA$388,"",IFERROR(IF(ROW()=2,100,AA21)*INDEX($D$2:$D$428,MATCH(EDATE(AA$387,ROW()-2),$A$2:$A$428,0))/INDEX($D$2:$D$428,MATCH(EDATE(AA$387,ROW()-2),$A$2:$A$428,0)-1),""))} -> 144.27969 | AB22: {=IF(EDATE(AB$387,ROW()-2)>AB$388,"",IFERROR(IF(ROW()=2,100,AB21)*INDEX($D$2:$D$428,MATCH(EDATE(AB$387,ROW()-2),$A$2:$A$428,0))/INDEX($D$2:$D$428,MATCH(EDATE(AB$387,ROW()-2),$A$2:$A$428,0)-1),""))} -> 114.70236 | AC22: {=IF(EDATE(AC$387,ROW()-2)>AC$388,"",IFERROR(IF(ROW()=2,100,AC21)*INDEX($D$2:$D$428,MATCH(EDATE(AC$387,ROW()-2),$A$2:$A$428,0))/INDEX($D$2:$D$428,MATCH(EDATE(AC$387,ROW()-2),$A$2:$A$428,0)-1),""))} -> 112.85957 | AD22: {=IF(EDATE(AD$387,ROW()-2)>AD$388,"",IFERROR(IF(ROW()=2,100,AD21)*INDEX($D$2:$D$428,MATCH(EDATE(AD$387,ROW()-2),$A$2:$A$428,0))/INDEX($D$2:$D$428,MATCH(EDATE(AD$387,ROW()-2),$A$2:$A$428,0)-1),""))} -> 115.93318 | AF22: {=IF(EDATE(AF$387,ROW()-2)>AF$388,"",IFERROR(IF(ROW()=2,100,AF21)*INDEX($D$2:$D$428,MATCH(EDATE(AF$387,ROW()-2),$A$2:$A$428,0))/INDEX($D$2:$D$428,MATCH(EDATE(AF$387,ROW()-2),$A$2:$A$428,0)-1),""))} -> 125.90125 | AG22: {=IF(EDATE(AG$387,ROW()-2)>AG$388,"",IFERROR(IF(ROW()=2,100,AG21)*INDEX($D$2:$D$428,MATCH(EDATE(AG$387,ROW()-2),$A$2:$A$428,0))/INDEX($D$2:$D$428,MATCH(EDATE(AG$387,ROW()-2),$A$2:$A$428,0)-1),""))} -> 114.25523 | AH22: {=IF(EDATE(AH$387,ROW()-2)>AH$388,"",IFERROR(IF(ROW()=2,100,AH21)*INDEX($D$2:$D$428,MATCH(EDATE(AH$387,ROW()-2),$A$2:$A$428,0))/INDEX($D$2:$D$428,MATCH(EDATE(AH$387,ROW()-2),$A$2:$A$428,0)-1),""))} -> 115.69749 | AJ22: 33482 | AK22: 37.9 | AL22: =D10/AK22 -> #VALUE! | AN22: =IF(EDATE(AN$387,ROW()-2)>AN$388,"",IFERROR((INDEX($AL$2:$AL$441,MATCH(EDATE(AN$387,ROW()-2),$AJ$2:$AJ$441,0))-INDEX($AL$2:$AL$441,MATCH(EDATE(AN$387,-1),$AJ$2:$AJ$441,0)))*100,"")) -> 11.791286 | AO22: =IF(EDATE(AO$387,ROW()-2)>AO$388,"",IFERROR((INDEX($AL$2:$AL$441,MATCH(EDATE(AO$387,ROW()-2),$AJ$2:$AJ$441,0))-INDEX($AL$2:$AL$441,MATCH(EDATE(AO$387,-1),$AJ$2:$AJ$441,0)))*100,"")) -> -7.4933284 | AP22: =IF(EDATE(AP$387,ROW()-2)>AP$388,"",IFERROR((INDEX($AL$2:$AL$441,MATCH(EDATE(AP$387,ROW()-2),$AJ$2:$AJ$441,0))-INDEX($AL$2:$AL$441,MATCH(EDATE(AP$387,-1),$AJ$2:$AJ$441,0)))*100,"")) -> -6.4422462 | AQ22: =IF(EDATE(AQ$387,ROW()-2)>AQ$388,"",IFERROR((INDEX($AL$2:$AL$441,MATCH(EDATE(AQ$387,ROW()-2),$AJ$2:$AJ$441,0))-INDEX($AL$2:$AL$441,MATCH(EDATE(AQ$387,-1),$AJ$2:$AJ$441,0)))*100,"")) -> -2.6395231 | AS22: =IF(EDATE(AS$387,ROW()-2)>AS$388,"",IFERROR((INDEX($AL$2:$AL$441,MATCH(EDATE(AS$387,ROW()-2),$AJ$2:$AJ$441,0))-INDEX($AL$2:$AL$441,MATCH(EDATE(AS$387,-1),$AJ$2:$AJ$441,0)))*100,"")) -> 10.813912 | AT22: =IF(EDATE(AT$387,ROW()-2)>AT$388,"",IFERROR((INDEX($AL$2:$AL$441,MATCH(EDATE(AT$387,ROW()-2),$AJ$2:$AJ$441,0))-INDEX($AL$2:$AL$441,MATCH(EDATE(AT$387,-1),$AJ$2:$AJ$441,0)))*100,"")) -> 5.9916231 | AU22: =IF(EDATE(AU$387,ROW()-2)>AU$388,"",IFERROR((INDEX($AL$2:$AL$441,MATCH(EDATE(AU$387,ROW()-2),$AJ$2:$AJ$441,0))-INDEX($AL$2:$AL$441,MATCH(EDATE(AU$387,-1),$AJ$2:$AJ$441,0)))*100,"")) -> 0.58785223
A23: 33878 | B23: 140.81 | C23: - | D23: - | E23: =A23 -> 33878 | F23: =B23/B11-1 -> 10.783264 | G23: =C23/C11-1 -> #VALUE! | H23: =D23/D11-1 -> #VALUE! | I23: =A23 -> 33878 | O23: 35339 | P23: {=IF(OR($O23<P$387,$O23>P$388),"",IFERROR(IF($O23=P$387,100,P22)*INDEX($B$2:$B$428,MATCH($O23,$A$2:$A$428,0))/INDEX($B$2:$B$428,MATCH($O23,$A$2:$A$428,0)-1),""))} -> 185.15832 | Q23: {=IF(OR($O23<Q$387,$O23>Q$388),"",IFERROR(IF($O23=Q$387,100,Q22)*INDEX($B$2:$B$428,MATCH($O23,$A$2:$A$428,0))/INDEX($B$2:$B$428,MATCH($O23,$A$2:$A$428,0)-1),""))} | R23: {=IF(OR($O23<R$387,$O23>R$388),"",IFERROR(IF($O23=R$387,100,R22)*INDEX($B$2:$B$428,MATCH($O23,$A$2:$A$428,0))/INDEX($B$2:$B$428,MATCH($O23,$A$2:$A$428,0)-1),""))} | S23: {=IF(OR($O23<S$387,$O23>S$388),"",IFERROR(IF($O23=S$387,100,S22)*INDEX($B$2:$B$428,MATCH($O23,$A$2:$A$428,0))/INDEX($B$2:$B$428,MATCH($O23,$A$2:$A$428,0)-1),""))} | T23: {=IF(OR($O23<T$387,$O23>T$388),"",IFERROR(IF($O23=T$387,100,T22)*INDEX($B$2:$B$428,MATCH($O23,$A$2:$A$428,0))/INDEX($B$2:$B$428,MATCH($O23,$A$2:$A$428,0)-1),""))} | U23: {=IF(OR($O23<U$387,$O23>U$388),"",IFERROR(IF($O23=U$387,100,U22)*INDEX($B$2:$B$428,MATCH($O23,$A$2:$A$428,0))/INDEX($B$2:$B$428,MATCH($O23,$A$2:$A$428,0)-1),""))} | V23: {=IF(OR($O23<V$387,$O23>V$388),"",IFERROR(IF($O23=V$387,100,V22)*INDEX($B$2:$B$428,MATCH($O23,$A$2:$A$428,0))/INDEX($B$2:$B$428,MATCH($O23,$A$2:$A$428,0)-1),""))} | W23: {=IF(OR($O23<W$387,$O23>W$388),"",IFERROR(IF($O23=W$387,100,W22)*INDEX($B$2:$B$428,MATCH($O23,$A$2:$A$428,0))/INDEX($B$2:$B$428,MATCH($O23,$A$2:$A$428,0)-1),""))} | X23: {=IF(OR($O23<X$387,$O23>X$388),"",IFERROR(IF($O23=X$387,100,X22)*INDEX($B$2:$B$428,MATCH($O23,$A$2:$A$428,0))/INDEX($B$2:$B$428,MATCH($O23,$A$2:$A$428,0)-1),""))} | AA23: {=IF(EDATE(AA$387,ROW()-2)>AA$388,"",IFERROR(IF(ROW()=2,100,AA22)*INDEX($D$2:$D$428,MATCH(EDATE(AA$387,ROW()-2),$A$2:$A$428,0))/INDEX($D$2:$D$428,MATCH(EDATE(AA$387,ROW()-2),$A$2:$A$428,0)-1),""))} -> 145.43354 | AB23: {=IF(EDATE(AB$387,ROW()-2)>AB$388,"",IFERROR(IF(ROW()=2,100,AB22)*INDEX($D$2:$D$428,MATCH(EDATE(AB$387,ROW()-2),$A$2:$A$428,0))/INDEX($D$2:$D$428,MATCH(EDATE(AB$387,ROW()-2),$A$2:$A$428,0)-1),""))} -> 115.64259 | AC23: {=IF(EDATE(AC$387,ROW()-2)>AC$388,"",IFERROR(IF(ROW()=2,100,AC22)*INDEX($D$2:$D$428,MATCH(EDATE(AC$387,ROW()-2),$A$2:$A$428,0))/INDEX($D$2:$D$428,MATCH(EDATE(AC$387,ROW()-2),$A$2:$A$428,0)-1),""))} -> 113.89302 | AD23: {=IF(EDATE(AD$387,ROW()-2)>AD$388,"",IFERROR(IF(ROW()=2,100,AD22)*INDEX($D$2:$D$428,MATCH(EDATE(AD$387,ROW()-2),$A$2:$A$428,0))/INDEX($D$2:$D$428,MATCH(EDATE(AD$387,ROW()-2),$A$2:$A$428,0)-1),""))} -> 117.39804 | AF23: {=IF(EDATE(AF$387,ROW()-2)>AF$388,"",IFERROR(IF(ROW()=2,100,AF22)*INDEX($D$2:$D$428,MATCH(EDATE(AF$387,ROW()-2),$A$2:$A$428,0))/INDEX($D$2:$D$428,MATCH(EDATE(AF$387,ROW()-2),$A$2:$A$428,0)-1),""))} -> 127.44565 | AG23: {=IF(EDATE(AG$387,ROW()-2)>AG$388,"",IFERROR(IF(ROW()=2,100,AG22)*INDEX($D$2:$D$428,MATCH(EDATE(AG$387,ROW()-2),$A$2:$A$428,0))/INDEX($D$2:$D$428,MATCH(EDATE(AG$387,ROW()-2),$A$2:$A$428,0)-1),""))} -> 116.87698 | AH23: {=IF(EDATE(AH$387,ROW()-2)>AH$388,"",IFERROR(IF(ROW()=2,100,AH22)*INDEX($D$2:$D$428,MATCH(EDATE(AH$387,ROW()-2),$A$2:$A$428,0))/INDEX($D$2:$D$428,MATCH(EDATE(AH$387,ROW()-2),$A$2:$A$428,0)-1),""))} -> 117.54698 | AJ23: 33512 | AK23: 44 | AL23: =D11/AK23 -> #VALUE! | AN23: =IF(EDATE(AN$387,ROW()-2)>AN$388,"",IFERROR((INDEX($AL$2:$AL$441,MATCH(EDATE(AN$387,ROW()-2),$AJ$2:$AJ$441,0))-INDEX($AL$2:$AL$441,MATCH(EDATE(AN$387,-1),$AJ$2:$AJ$441,0)))*100,"")) -> 11.701747 | AO23: =IF(EDATE(AO$387,ROW()-2)>AO$388,"",IFERROR((INDEX($AL$2:$AL$441,MATCH(EDATE(AO$387,ROW()-2),$AJ$2:$AJ$441,0))-INDEX($AL$2:$AL$441,MATCH(EDATE(AO$387,-1),$AJ$2:$AJ$441,0)))*100,"")) -> -7.5118565 | AP23: =IF(EDATE(AP$387,ROW()-2)>AP$388,"",IFERROR((INDEX($AL$2:$AL$441,MATCH(EDATE(AP$387,ROW()-2),$AJ$2:$AJ$441,0))-INDEX($AL$2:$AL$441,MATCH(EDATE(AP$387,-1),$AJ$2:$AJ$441,0)))*100,"")) -> -6.6620952 | AQ23: =IF(EDATE(AQ$387,ROW()-2)>AQ$388,"",IFERROR((INDEX($AL$2:$AL$441,MATCH(EDATE(AQ$387,ROW()-2),$AJ$2:$AJ$441,0))-INDEX($AL$2:$AL$441,MATCH(EDATE(AQ$387,-1),$AJ$2:$AJ$441,0)))*100,"")) -> -2.4910027 | AS23: =IF(EDATE(AS$387,ROW()-2)>AS$388,"",IFERROR((INDEX($AL$2:$AL$441,MATCH(EDATE(AS$387,ROW()-2),$AJ$2:$AJ$441,0))-INDEX($AL$2:$AL$441,MATCH(EDATE(AS$387,-1),$AJ$2:$AJ$441,0)))*100,"")) -> 11.448736 | AT23: =IF(EDATE(AT$387,ROW()-2)>AT$388,"",IFERROR((INDEX($AL$2:$AL$441,MATCH(EDATE(AT$387,ROW()-2),$AJ$2:$AJ$441,0))-INDEX($AL$2:$AL$441,MATCH(EDATE(AT$387,-1),$AJ$2:$AJ$441,0)))*100,"")) -> 7.759441 | AU23: =IF(EDATE(AU$387,ROW()-2)>AU$388,"",IFERROR((INDEX($AL$2:$AL$441,MATCH(EDATE(AU$387,ROW()-2),$AJ$2:$AJ$441,0))-INDEX($AL$2:$AL$441,MATCH(EDATE(AU$387,-1),$AJ$2:$AJ$441,0)))*100,"")) -> 1.2632606
A24: 33909 | B24: 169.72 | C24: - | D24: - | E24: =A24 -> 33909 | F24: =B24/B12-1 -> 10.299601 | G24: =C24/C12-1 -> #VALUE! | H24: =D24/D12-1 -> #VALUE! | I24: =A24 -> 33909 | O24: 35370 | P24: {=IF(OR($O24<P$387,$O24>P$388),"",IFERROR(IF($O24=P$387,100,P23)*INDEX($B$2:$B$428,MATCH($O24,$A$2:$A$428,0))/INDEX($B$2:$B$428,MATCH($O24,$A$2:$A$428,0)-1),""))} -> 189.72859 | Q24: {=IF(OR($O24<Q$387,$O24>Q$388),"",IFERROR(IF($O24=Q$387,100,Q23)*INDEX($B$2:$B$428,MATCH($O24,$A$2:$A$428,0))/INDEX($B$2:$B$428,MATCH($O24,$A$2:$A$428,0)-1),""))} | R24: {=IF(OR($O24<R$387,$O24>R$388),"",IFERROR(IF($O24=R$387,100,R23)*INDEX($B$2:$B$428,MATCH($O24,$A$2:$A$428,0))/INDEX($B$2:$B$428,MATCH($O24,$A$2:$A$428,0)-1),""))} | S24: {=IF(OR($O24<S$387,$O24>S$388),"",IFERROR(IF($O24=S$387,100,S23)*INDEX($B$2:$B$428,MATCH($O24,$A$2:$A$428,0))/INDEX($B$2:$B$428,MATCH($O24,$A$2:$A$428,0)-1),""))} | T24: {=IF(OR($O24<T$387,$O24>T$388),"",IFERROR(IF($O24=T$387,100,T23)*INDEX($B$2:$B$428,MATCH($O24,$A$2:$A$428,0))/INDEX($B$2:$B$428,MATCH($O24,$A$2:$A$428,0)-1),""))} | U24: {=IF(OR($O24<U$387,$O24>U$388),"",IFERROR(IF($O24=U$387,100,U23)*INDEX($B$2:$B$428,MATCH($O24,$A$2:$A$428,0))/INDEX($B$2:$B$428,MATCH($O24,$A$2:$A$428,0)-1),""))} | V24: {=IF(OR($O24<V$387,$O24>V$388),"",IFERROR(IF($O24=V$387,100,V23)*INDEX($B$2:$B$428,MATCH($O24,$A$2:$A$428,0))/INDEX($B$2:$B$428,MATCH($O24,$A$2:$A$428,0)-1),""))} | W24: {=IF(OR($O24<W$387,$O24>W$388),"",IFERROR(IF($O24=W$387,100,W23)*INDEX($B$2:$B$428,MATCH($O24,$A$2:$A$428,0))/INDEX($B$2:$B$428,MATCH($O24,$A$2:$A$428,0)-1),""))} | X24: {=IF(OR($O24<X$387,$O24>X$388),"",IFERROR(IF($O24=X$387,100,X23)*INDEX($B$2:$B$428,MATCH($O24,$A$2:$A$428,0))/INDEX($B$2:$B$428,MATCH($O24,$A$2:$A$428,0)-1),""))} | AA24: {=IF(EDATE(AA$387,ROW()-2)>AA$388,"",IFERROR(IF(ROW()=2,100,AA23)*INDEX($D$2:$D$428,MATCH(EDATE(AA$387,ROW()-2),$A$2:$A$428,0))/INDEX($D$2:$D$428,MATCH(EDATE(AA$387,ROW()-2),$A$2:$A$428,0)-1),""))} -> 145.26292 | AB24: {=IF(EDATE(AB$387,ROW()-2)>AB$388,"",IFERROR(IF(ROW()=2,100,AB23)*INDEX($D$2:$D$428,MATCH(EDATE(AB$387,ROW()-2),$A$2:$A$428,0))/INDEX($D$2:$D$428,MATCH(EDATE(AB$387,ROW()-2),$A$2:$A$428,0)-1),""))} -> 115.55426 | AC24: {=IF(EDATE(AC$387,ROW()-2)>AC$388,"",IFERROR(IF(ROW()=2,100,AC23)*INDEX($D$2:$D$428,MATCH(EDATE(AC$387,ROW()-2),$A$2:$A$428,0))/INDEX($D$2:$D$428,MATCH(EDATE(AC$387,ROW()-2),$A$2:$A$428,0)-1),""))} -> 115.96738 | AD24: {=IF(EDATE(AD$387,ROW()-2)>AD$388,"",IFERROR(IF(ROW()=2,100,AD23)*INDEX($D$2:$D$428,MATCH(EDATE(AD$387,ROW()-2),$A$2:$A$428,0))/INDEX($D$2:$D$428,MATCH(EDATE(AD$387,ROW()-2),$A$2:$A$428,0)-1),""))} -> 119.27039 | AF24: {=IF(EDATE(AF$387,ROW()-2)>AF$388,"",IFERROR(IF(ROW()=2,100,AF23)*INDEX($D$2:$D$428,MATCH(EDATE(AF$387,ROW()-2),$A$2:$A$428,0))/INDEX($D$2:$D$428,MATCH(EDATE(AF$387,ROW()-2),$A$2:$A$428,0)-1),""))} -> 129.9889 | AG24: {=IF(EDATE(AG$387,ROW()-2)>AG$388,"",IFERROR(IF(ROW()=2,100,AG23)*INDEX($D$2:$D$428,MATCH(EDATE(AG$387,ROW()-2),$A$2:$A$428,0))/INDEX($D$2:$D$428,MATCH(EDATE(AG$387,ROW()-2),$A$2:$A$428,0)-1),""))} -> 119.16893 | AH24: {=IF(EDATE(AH$387,ROW()-2)>AH$388,"",IFERROR(IF(ROW()=2,100,AH23)*INDEX($D$2:$D$428,MATCH(EDATE(AH$387,ROW()-2),$A$2:$A$428,0))/INDEX($D$2:$D$428,MATCH(EDATE(AH$387,ROW()-2),$A$2:$A$428,0)-1),""))} -> 119.39587 | AJ24: 33543 | AK24: 51.6 | AL24: =D12/AK24 -> #VALUE! | AN24: =IF(EDATE(AN$387,ROW()-2)>AN$388,"",IFERROR((INDEX($AL$2:$AL$441,MATCH(EDATE(AN$387,ROW()-2),$AJ$2:$AJ$441,0))-INDEX($AL$2:$AL$441,MATCH(EDATE(AN$387,-1),$AJ$2:$AJ$441,0)))*100,"")) -> 11.205121 | AO24: =IF(EDATE(AO$387,ROW()-2)>AO$388,"",IFERROR((INDEX($AL$2:$AL$441,MATCH(EDATE(AO$387,ROW()-2),$AJ$2:$AJ$441,0))-INDEX($AL$2:$AL$441,MATCH(EDATE(AO$387,-1),$AJ$2:$AJ$441,0)))*100,"")) -> -8.3882102 | AP24: =IF(EDATE(AP$387,ROW()-2)>AP$388,"",IFERROR((INDEX($AL$2:$AL$441,MATCH(EDATE(AP$387,ROW()-2),$AJ$2:$AJ$441,0))-INDEX($AL$2:$AL$441,MATCH(EDATE(AP$387,-1),$AJ$2:$AJ$441,0)))*100,"")) -> -6.1579438 | AQ24: =IF(EDATE(AQ$387,ROW()-2)>AQ$388,"",IFERROR((INDEX($AL$2:$AL$441,MATCH(EDATE(AQ$387,ROW()-2),$AJ$2:$AJ$441,0))-INDEX($AL$2:$AL$441,MATCH(EDATE(AQ$387,-1),$AJ$2:$AJ$441,0)))*100,"")) -> -1.9812894 | AS24: =IF(EDATE(AS$387,ROW()-2)>AS$388,"",IFERROR((INDEX($AL$2:$AL$441,MATCH(EDATE(AS$387,ROW()-2),$AJ$2:$AJ$441,0))-INDEX($AL$2:$AL$441,MATCH(EDATE(AS$387,-1),$AJ$2:$AJ$441,0)))*100,"")) -> 12.737839 | AT24: =IF(EDATE(AT$387,ROW()-2)>AT$388,"",IFERROR((INDEX($AL$2:$AL$441,MATCH(EDATE(AT$387,ROW()-2),$AJ$2:$AJ$441,0))-INDEX($AL$2:$AL$441,MATCH(EDATE(AT$387,-1),$AJ$2:$AJ$441,0)))*100,"")) -> 9.0490334 | AU24: =IF(EDATE(AU$387,ROW()-2)>AU$388,"",IFERROR((INDEX($AL$2:$AL$441,MATCH(EDATE(AU$387,ROW()-2),$AJ$2:$AJ$441,0))-INDEX($AL$2:$AL$441,MATCH(EDATE(AU$387,-1),$AJ$2:$AJ$441,0)))*100,"")) -> 2.1778244
A25: 33939 | B25: 221.82 | C25: - | D25: - | E25: =A25 -> 33939 | F25: =B25/B13-1 -> 10.811502 | G25: =C25/C13-1 -> #VALUE! | H25: =D25/D13-1 -> #VALUE! | I25: =A25 -> 33939 | O25: 35400 | P25: {=IF(OR($O25<P$387,$O25>P$388),"",IFERROR(IF($O25=P$387,100,P24)*INDEX($B$2:$B$428,MATCH($O25,$A$2:$A$428,0))/INDEX($B$2:$B$428,MATCH($O25,$A$2:$A$428,0)-1),""))} -> 195.04962 | Q25: {=IF(OR($O25<Q$387,$O25>Q$388),"",IFERROR(IF($O25=Q$387,100,Q24)*INDEX($B$2:$B$428,MATCH($O25,$A$2:$A$428,0))/INDEX($B$2:$B$428,MATCH($O25,$A$2:$A$428,0)-1),""))} | R25: {=IF(OR($O25<R$387,$O25>R$388),"",IFERROR(IF($O25=R$387,100,R24)*INDEX($B$2:$B$428,MATCH($O25,$A$2:$A$428,0))/INDEX($B$2:$B$428,MATCH($O25,$A$2:$A$428,0)-1),""))} | S25: {=IF(OR($O25<S$387,$O25>S$388),"",IFERROR(IF($O25=S$387,100,S24)*INDEX($B$2:$B$428,MATCH($O25,$A$2:$A$428,0))/INDEX($B$2:$B$428,MATCH($O25,$A$2:$A$428,0)-1),""))} | T25: {=IF(OR($O25<T$387,$O25>T$388),"",IFERROR(IF($O25=T$387,100,T24)*INDEX($B$2:$B$428,MATCH($O25,$A$2:$A$428,0))/INDEX($B$2:$B$428,MATCH($O25,$A$2:$A$428,0)-1),""))} | U25: {=IF(OR($O25<U$387,$O25>U$388),"",IFERROR(IF($O25=U$387,100,U24)*INDEX($B$2:$B$428,MATCH($O25,$A$2:$A$428,0))/INDEX($B$2:$B$428,MATCH($O25,$A$2:$A$428,0)-1),""))} | V25: {=IF(OR($O25<V$387,$O25>V$388),"",IFERROR(IF($O25=V$387,100,V24)*INDEX($B$2:$B$428,MATCH($O25,$A$2:$A$428,0))/INDEX($B$2:$B$428,MATCH($O25,$A$2:$A$428,0)-1),""))} | W25: {=IF(OR($O25<W$387,$O25>W$388),"",IFERROR(IF($O25=W$387,100,W24)*INDEX($B$2:$B$428,MATCH($O25,$A$2:$A$428,0))/INDEX($B$2:$B$428,MATCH($O25,$A$2:$A$428,0)-1),""))} | X25: {=IF(OR($O25<X$387,$O25>X$388),"",IFERROR(IF($O25=X$387,100,X24)*INDEX($B$2:$B$428,MATCH($O25,$A$2:$A$428,0))/INDEX($B$2:$B$428,MATCH($O25,$A$2:$A$428,0)-1),""))} | AA25: {=IF(EDATE(AA$387,ROW()-2)>AA$388,"",IFERROR(IF(ROW()=2,100,AA24)*INDEX($D$2:$D$428,MATCH(EDATE(AA$387,ROW()-2),$A$2:$A$428,0))/INDEX($D$2:$D$428,MATCH(EDATE(AA$387,ROW()-2),$A$2:$A$428,0)-1),""))} -> 147.08385 | AB25: {=IF(EDATE(AB$387,ROW()-2)>AB$388,"",IFERROR(IF(ROW()=2,100,AB24)*INDEX($D$2:$D$428,MATCH(EDATE(AB$387,ROW()-2),$A$2:$A$428,0))/INDEX($D$2:$D$428,MATCH(EDATE(AB$387,ROW()-2),$A$2:$A$428,0)-1),""))} -> 117.55386 | AC25: {=IF(EDATE(AC$387,ROW()-2)>AC$388,"",IFERROR(IF(ROW()=2,100,AC24)*INDEX($D$2:$D$428,MATCH(EDATE(AC$387,ROW()-2),$A$2:$A$428,0))/INDEX($D$2:$D$428,MATCH(EDATE(AC$387,ROW()-2),$A$2:$A$428,0)-1),""))} -> 122.71587 | AD25: {=IF(EDATE(AD$387,ROW()-2)>AD$388,"",IFERROR(IF(ROW()=2,100,AD24)*INDEX($D$2:$D$428,MATCH(EDATE(AD$387,ROW()-2),$A$2:$A$428,0))/INDEX($D$2:$D$428,MATCH(EDATE(AD$387,ROW()-2),$A$2:$A$428,0)-1),""))} -> 122.27975 | AF25: {=IF(EDATE(AF$387,ROW()-2)>AF$388,"",IFERROR(IF(ROW()=2,100,AF24)*INDEX($D$2:$D$428,MATCH(EDATE(AF$387,ROW()-2),$A$2:$A$428,0))/INDEX($D$2:$D$428,MATCH(EDATE(AF$387,ROW()-2),$A$2:$A$428,0)-1),""))} -> 131.19914 | AG25: {=IF(EDATE(AG$387,ROW()-2)>AG$388,"",IFERROR(IF(ROW()=2,100,AG24)*INDEX($D$2:$D$428,MATCH(EDATE(AG$387,ROW()-2),$A$2:$A$428,0))/INDEX($D$2:$D$428,MATCH(EDATE(AG$387,ROW()-2),$A$2:$A$428,0)-1),""))} -> 123.03557 | AH25: {=IF(EDATE(AH$387,ROW()-2)>AH$388,"",IFERROR(IF(ROW()=2,100,AH24)*INDEX($D$2:$D$428,MATCH(EDATE(AH$387,ROW()-2),$A$2:$A$428,0))/INDEX($D$2:$D$428,MATCH(EDATE(AH$387,ROW()-2),$A$2:$A$428,0)-1),""))} -> 121.16205 | AJ25: 33573 | AK25: 60.3 | AL25: =D13/AK25 -> #VALUE! | AN25: =IF(EDATE(AN$387,ROW()-2)>AN$388,"",IFERROR((INDEX($AL$2:$AL$441,MATCH(EDATE(AN$387,ROW()-2),$AJ$2:$AJ$441,0))-INDEX($AL$2:$AL$441,MATCH(EDATE(AN$387,-1),$AJ$2:$AJ$441,0)))*100,"")) -> 11.610329 | AO25: =IF(EDATE(AO$387,ROW()-2)>AO$388,"",IFERROR((INDEX($AL$2:$AL$441,MATCH(EDATE(AO$387,ROW()-2),$AJ$2:$AJ$441,0))-INDEX($AL$2:$AL$441,MATCH(EDATE(AO$387,-1),$AJ$2:$AJ$441,0)))*100,"")) -> -8.0700675 | AP25: =IF(EDATE(AP$387,ROW()-2)>AP$388,"",IFERROR((INDEX($AL$2:$AL$441,MATCH(EDATE(AP$387,ROW()-2),$AJ$2:$AJ$441,0))-INDEX($AL$2:$AL$441,MATCH(EDATE(AP$387,-1),$AJ$2:$AJ$441,0)))*100,"")) -> -3.1787466 | AQ25: =IF(EDATE(AQ$387,ROW()-2)>AQ$388,"",IFERROR((INDEX($AL$2:$AL$441,MATCH(EDATE(AQ$387,ROW()-2),$AJ$2:$AJ$441,0))-INDEX($AL$2:$AL$441,MATCH(EDATE(AQ$387,-1),$AJ$2:$AJ$441,0)))*100,"")) -> -0.81894691 | AS25: =IF(EDATE(AS$387,ROW()-2)>AS$388,"",IFERROR((INDEX($AL$2:$AL$441,MATCH(EDATE(AS$387,ROW()-2),$AJ$2:$AJ$441,0))-INDEX($AL$2:$AL$441,MATCH(EDATE(AS$387,-1),$AJ$2:$AJ$441,0)))*100,"")) -> 12.896439 | AT25: =IF(EDATE(AT$387,ROW()-2)>AT$388,"",IFERROR((INDEX($AL$2:$AL$441,MATCH(EDATE(AT$387,ROW()-2),$AJ$2:$AJ$441,0))-INDEX($AL$2:$AL$441,MATCH(EDATE(AT$387,-1),$AJ$2:$AJ$441,0)))*100,"")) -> 11.229793 | AU25: =IF(EDATE(AU$387,ROW()-2)>AU$388,"",IFERROR((INDEX($AL$2:$AL$441,MATCH(EDATE(AU$387,ROW()-2),$AJ$2:$AJ$441,0))-INDEX($AL$2:$AL$441,MATCH(EDATE(AU$387,-1),$AJ$2:$AJ$441,0)))*100,"")) -> 3.0890603
A26: 33970 | B26: 270 | C26: - | D26: - | E26: =A26 -> 33970 | F26: =B26/B14-1 -> 10.904762 | G26: =C26/C14-1 -> #VALUE! | H26: =D26/D14-1 -> #VALUE! | I26: =A26 -> 33970 | O26: 35431 | P26: {=IF(OR($O26<P$387,$O26>P$388),"",IFERROR(IF($O26=P$387,100,P25)*INDEX($B$2:$B$428,MATCH($O26,$A$2:$A$428,0))/INDEX($B$2:$B$428,MATCH($O26,$A$2:$A$428,0)-1),""))} -> 199.44837 | Q26: {=IF(OR($O26<Q$387,$O26>Q$388),"",IFERROR(IF($O26=Q$387,100,Q25)*INDEX($B$2:$B$428,MATCH($O26,$A$2:$A$428,0))/INDEX($B$2:$B$428,MATCH($O26,$A$2:$A$428,0)-1),""))} | R26: {=IF(OR($O26<R$387,$O26>R$388),"",IFERROR(IF($O26=R$387,100,R25)*INDEX($B$2:$B$428,MATCH($O26,$A$2:$A$428,0))/INDEX($B$2:$B$428,MATCH($O26,$A$2:$A$428,0)-1),""))} | S26: {=IF(OR($O26<S$387,$O26>S$388),"",IFERROR(IF($O26=S$387,100,S25)*INDEX($B$2:$B$428,MATCH($O26,$A$2:$A$428,0))/INDEX($B$2:$B$428,MATCH($O26,$A$2:$A$428,0)-1),""))} | T26: {=IF(OR($O26<T$387,$O26>T$388),"",IFERROR(IF($O26=T$387,100,T25)*INDEX($B$2:$B$428,MATCH($O26,$A$2:$A$428,0))/INDEX($B$2:$B$428,MATCH($O26,$A$2:$A$428,0)-1),""))} | U26: {=IF(OR($O26<U$387,$O26>U$388),"",IFERROR(IF($O26=U$387,100,U25)*INDEX($B$2:$B$428,MATCH($O26,$A$2:$A$428,0))/INDEX($B$2:$B$428,MATCH($O26,$A$2:$A$428,0)-1),""))} | V26: {=IF(OR($O26<V$387,$O26>V$388),"",IFERROR(IF($O26=V$387,100,V25)*INDEX($B$2:$B$428,MATCH($O26,$A$2:$A$428,0))/INDEX($B$2:$B$428,MATCH($O26,$A$2:$A$428,0)-1),""))} | W26: {=IF(OR($O26<W$387,$O26>W$388),"",IFERROR(IF($O26=W$387,100,W25)*INDEX($B$2:$B$428,MATCH($O26,$A$2:$A$428,0))/INDEX($B$2:$B$428,MATCH($O26,$A$2:$A$428,0)-1),""))} | X26: {=IF(OR($O26<X$387,$O26>X$388),"",IFERROR(IF($O26=X$387,100,X25)*INDEX($B$2:$B$428,MATCH($O26,$A$2:$A$428,0))/INDEX($B$2:$B$428,MATCH($O26,$A$2:$A$428,0)-1),""))} | AA26: {=IF(EDATE(AA$387,ROW()-2)>AA$388,"",IFERROR(IF(ROW()=2,100,AA25)*INDEX($D$2:$D$428,MATCH(EDATE(AA$387,ROW()-2),$A$2:$A$428,0))/INDEX($D$2:$D$428,MATCH(EDATE(AA$387,ROW()-2),$A$2:$A$428,0)-1),""))} -> 148.15016 | AB26: {=IF(EDATE(AB$387,ROW()-2)>AB$388,"",IFERROR(IF(ROW()=2,100,AB25)*INDEX($D$2:$D$428,MATCH(EDATE(AB$387,ROW()-2),$A$2:$A$428,0))/INDEX($D$2:$D$428,MATCH(EDATE(AB$387,ROW()-2),$A$2:$A$428,0)-1),""))} -> 118.24404 | AC26: {=IF(EDATE(AC$387,ROW()-2)>AC$388,"",IFERROR(IF(ROW()=2,100,AC25)*INDEX($D$2:$D$428,MATCH(EDATE(AC$387,ROW()-2),$A$2:$A$428,0))/INDEX($D$2:$D$428,MATCH(EDATE(AC$387,ROW()-2),$A$2:$A$428,0)-1),""))} -> 117.68052 | AD26: {=IF(EDATE(AD$387,ROW()-2)>AD$388,"",IFERROR(IF(ROW()=2,100,AD25)*INDEX($D$2:$D$428,MATCH(EDATE(AD$387,ROW()-2),$A$2:$A$428,0))/INDEX($D$2:$D$428,MATCH(EDATE(AD$387,ROW()-2),$A$2:$A$428,0)-1),""))} -> 118.27499 | AF26: {=IF(EDATE(AF$387,ROW()-2)>AF$388,"",IFERROR(IF(ROW()=2,100,AF25)*INDEX($D$2:$D$428,MATCH(EDATE(AF$387,ROW()-2),$A$2:$A$428,0))/INDEX($D$2:$D$428,MATCH(EDATE(AF$387,ROW()-2),$A$2:$A$428,0)-1),""))} -> 133.13558 | AG26: {=IF(EDATE(AG$387,ROW()-2)>AG$388,"",IFERROR(IF(ROW()=2,100,AG25)*INDEX($D$2:$D$428,MATCH(EDATE(AG$387,ROW()-2),$A$2:$A$428,0))/INDEX($D$2:$D$428,MATCH(EDATE(AG$387,ROW()-2),$A$2:$A$428,0)-1),""))} -> 123.41875 | AH26: {=IF(EDATE(AH$387,ROW()-2)>AH$388,"",IFERROR(IF(ROW()=2,100,AH25)*INDEX($D$2:$D$428,MATCH(EDATE(AH$387,ROW()-2),$A$2:$A$428,0))/INDEX($D$2:$D$428,MATCH(EDATE(AH$387,ROW()-2),$A$2:$A$428,0)-1),""))} -> 121.52145 | AJ26: 33604 | AK26: 71.3 | AL26: =D14/AK26 -> #VALUE! | AN26: =IF(EDATE(AN$387,ROW()-2)>AN$388,"",IFERROR((INDEX($AL$2:$AL$441,MATCH(EDATE(AN$387,ROW()-2),$AJ$2:$AJ$441,0))-INDEX($AL$2:$AL$441,MATCH(EDATE(AN$387,-1),$AJ$2:$AJ$441,0)))*100,"")) -> 11.545463 | AO26: =IF(EDATE(AO$387,ROW()-2)>AO$388,"",IFERROR((INDEX($AL$2:$AL$441,MATCH(EDATE(AO$387,ROW()-2),$AJ$2:$AJ$441,0))-INDEX($AL$2:$AL$441,MATCH(EDATE(AO$387,-1),$AJ$2:$AJ$441,0)))*100,"")) -> -8.3349259 | AP26: =IF(EDATE(AP$387,ROW()-2)>AP$388,"",IFERROR((INDEX($AL$2:$AL$441,MATCH(EDATE(AP$387,ROW()-2),$AJ$2:$AJ$441,0))-INDEX($AL$2:$AL$441,MATCH(EDATE(AP$387,-1),$AJ$2:$AJ$441,0)))*100,"")) -> -5.9246148 | AQ26: =IF(EDATE(AQ$387,ROW()-2)>AQ$388,"",IFERROR((INDEX($AL$2:$AL$441,MATCH(EDATE(AQ$387,ROW()-2),$AJ$2:$AJ$441,0))-INDEX($AL$2:$AL$441,MATCH(EDATE(AQ$387,-1),$AJ$2:$AJ$441,0)))*100,"")) -> -3.3851403 | AS26: =IF(EDATE(AS$387,ROW()-2)>AS$388,"",IFERROR((INDEX($AL$2:$AL$441,MATCH(EDATE(AS$387,ROW()-2),$AJ$2:$AJ$441,0))-INDEX($AL$2:$AL$441,MATCH(EDATE(AS$387,-1),$AJ$2:$AJ$441,0)))*100,"")) -> 13.980455 | AT26: =IF(EDATE(AT$387,ROW()-2)>AT$388,"",IFERROR((INDEX($AL$2:$AL$441,MATCH(EDATE(AT$387,ROW()-2),$AJ$2:$AJ$441,0))-INDEX($AL$2:$AL$441,MATCH(EDATE(AT$387,-1),$AJ$2:$AJ$441,0)))*100,"")) -> 10.714331 | AU26: =IF(EDATE(AU$387,ROW()-2)>AU$388,"",IFERROR((INDEX($AL$2:$AL$441,MATCH(EDATE(AU$387,ROW()-2),$AJ$2:$AJ$441,0))-INDEX($AL$2:$AL$441,MATCH(EDATE(AU$387,-1),$AJ$2:$AJ$441,0)))*100,"")) -> 2.8672593
A27: 34001 | B27: 349.73 | C27: - | D27: - | E27: =A27 -> 34001 | F27: =B27/B15-1 -> 11.621075 | G27: =C27/C15-1 -> #VALUE! | H27: =D27/D15-1 -> #VALUE! | I27: =A27 -> 34001 | O27: 35462 | P27: {=IF(OR($O27<P$387,$O27>P$388),"",IFERROR(IF($O27=P$387,100,P26)*INDEX($B$2:$B$428,MATCH($O27,$A$2:$A$428,0))/INDEX($B$2:$B$428,MATCH($O27,$A$2:$A$428,0)-1),""))} -> 201.20959 | Q27: {=IF(OR($O27<Q$387,$O27>Q$388),"",IFERROR(IF($O27=Q$387,100,Q26)*INDEX($B$2:$B$428,MATCH($O27,$A$2:$A$428,0))/INDEX($B$2:$B$428,MATCH($O27,$A$2:$A$428,0)-1),""))} | R27: {=IF(OR($O27<R$387,$O27>R$388),"",IFERROR(IF($O27=R$387,100,R26)*INDEX($B$2:$B$428,MATCH($O27,$A$2:$A$428,0))/INDEX($B$2:$B$428,MATCH($O27,$A$2:$A$428,0)-1),""))} | S27: {=IF(OR($O27<S$387,$O27>S$388),"",IFERROR(IF($O27=S$387,100,S26)*INDEX($B$2:$B$428,MATCH($O27,$A$2:$A$428,0))/INDEX($B$2:$B$428,MATCH($O27,$A$2:$A$428,0)-1),""))} | T27: {=IF(OR($O27<T$387,$O27>T$388),"",IFERROR(IF($O27=T$387,100,T26)*INDEX($B$2:$B$428,MATCH($O27,$A$2:$A$428,0))/INDEX($B$2:$B$428,MATCH($O27,$A$2:$A$428,0)-1),""))} | U27: {=IF(OR($O27<U$387,$O27>U$388),"",IFERROR(IF($O27=U$387,100,U26)*INDEX($B$2:$B$428,MATCH($O27,$A$2:$A$428,0))/INDEX($B$2:$B$428,MATCH($O27,$A$2:$A$428,0)-1),""))} | V27: {=IF(OR($O27<V$387,$O27>V$388),"",IFERROR(IF($O27=V$387,100,V26)*INDEX($B$2:$B$428,MATCH($O27,$A$2:$A$428,0))/INDEX($B$2:$B$428,MATCH($O27,$A$2:$A$428,0)-1),""))} | W27: {=IF(OR($O27<W$387,$O27>W$388),"",IFERROR(IF($O27=W$387,100,W26)*INDEX($B$2:$B$428,MATCH($O27,$A$2:$A$428,0))/INDEX($B$2:$B$428,MATCH($O27,$A$2:$A$428,0)-1),""))} | X27: {=IF(OR($O27<X$387,$O27>X$388),"",IFERROR(IF($O27=X$387,100,X26)*INDEX($B$2:$B$428,MATCH($O27,$A$2:$A$428,0))/INDEX($B$2:$B$428,MATCH($O27,$A$2:$A$428,0)-1),""))} | AA27: {=IF(EDATE(AA$387,ROW()-2)>AA$388,"",IFERROR(IF(ROW()=2,100,AA26)*INDEX($D$2:$D$428,MATCH(EDATE(AA$387,ROW()-2),$A$2:$A$428,0))/INDEX($D$2:$D$428,MATCH(EDATE(AA$387,ROW()-2),$A$2:$A$428,0)-1),""))} -> 149.66216 | AB27: {=IF(EDATE(AB$387,ROW()-2)>AB$388,"",IFERROR(IF(ROW()=2,100,AB26)*INDEX($D$2:$D$428,MATCH(EDATE(AB$387,ROW()-2),$A$2:$A$428,0))/INDEX($D$2:$D$428,MATCH(EDATE(AB$387,ROW()-2),$A$2:$A$428,0)-1),""))} -> 119.35903 | AC27: {=IF(EDATE(AC$387,ROW()-2)>AC$388,"",IFERROR(IF(ROW()=2,100,AC26)*INDEX($D$2:$D$428,MATCH(EDATE(AC$387,ROW()-2),$A$2:$A$428,0))/INDEX($D$2:$D$428,MATCH(EDATE(AC$387,ROW()-2),$A$2:$A$428,0)-1),""))} -> 119.85223 | AD27: {=IF(EDATE(AD$387,ROW()-2)>AD$388,"",IFERROR(IF(ROW()=2,100,AD26)*INDEX($D$2:$D$428,MATCH(EDATE(AD$387,ROW()-2),$A$2:$A$428,0))/INDEX($D$2:$D$428,MATCH(EDATE(AD$387,ROW()-2),$A$2:$A$428,0)-1),""))} -> 119.53286 | AF27: {=IF(EDATE(AF$387,ROW()-2)>AF$388,"",IFERROR(IF(ROW()=2,100,AF26)*INDEX($D$2:$D$428,MATCH(EDATE(AF$387,ROW()-2),$A$2:$A$428,0))/INDEX($D$2:$D$428,MATCH(EDATE(AF$387,ROW()-2),$A$2:$A$428,0)-1),""))} -> 134.57149 | AG27: {=IF(EDATE(AG$387,ROW()-2)>AG$388,"",IFERROR(IF(ROW()=2,100,AG26)*INDEX($D$2:$D$428,MATCH(EDATE(AG$387,ROW()-2),$A$2:$A$428,0))/INDEX($D$2:$D$428,MATCH(EDATE(AG$387,ROW()-2),$A$2:$A$428,0)-1),""))} -> 126.46677 | AH27: {=IF(EDATE(AH$387,ROW()-2)>AH$388,"",IFERROR(IF(ROW()=2,100,AH26)*INDEX($D$2:$D$428,MATCH(EDATE(AH$387,ROW()-2),$A$2:$A$428,0))/INDEX($D$2:$D$428,MATCH(EDATE(AH$387,ROW()-2),$A$2:$A$428,0)-1),""))} -> 124.51161 | AJ27: 33635 | AK27: 85.2 | AL27: =D15/AK27 -> #VALUE! | AN27: =IF(EDATE(AN$387,ROW()-2)>AN$388,"",IFERROR((INDEX($AL$2:$AL$441,MATCH(EDATE(AN$387,ROW()-2),$AJ$2:$AJ$441,0))-INDEX($AL$2:$AL$441,MATCH(EDATE(AN$387,-1),$AJ$2:$AJ$441,0)))*100,"")) -> 11.671596 | AO27: =IF(EDATE(AO$387,ROW()-2)>AO$388,"",IFERROR((INDEX($AL$2:$AL$441,MATCH(EDATE(AO$387,ROW()-2),$AJ$2:$AJ$441,0))-INDEX($AL$2:$AL$441,MATCH(EDATE(AO$387,-1),$AJ$2:$AJ$441,0)))*100,"")) -> -8.3237343 | AP27: =IF(EDATE(AP$387,ROW()-2)>AP$388,"",IFERROR((INDEX($AL$2:$AL$441,MATCH(EDATE(AP$387,ROW()-2),$AJ$2:$AJ$441,0))-INDEX($AL$2:$AL$441,MATCH(EDATE(AP$387,-1),$AJ$2:$AJ$441,0)))*100,"")) -> -5.0424204 | AQ27: =IF(EDATE(AQ$387,ROW()-2)>AQ$388,"",IFERROR((INDEX($AL$2:$AL$441,MATCH(EDATE(AQ$387,ROW()-2),$AJ$2:$AJ$441,0))-INDEX($AL$2:$AL$441,MATCH(EDATE(AQ$387,-1),$AJ$2:$AJ$441,0)))*100,"")) -> -3.1300948 | AS27: =IF(EDATE(AS$387,ROW()-2)>AS$388,"",IFERROR((INDEX($AL$2:$AL$441,MATCH(EDATE(AS$387,ROW()-2),$AJ$2:$AJ$441,0))-INDEX($AL$2:$AL$441,MATCH(EDATE(AS$387,-1),$AJ$2:$AJ$441,0)))*100,"")) -> 14.368725 | AT27: =IF(EDATE(AT$387,ROW()-2)>AT$388,"",IFERROR((INDEX($AL$2:$AL$441,MATCH(EDATE(AT$387,ROW()-2),$AJ$2:$AJ$441,0))-INDEX($AL$2:$AL$441,MATCH(EDATE(AT$387,-1),$AJ$2:$AJ$441,0)))*100,"")) -> 11.949173 | AU27: =IF(EDATE(AU$387,ROW()-2)>AU$388,"",IFERROR((INDEX($AL$2:$AL$441,MATCH(EDATE(AU$387,ROW()-2),$AJ$2:$AJ$441,0))-INDEX($AL$2:$AL$441,MATCH(EDATE(AU$387,-1),$AJ$2:$AJ$441,0)))*100,"")) -> 4.3190281
A28: 34029 | B28: 445.32 | C28: - | D28: - | E28: =A28 -> 34029 | F28: =B28/B16-1 -> 11.480942 | G28: =C28/C16-1 -> #VALUE! | H28: =D28/D16-1 -> #VALUE! | I28: =A28 -> 34029 | O28: 35490 | P28: {=IF(OR($O28<P$387,$O28>P$388),"",IFERROR(IF($O28=P$387,100,P27)*INDEX($B$2:$B$428,MATCH($O28,$A$2:$A$428,0))/INDEX($B$2:$B$428,MATCH($O28,$A$2:$A$428,0)-1),""))} -> 202.16881 | Q28: {=IF(OR($O28<Q$387,$O28>Q$388),"",IFERROR(IF($O28=Q$387,100,Q27)*INDEX($B$2:$B$428,MATCH($O28,$A$2:$A$428,0))/INDEX($B$2:$B$428,MATCH($O28,$A$2:$A$428,0)-1),""))} | R28: {=IF(OR($O28<R$387,$O28>R$388),"",IFERROR(IF($O28=R$387,100,R27)*INDEX($B$2:$B$428,MATCH($O28,$A$2:$A$428,0))/INDEX($B$2:$B$428,MATCH($O28,$A$2:$A$428,0)-1),""))} | S28: {=IF(OR($O28<S$387,$O28>S$388),"",IFERROR(IF($O28=S$387,100,S27)*INDEX($B$2:$B$428,MATCH($O28,$A$2:$A$428,0))/INDEX($B$2:$B$428,MATCH($O28,$A$2:$A$428,0)-1),""))} | T28: {=IF(OR($O28<T$387,$O28>T$388),"",IFERROR(IF($O28=T$387,100,T27)*INDEX($B$2:$B$428,MATCH($O28,$A$2:$A$428,0))/INDEX($B$2:$B$428,MATCH($O28,$A$2:$A$428,0)-1),""))} | U28: {=IF(OR($O28<U$387,$O28>U$388),"",IFERROR(IF($O28=U$387,100,U27)*INDEX($B$2:$B$428,MATCH($O28,$A$2:$A$428,0))/INDEX($B$2:$B$428,MATCH($O28,$A$2:$A$428,0)-1),""))} | V28: {=IF(OR($O28<V$387,$O28>V$388),"",IFERROR(IF($O28=V$387,100,V27)*INDEX($B$2:$B$428,MATCH($O28,$A$2:$A$428,0))/INDEX($B$2:$B$428,MATCH($O28,$A$2:$A$428,0)-1),""))} | W28: {=IF(OR($O28<W$387,$O28>W$388),"",IFERROR(IF($O28=W$387,100,W27)*INDEX($B$2:$B$428,MATCH($O28,$A$2:$A$428,0))/INDEX($B$2:$B$428,MATCH($O28,$A$2:$A$428,0)-1),""))} | X28: {=IF(OR($O28<X$387,$O28>X$388),"",IFERROR(IF($O28=X$387,100,X27)*INDEX($B$2:$B$428,MATCH($O28,$A$2:$A$428,0))/INDEX($B$2:$B$428,MATCH($O28,$A$2:$A$428,0)-1),""))} | AA28: {=IF(EDATE(AA$387,ROW()-2)>AA$388,"",IFERROR(IF(ROW()=2,100,AA27)*INDEX($D$2:$D$428,MATCH(EDATE(AA$387,ROW()-2),$A$2:$A$428,0))/INDEX($D$2:$D$428,MATCH(EDATE(AA$387,ROW()-2),$A$2:$A$428,0)-1),""))} -> 153.99768 | AB28: {=IF(EDATE(AB$387,ROW()-2)>AB$388,"",IFERROR(IF(ROW()=2,100,AB27)*INDEX($D$2:$D$428,MATCH(EDATE(AB$387,ROW()-2),$A$2:$A$428,0))/INDEX($D$2:$D$428,MATCH(EDATE(AB$387,ROW()-2),$A$2:$A$428,0)-1),""))} -> 122.44833 | AC28: {=IF(EDATE(AC$387,ROW()-2)>AC$388,"",IFERROR(IF(ROW()=2,100,AC27)*INDEX($D$2:$D$428,MATCH(EDATE(AC$387,ROW()-2),$A$2:$A$428,0))/INDEX($D$2:$D$428,MATCH(EDATE(AC$387,ROW()-2),$A$2:$A$428,0)-1),""))} -> 121.98078 | AD28: {=IF(EDATE(AD$387,ROW()-2)>AD$388,"",IFERROR(IF(ROW()=2,100,AD27)*INDEX($D$2:$D$428,MATCH(EDATE(AD$387,ROW()-2),$A$2:$A$428,0))/INDEX($D$2:$D$428,MATCH(EDATE(AD$387,ROW()-2),$A$2:$A$428,0)-1),""))} -> 120.13431 | AF28: {=IF(EDATE(AF$387,ROW()-2)>AF$388,"",IFERROR(IF(ROW()=2,100,AF27)*INDEX($D$2:$D$428,MATCH(EDATE(AF$387,ROW()-2),$A$2:$A$428,0))/INDEX($D$2:$D$428,MATCH(EDATE(AF$387,ROW()-2),$A$2:$A$428,0)-1),""))} -> 133.83048 | AG28: {=IF(EDATE(AG$387,ROW()-2)>AG$388,"",IFERROR(IF(ROW()=2,100,AG27)*INDEX($D$2:$D$428,MATCH(EDATE(AG$387,ROW()-2),$A$2:$A$428,0))/INDEX($D$2:$D$428,MATCH(EDATE(AG$387,ROW()-2),$A$2:$A$428,0)-1),""))} -> 127.52272 | AH28: {=IF(EDATE(AH$387,ROW()-2)>AH$388,"",IFERROR(IF(ROW()=2,100,AH27)*INDEX($D$2:$D$428,MATCH(EDATE(AH$387,ROW()-2),$A$2:$A$428,0))/INDEX($D$2:$D$428,MATCH(EDATE(AH$387,ROW()-2),$A$2:$A$428,0)-1),""))} -> 125.00027 | AJ28: 33664 | AK28: 102.3 | AL28: =D16/AK28 -> #VALUE! | AN28: =IF(EDATE(AN$387,ROW()-2)>AN$388,"",IFERROR((INDEX($AL$2:$AL$441,MATCH(EDATE(AN$387,ROW()-2),$AJ$2:$AJ$441,0))-INDEX($AL$2:$AL$441,MATCH(EDATE(AN$387,-1),$AJ$2:$AJ$441,0)))*100,"")) -> 12.659273 | AO28: =IF(EDATE(AO$387,ROW()-2)>AO$388,"",IFERROR((INDEX($AL$2:$AL$441,MATCH(EDATE(AO$387,ROW()-2),$AJ$2:$AJ$441,0))-INDEX($AL$2:$AL$441,MATCH(EDATE(AO$387,-1),$AJ$2:$AJ$441,0)))*100,"")) -> -7.1715113 | AP28: =IF(EDATE(AP$387,ROW()-2)>AP$388,"",IFERROR((INDEX($AL$2:$AL$441,MATCH(EDATE(AP$387,ROW()-2),$AJ$2:$AJ$441,0))-INDEX($AL$2:$AL$441,MATCH(EDATE(AP$387,-1),$AJ$2:$AJ$441,0)))*100,"")) -> -4.3997986 | AQ28: =IF(EDATE(AQ$387,ROW()-2)>AQ$388,"",IFERROR((INDEX($AL$2:$AL$441,MATCH(EDATE(AQ$387,ROW()-2),$AJ$2:$AJ$441,0))-INDEX($AL$2:$AL$441,MATCH(EDATE(AQ$387,-1),$AJ$2:$AJ$441,0)))*100,"")) -> -3.277766 | AS28: =IF(EDATE(AS$387,ROW()-2)>AS$388,"",IFERROR((INDEX($AL$2:$AL$441,MATCH(EDATE(AS$387,ROW()-2),$AJ$2:$AJ$441,0))-INDEX($AL$2:$AL$441,MATCH(EDATE(AS$387,-1),$AJ$2:$AJ$441,0)))*100,"")) -> 13.35238 | AT28: =IF(EDATE(AT$387,ROW()-2)>AT$388,"",IFERROR((INDEX($AL$2:$AL$441,MATCH(EDATE(AT$387,ROW()-2),$AJ$2:$AJ$441,0))-INDEX($AL$2:$AL$441,MATCH(EDATE(AT$387,-1),$AJ$2:$AJ$441,0)))*100,"")) -> 11.095468 | AU28: =IF(EDATE(AU$387,ROW()-2)>AU$388,"",IFERROR((INDEX($AL$2:$AL$441,MATCH(EDATE(AU$387,ROW()-2),$AJ$2:$AJ$441,0))-INDEX($AL$2:$AL$441,MATCH(EDATE(AU$387,-1),$AJ$2:$AJ$441,0)))*100,"")) -> 3.907776
A29: 34060 | B29: 563.65 | C29: - | D29: - | E29: =A29 -> 34060 | F29: =B29/B17-1 -> 12.618024 | G29: =C29/C17-1 -> #VALUE! | H29: =D29/D17-1 -> #VALUE! | I29: =A29 -> 34060 | O29: 35521 | P29: {=IF(OR($O29<P$387,$O29>P$388),"",IFERROR(IF($O29=P$387,100,P28)*INDEX($B$2:$B$428,MATCH($O29,$A$2:$A$428,0))/INDEX($B$2:$B$428,MATCH($O29,$A$2:$A$428,0)-1),""))} -> 204.59861 | Q29: {=IF(OR($O29<Q$387,$O29>Q$388),"",IFERROR(IF($O29=Q$387,100,Q28)*INDEX($B$2:$B$428,MATCH($O29,$A$2:$A$428,0))/INDEX($B$2:$B$428,MATCH($O29,$A$2:$A$428,0)-1),""))} | R29: {=IF(OR($O29<R$387,$O29>R$388),"",IFERROR(IF($O29=R$387,100,R28)*INDEX($B$2:$B$428,MATCH($O29,$A$2:$A$428,0))/INDEX($B$2:$B$428,MATCH($O29,$A$2:$A$428,0)-1),""))} | S29: {=IF(OR($O29<S$387,$O29>S$388),"",IFERROR(IF($O29=S$387,100,S28)*INDEX($B$2:$B$428,MATCH($O29,$A$2:$A$428,0))/INDEX($B$2:$B$428,MATCH($O29,$A$2:$A$428,0)-1),""))} | T29: {=IF(OR($O29<T$387,$O29>T$388),"",IFERROR(IF($O29=T$387,100,T28)*INDEX($B$2:$B$428,MATCH($O29,$A$2:$A$428,0))/INDEX($B$2:$B$428,MATCH($O29,$A$2:$A$428,0)-1),""))} | U29: {=IF(OR($O29<U$387,$O29>U$388),"",IFERROR(IF($O29=U$387,100,U28)*INDEX($B$2:$B$428,MATCH($O29,$A$2:$A$428,0))/INDEX($B$2:$B$428,MATCH($O29,$A$2:$A$428,0)-1),""))} | V29: {=IF(OR($O29<V$387,$O29>V$388),"",IFERROR(IF($O29=V$387,100,V28)*INDEX($B$2:$B$428,MATCH($O29,$A$2:$A$428,0))/INDEX($B$2:$B$428,MATCH($O29,$A$2:$A$428,0)-1),""))} | W29: {=IF(OR($O29<W$387,$O29>W$388),"",IFERROR(IF($O29=W$387,100,W28)*INDEX($B$2:$B$428,MATCH($O29,$A$2:$A$428,0))/INDEX($B$2:$B$428,MATCH($O29,$A$2:$A$428,0)-1),""))} | X29: {=IF(OR($O29<X$387,$O29>X$388),"",IFERROR(IF($O29=X$387,100,X28)*INDEX($B$2:$B$428,MATCH($O29,$A$2:$A$428,0))/INDEX($B$2:$B$428,MATCH($O29,$A$2:$A$428,0)-1),""))} | AA29: {=IF(EDATE(AA$387,ROW()-2)>AA$388,"",IFERROR(IF(ROW()=2,100,AA28)*INDEX($D$2:$D$428,MATCH(EDATE(AA$387,ROW()-2),$A$2:$A$428,0))/INDEX($D$2:$D$428,MATCH(EDATE(AA$387,ROW()-2),$A$2:$A$428,0)-1),""))} -> 155.71215 | AB29: {=IF(EDATE(AB$387,ROW()-2)>AB$388,"",IFERROR(IF(ROW()=2,100,AB28)*INDEX($D$2:$D$428,MATCH(EDATE(AB$387,ROW()-2),$A$2:$A$428,0))/INDEX($D$2:$D$428,MATCH(EDATE(AB$387,ROW()-2),$A$2:$A$428,0)-1),""))} -> 121.29368 | AC29: {=IF(EDATE(AC$387,ROW()-2)>AC$388,"",IFERROR(IF(ROW()=2,100,AC28)*INDEX($D$2:$D$428,MATCH(EDATE(AC$387,ROW()-2),$A$2:$A$428,0))/INDEX($D$2:$D$428,MATCH(EDATE(AC$387,ROW()-2),$A$2:$A$428,0)-1),""))} -> 120.47034 | AD29: {=IF(EDATE(AD$387,ROW()-2)>AD$388,"",IFERROR(IF(ROW()=2,100,AD28)*INDEX($D$2:$D$428,MATCH(EDATE(AD$387,ROW()-2),$A$2:$A$428,0))/INDEX($D$2:$D$428,MATCH(EDATE(AD$387,ROW()-2),$A$2:$A$428,0)-1),""))} -> 120.34242 | AF29: {=IF(EDATE(AF$387,ROW()-2)>AF$388,"",IFERROR(IF(ROW()=2,100,AF28)*INDEX($D$2:$D$428,MATCH(EDATE(AF$387,ROW()-2),$A$2:$A$428,0))/INDEX($D$2:$D$428,MATCH(EDATE(AF$387,ROW()-2),$A$2:$A$428,0)-1),""))} -> 134.8808 | AG29: {=IF(EDATE(AG$387,ROW()-2)>AG$388,"",IFERROR(IF(ROW()=2,100,AG28)*INDEX($D$2:$D$428,MATCH(EDATE(AG$387,ROW()-2),$A$2:$A$428,0))/INDEX($D$2:$D$428,MATCH(EDATE(AG$387,ROW()-2),$A$2:$A$428,0)-1),""))} -> 125.1076 | AH29: {=IF(EDATE(AH$387,ROW()-2)>AH$388,"",IFERROR(IF(ROW()=2,100,AH28)*INDEX($D$2:$D$428,MATCH(EDATE(AH$387,ROW()-2),$A$2:$A$428,0))/INDEX($D$2:$D$428,MATCH(EDATE(AH$387,ROW()-2),$A$2:$A$428,0)-1),""))} -> 126.46536 | AJ29: 33695 | AK29: 122.8 | AL29: =D17/AK29 -> #VALUE! | AN29: =IF(EDATE(AN$387,ROW()-2)>AN$388,"",IFERROR((INDEX($AL$2:$AL$441,MATCH(EDATE(AN$387,ROW()-2),$AJ$2:$AJ$441,0))-INDEX($AL$2:$AL$441,MATCH(EDATE(AN$387,-1),$AJ$2:$AJ$441,0)))*100,"")) -> 12.535371 | AO29: =IF(EDATE(AO$387,ROW()-2)>AO$388,"",IFERROR((INDEX($AL$2:$AL$441,MATCH(EDATE(AO$387,ROW()-2),$AJ$2:$AJ$441,0))-INDEX($AL$2:$AL$441,MATCH(EDATE(AO$387,-1),$AJ$2:$AJ$441,0)))*100,"")) -> -8.4534057 | AP29: =IF(EDATE(AP$387,ROW()-2)>AP$388,"",IFERROR((INDEX($AL$2:$AL$441,MATCH(EDATE(AP$387,ROW()-2),$AJ$2:$AJ$441,0))-INDEX($AL$2:$AL$441,MATCH(EDATE(AP$387,-1),$AJ$2:$AJ$441,0)))*100,"")) -> -5.3376377 | AQ29: =IF(EDATE(AQ$387,ROW()-2)>AQ$388,"",IFERROR((INDEX($AL$2:$AL$441,MATCH(EDATE(AQ$387,ROW()-2),$AJ$2:$AJ$441,0))-INDEX($AL$2:$AL$441,MATCH(EDATE(AQ$387,-1),$AJ$2:$AJ$441,0)))*100,"")) -> -3.8955948 | AS29: =IF(EDATE(AS$387,ROW()-2)>AS$388,"",IFERROR((INDEX($AL$2:$AL$441,MATCH(EDATE(AS$387,ROW()-2),$AJ$2:$AJ$441,0))-INDEX($AL$2:$AL$441,MATCH(EDATE(AS$387,-1),$AJ$2:$AJ$441,0)))*100,"")) -> 13.482641 | AT29: =IF(EDATE(AT$387,ROW()-2)>AT$388,"",IFERROR((INDEX($AL$2:$AL$441,MATCH(EDATE(AT$387,ROW()-2),$AJ$2:$AJ$441,0))-INDEX($AL$2:$AL$441,MATCH(EDATE(AT$387,-1),$AJ$2:$AJ$441,0)))*100,"")) -> 7.3019037 | AU29: =IF(EDATE(AU$387,ROW()-2)>AU$388,"",IFERROR((INDEX($AL$2:$AL$441,MATCH(EDATE(AU$387,ROW()-2),$AJ$2:$AJ$441,0))-INDEX($AL$2:$AL$441,MATCH(EDATE(AU$387,-1),$AJ$2:$AJ$441,0)))*100,"")) -> 4.2417978
... A33: 34182 | B33: 1581.05 | C33: - | D33: - | E33: =A33 -> 34182 | F33: =B33/B21-1 -> 16.883158 | G33: =C33/C21-1 -> #VALUE! | H33: =D33/D21-1 -> #VALUE! | I33: =A33 -> 34182 | O33: 35643 | P33: {=IF(OR($O33<P$387,$O33>P$388),"",IFERROR(IF($O33=P$387,100,P32)*INDEX($B$2:$B$428,MATCH($O33,$A$2:$A$428,0))/INDEX($B$2:$B$428,MATCH($O33,$A$2:$A$428,0)-1),""))} -> 200.88017 | Q33: {=IF(OR($O33<Q$387,$O33>Q$388),"",IFERROR(IF($O33=Q$387,100,Q32)*INDEX($B$2:$B$428,MATCH($O33,$A$2:$A$428,0))/INDEX($B$2:$B$428,MATCH($O33,$A$2:$A$428,0)-1),""))} | R33: {=IF(OR($O33<R$387,$O33>R$388),"",IFERROR(IF($O33=R$387,100,R32)*INDEX($B$2:$B$428,MATCH($O33,$A$2:$A$428,0))/INDEX($B$2:$B$428,MATCH($O33,$A$2:$A$428,0)-1),""))} | S33: {=IF(OR($O33<S$387,$O33>S$388),"",IFERROR(IF($O33=S$387,100,S32)*INDEX($B$2:$B$428,MATCH($O33,$A$2:$A$428,0))/INDEX($B$2:$B$428,MATCH($O33,$A$2:$A$428,0)-1),""))} | T33: {=IF(OR($O33<T$387,$O33>T$388),"",IFERROR(IF($O33=T$387,100,T32)*INDEX($B$2:$B$428,MATCH($O33,$A$2:$A$428,0))/INDEX($B$2:$B$428,MATCH($O33,$A$2:$A$428,0)-1),""))} | U33: {=IF(OR($O33<U$387,$O33>U$388),"",IFERROR(IF($O33=U$387,100,U32)*INDEX($B$2:$B$428,MATCH($O33,$A$2:$A$428,0))/INDEX($B$2:$B$428,MATCH($O33,$A$2:$A$428,0)-1),""))} | V33: {=IF(OR($O33<V$387,$O33>V$388),"",IFERROR(IF($O33=V$387,100,V32)*INDEX($B$2:$B$428,MATCH($O33,$A$2:$A$428,0))/INDEX($B$2:$B$428,MATCH($O33,$A$2:$A$428,0)-1),""))} | W33: {=IF(OR($O33<W$387,$O33>W$388),"",IFERROR(IF($O33=W$387,100,W32)*INDEX($B$2:$B$428,MATCH($O33,$A$2:$A$428,0))/INDEX($B$2:$B$428,MATCH($O33,$A$2:$A$428,0)-1),""))} | X33: {=IF(OR($O33<X$387,$O33>X$388),"",IFERROR(IF($O33=X$387,100,X32)*INDEX($B$2:$B$428,MATCH($O33,$A$2:$A$428,0))/INDEX($B$2:$B$428,MATCH($O33,$A$2:$A$428,0)-1),""))} | AA33: {=IF(EDATE(AA$387,ROW()-2)>AA$388,"",IFERROR(IF(ROW()=2,100,AA32)*INDEX($D$2:$D$428,MATCH(EDATE(AA$387,ROW()-2),$A$2:$A$428,0))/INDEX($D$2:$D$428,MATCH(EDATE(AA$387,ROW()-2),$A$2:$A$428,0)-1),""))} -> 167.37896 | AB33: {=IF(EDATE(AB$387,ROW()-2)>AB$388,"",IFERROR(IF(ROW()=2,100,AB32)*INDEX($D$2:$D$428,MATCH(EDATE(AB$387,ROW()-2),$A$2:$A$428,0))/INDEX($D$2:$D$428,MATCH(EDATE(AB$387,ROW()-2),$A$2:$A$428,0)-1),""))} -> 124.64209 | AC33: {=IF(EDATE(AC$387,ROW()-2)>AC$388,"",IFERROR(IF(ROW()=2,100,AC32)*INDEX($D$2:$D$428,MATCH(EDATE(AC$387,ROW()-2),$A$2:$A$428,0))/INDEX($D$2:$D$428,MATCH(EDATE(AC$387,ROW()-2),$A$2:$A$428,0)-1),""))} -> 129.9498 | AD33: {=IF(EDATE(AD$387,ROW()-2)>AD$388,"",IFERROR(IF(ROW()=2,100,AD32)*INDEX($D$2:$D$428,MATCH(EDATE(AD$387,ROW()-2),$A$2:$A$428,0))/INDEX($D$2:$D$428,MATCH(EDATE(AD$387,ROW()-2),$A$2:$A$428,0)-1),""))} -> 122.9444 | AF33: {=IF(EDATE(AF$387,ROW()-2)>AF$388,"",IFERROR(IF(ROW()=2,100,AF32)*INDEX($D$2:$D$428,MATCH(EDATE(AF$387,ROW()-2),$A$2:$A$428,0))/INDEX($D$2:$D$428,MATCH(EDATE(AF$387,ROW()-2),$A$2:$A$428,0)-1),""))} -> 137.99183 | AG33: {=IF(EDATE(AG$387,ROW()-2)>AG$388,"",IFERROR(IF(ROW()=2,100,AG32)*INDEX($D$2:$D$428,MATCH(EDATE(AG$387,ROW()-2),$A$2:$A$428,0))/INDEX($D$2:$D$428,MATCH(EDATE(AG$387,ROW()-2),$A$2:$A$428,0)-1),""))} -> 131.46633 | AH33: {=IF(EDATE(AH$387,ROW()-2)>AH$388,"",IFERROR(IF(ROW()=2,100,AH32)*INDEX($D$2:$D$428,MATCH(EDATE(AH$387,ROW()-2),$A$2:$A$428,0))/INDEX($D$2:$D$428,MATCH(EDATE(AH$387,ROW()-2),$A$2:$A$428,0)-1),""))} -> 133.56218 | AJ33: 33817 | AK33: 275.7 | AL33: =D21/AK33 -> #VALUE! | AN33: =IF(EDATE(AN$387,ROW()-2)>AN$388,"",IFERROR((INDEX($AL$2:$AL$441,MATCH(EDATE(AN$387,ROW()-2),$AJ$2:$AJ$441,0))-INDEX($AL$2:$AL$441,MATCH(EDATE(AN$387,-1),$AJ$2:$AJ$441,0)))*100,"")) -> 15.676926 | AO33: =IF(EDATE(AO$387,ROW()-2)>AO$388,"",IFERROR((INDEX($AL$2:$AL$441,MATCH(EDATE(AO$387,ROW()-2),$AJ$2:$AJ$441,0))-INDEX($AL$2:$AL$441,MATCH(EDATE(AO$387,-1),$AJ$2:$AJ$441,0)))*100,"")) -> -8.8072785 | AP33: =IF(EDATE(AP$387,ROW()-2)>AP$388,"",IFERROR((INDEX($AL$2:$AL$441,MATCH(EDATE(AP$387,ROW()-2),$AJ$2:$AJ$441,0))-INDEX($AL$2:$AL$441,MATCH(EDATE(AP$387,-1),$AJ$2:$AJ$441,0)))*100,"")) -> -1.6286957 | AQ33: =IF(EDATE(AQ$387,ROW()-2)>AQ$388,"",IFERROR((INDEX($AL$2:$AL$441,MATCH(EDATE(AQ$387,ROW()-2),$AJ$2:$AJ$441,0))-INDEX($AL$2:$AL$441,MATCH(EDATE(AQ$387,-1),$AJ$2:$AJ$441,0)))*100,"")) -> -4.4598405 | AS33: =IF(EDATE(AS$387,ROW()-2)>AS$388,"",IFERROR((INDEX($AL$2:$AL$441,MATCH(EDATE(AS$387,ROW()-2),$AJ$2:$AJ$441,0))-INDEX($AL$2:$AL$441,MATCH(EDATE(AS$387,-1),$AJ$2:$AJ$441,0)))*100,"")) -> 13.803057 | AT33: =IF(EDATE(AT$387,ROW()-2)>AT$388,"",IFERROR((INDEX($AL$2:$AL$441,MATCH(EDATE(AT$387,ROW()-2),$AJ$2:$AJ$441,0))-INDEX($AL$2:$AL$441,MATCH(EDATE(AT$387,-1),$AJ$2:$AJ$441,0)))*100,"")) -> 5.9862485 | AU33: =IF(EDATE(AU$387,ROW()-2)>AU$388,"",IFERROR((INDEX($AL$2:$AL$441,MATCH(EDATE(AU$387,ROW()-2),$AJ$2:$AJ$441,0))-INDEX($AL$2:$AL$441,MATCH(EDATE(AU$387,-1),$AJ$2:$AJ$441,0)))*100,"")) -> 6.8805987
A34: 34213 | B34: 2090.98 | C34: - | D34: - | E34: =A34 -> 34213 | F34: =B34/B22-1 -> 17.704535 | G34: =C34/C22-1 -> #VALUE! | H34: =D34/D22-1 -> #VALUE! | I34: =A34 -> 34213 | O34: 35674 | P34: {=IF(OR($O34<P$387,$O34>P$388),"",IFERROR(IF($O34=P$387,100,P33)*INDEX($B$2:$B$428,MATCH($O34,$A$2:$A$428,0))/INDEX($B$2:$B$428,MATCH($O34,$A$2:$A$428,0)-1),""))} -> 217.48817 | Q34: {=IF(OR($O34<Q$387,$O34>Q$388),"",IFERROR(IF($O34=Q$387,100,Q33)*INDEX($B$2:$B$428,MATCH($O34,$A$2:$A$428,0))/INDEX($B$2:$B$428,MATCH($O34,$A$2:$A$428,0)-1),""))} | R34: {=IF(OR($O34<R$387,$O34>R$388),"",IFERROR(IF($O34=R$387,100,R33)*INDEX($B$2:$B$428,MATCH($O34,$A$2:$A$428,0))/INDEX($B$2:$B$428,MATCH($O34,$A$2:$A$428,0)-1),""))} | S34: {=IF(OR($O34<S$387,$O34>S$388),"",IFERROR(IF($O34=S$387,100,S33)*INDEX($B$2:$B$428,MATCH($O34,$A$2:$A$428,0))/INDEX($B$2:$B$428,MATCH($O34,$A$2:$A$428,0)-1),""))} | T34: {=IF(OR($O34<T$387,$O34>T$388),"",IFERROR(IF($O34=T$387,100,T33)*INDEX($B$2:$B$428,MATCH($O34,$A$2:$A$428,0))/INDEX($B$2:$B$428,MATCH($O34,$A$2:$A$428,0)-1),""))} | U34: {=IF(OR($O34<U$387,$O34>U$388),"",IFERROR(IF($O34=U$387,100,U33)*INDEX($B$2:$B$428,MATCH($O34,$A$2:$A$428,0))/INDEX($B$2:$B$428,MATCH($O34,$A$2:$A$428,0)-1),""))} | V34: {=IF(OR($O34<V$387,$O34>V$388),"",IFERROR(IF($O34=V$387,100,V33)*INDEX($B$2:$B$428,MATCH($O34,$A$2:$A$428,0))/INDEX($B$2:$B$428,MATCH($O34,$A$2:$A$428,0)-1),""))} | W34: {=IF(OR($O34<W$387,$O34>W$388),"",IFERROR(IF($O34=W$387,100,W33)*INDEX($B$2:$B$428,MATCH($O34,$A$2:$A$428,0))/INDEX($B$2:$B$428,MATCH($O34,$A$2:$A$428,0)-1),""))} | X34: {=IF(OR($O34<X$387,$O34>X$388),"",IFERROR(IF($O34=X$387,100,X33)*INDEX($B$2:$B$428,MATCH($O34,$A$2:$A$428,0))/INDEX($B$2:$B$428,MATCH($O34,$A$2:$A$428,0)-1),""))} | AA34: {=IF(EDATE(AA$387,ROW()-2)>AA$388,"",IFERROR(IF(ROW()=2,100,AA33)*INDEX($D$2:$D$428,MATCH(EDATE(AA$387,ROW()-2),$A$2:$A$428,0))/INDEX($D$2:$D$428,MATCH(EDATE(AA$387,ROW()-2),$A$2:$A$428,0)-1),""))} -> 172.63442 | AB34: {=IF(EDATE(AB$387,ROW()-2)>AB$388,"",IFERROR(IF(ROW()=2,100,AB33)*INDEX($D$2:$D$428,MATCH(EDATE(AB$387,ROW()-2),$A$2:$A$428,0))/INDEX($D$2:$D$428,MATCH(EDATE(AB$387,ROW()-2),$A$2:$A$428,0)-1),""))} -> 125.5488 | AC34: {=IF(EDATE(AC$387,ROW()-2)>AC$388,"",IFERROR(IF(ROW()=2,100,AC33)*INDEX($D$2:$D$428,MATCH(EDATE(AC$387,ROW()-2),$A$2:$A$428,0))/INDEX($D$2:$D$428,MATCH(EDATE(AC$387,ROW()-2),$A$2:$A$428,0)-1),""))} -> 130.89376 | AD34: {=IF(EDATE(AD$387,ROW()-2)>AD$388,"",IFERROR(IF(ROW()=2,100,AD33)*INDEX($D$2:$D$428,MATCH(EDATE(AD$387,ROW()-2),$A$2:$A$428,0))/INDEX($D$2:$D$428,MATCH(EDATE(AD$387,ROW()-2),$A$2:$A$428,0)-1),""))} -> 123.52388 | AG34: {=IF(EDATE(AG$387,ROW()-2)>AG$388,"",IFERROR(IF(ROW()=2,100,AG33)*INDEX($D$2:$D$428,MATCH(EDATE(AG$387,ROW()-2),$A$2:$A$428,0))/INDEX($D$2:$D$428,MATCH(EDATE(AG$387,ROW()-2),$A$2:$A$428,0)-1),""))} -> 131.10132 | AH34: {=IF(EDATE(AH$387,ROW()-2)>AH$388,"",IFERROR(IF(ROW()=2,100,AH33)*INDEX($D$2:$D$428,MATCH(EDATE(AH$387,ROW()-2),$A$2:$A$428,0))/INDEX($D$2:$D$428,MATCH(EDATE(AH$387,ROW()-2),$A$2:$A$428,0)-1),""))} -> 133.48537 | AJ34: 33848 | AK34: 341 | AL34: =D22/AK34 -> #VALUE! | AN34: =IF(EDATE(AN$387,ROW()-2)>AN$388,"",IFERROR((INDEX($AL$2:$AL$441,MATCH(EDATE(AN$387,ROW()-2),$AJ$2:$AJ$441,0))-INDEX($AL$2:$AL$441,MATCH(EDATE(AN$387,-1),$AJ$2:$AJ$441,0)))*100,"")) -> 17.312577 | AO34: =IF(EDATE(AO$387,ROW()-2)>AO$388,"",IFERROR((INDEX($AL$2:$AL$441,MATCH(EDATE(AO$387,ROW()-2),$AJ$2:$AJ$441,0))-INDEX($AL$2:$AL$441,MATCH(EDATE(AO$387,-1),$AJ$2:$AJ$441,0)))*100,"")) -> -8.8149106 | AP34: =IF(EDATE(AP$387,ROW()-2)>AP$388,"",IFERROR((INDEX($AL$2:$AL$441,MATCH(EDATE(AP$387,ROW()-2),$AJ$2:$AJ$441,0))-INDEX($AL$2:$AL$441,MATCH(EDATE(AP$387,-1),$AJ$2:$AJ$441,0)))*100,"")) -> -1.4877812 | AQ34: =IF(EDATE(AQ$387,ROW()-2)>AQ$388,"",IFERROR((INDEX($AL$2:$AL$441,MATCH(EDATE(AQ$387,ROW()-2),$AJ$2:$AJ$441,0))-INDEX($AL$2:$AL$441,MATCH(EDATE(AQ$387,-1),$AJ$2:$AJ$441,0)))*100,"")) -> -4.6925599 | AT34: =IF(EDATE(AT$387,ROW()-2)>AT$388,"",IFERROR((INDEX($AL$2:$AL$441,MATCH(EDATE(AT$387,ROW()-2),$AJ$2:$AJ$441,0))-INDEX($AL$2:$AL$441,MATCH(EDATE(AT$387,-1),$AJ$2:$AJ$441,0)))*100,"")) -> 4.5416065 | AU34: =IF(EDATE(AU$387,ROW()-2)>AU$388,"",IFERROR((INDEX($AL$2:$AL$441,MATCH(EDATE(AU$387,ROW()-2),$AJ$2:$AJ$441,0))-INDEX($AL$2:$AL$441,MATCH(EDATE(AU$387,-1),$AJ$2:$AJ$441,0)))*100,"")) -> 6.2354817
A35: 34243 | B35: 2783.05 | C35: - | D35: - | E35: =A35 -> 34243 | F35: =B35/B23-1 -> 18.764576 | G35: =C35/C23-1 -> #VALUE! | H35: =D35/D23-1 -> #VALUE! | I35: =A35 -> 34243 | O35: 35704 | P35: {=IF(OR($O35<P$387,$O35>P$388),"",IFERROR(IF($O35=P$387,100,P34)*INDEX($B$2:$B$428,MATCH($O35,$A$2:$A$428,0))/INDEX($B$2:$B$428,MATCH($O35,$A$2:$A$428,0)-1),""))} -> 226.91889 | Q35: {=IF(OR($O35<Q$387,$O35>Q$388),"",IFERROR(IF($O35=Q$387,100,Q34)*INDEX($B$2:$B$428,MATCH($O35,$A$2:$A$428,0))/INDEX($B$2:$B$428,MATCH($O35,$A$2:$A$428,0)-1),""))} | R35: {=IF(OR($O35<R$387,$O35>R$388),"",IFERROR(IF($O35=R$387,100,R34)*INDEX($B$2:$B$428,MATCH($O35,$A$2:$A$428,0))/INDEX($B$2:$B$428,MATCH($O35,$A$2:$A$428,0)-1),""))} | S35: {=IF(OR($O35<S$387,$O35>S$388),"",IFERROR(IF($O35=S$387,100,S34)*INDEX($B$2:$B$428,MATCH($O35,$A$2:$A$428,0))/INDEX($B$2:$B$428,MATCH($O35,$A$2:$A$428,0)-1),""))} | T35: {=IF(OR($O35<T$387,$O35>T$388),"",IFERROR(IF($O35=T$387,100,T34)*INDEX($B$2:$B$428,MATCH($O35,$A$2:$A$428,0))/INDEX($B$2:$B$428,MATCH($O35,$A$2:$A$428,0)-1),""))} | U35: {=IF(OR($O35<U$387,$O35>U$388),"",IFERROR(IF($O35=U$387,100,U34)*INDEX($B$2:$B$428,MATCH($O35,$A$2:$A$428,0))/INDEX($B$2:$B$428,MATCH($O35,$A$2:$A$428,0)-1),""))} | V35: {=IF(OR($O35<V$387,$O35>V$388),"",IFERROR(IF($O35=V$387,100,V34)*INDEX($B$2:$B$428,MATCH($O35,$A$2:$A$428,0))/INDEX($B$2:$B$428,MATCH($O35,$A$2:$A$428,0)-1),""))} | W35: {=IF(OR($O35<W$387,$O35>W$388),"",IFERROR(IF($O35=W$387,100,W34)*INDEX($B$2:$B$428,MATCH($O35,$A$2:$A$428,0))/INDEX($B$2:$B$428,MATCH($O35,$A$2:$A$428,0)-1),""))} | X35: {=IF(OR($O35<X$387,$O35>X$388),"",IFERROR(IF($O35=X$387,100,X34)*INDEX($B$2:$B$428,MATCH($O35,$A$2:$A$428,0))/INDEX($B$2:$B$428,MATCH($O35,$A$2:$A$428,0)-1),""))} | AA35: {=IF(EDATE(AA$387,ROW()-2)>AA$388,"",IFERROR(IF(ROW()=2,100,AA34)*INDEX($D$2:$D$428,MATCH(EDATE(AA$387,ROW()-2),$A$2:$A$428,0))/INDEX($D$2:$D$428,MATCH(EDATE(AA$387,ROW()-2),$A$2:$A$428,0)-1),""))} -> 177.82953 | AB35: {=IF(EDATE(AB$387,ROW()-2)>AB$388,"",IFERROR(IF(ROW()=2,100,AB34)*INDEX($D$2:$D$428,MATCH(EDATE(AB$387,ROW()-2),$A$2:$A$428,0))/INDEX($D$2:$D$428,MATCH(EDATE(AB$387,ROW()-2),$A$2:$A$428,0)-1),""))} -> 125.90021 | AC35: {=IF(EDATE(AC$387,ROW()-2)>AC$388,"",IFERROR(IF(ROW()=2,100,AC34)*INDEX($D$2:$D$428,MATCH(EDATE(AC$387,ROW()-2),$A$2:$A$428,0))/INDEX($D$2:$D$428,MATCH(EDATE(AC$387,ROW()-2),$A$2:$A$428,0)-1),""))} -> 130.98025 | AD35: {=IF(EDATE(AD$387,ROW()-2)>AD$388,"",IFERROR(IF(ROW()=2,100,AD34)*INDEX($D$2:$D$428,MATCH(EDATE(AD$387,ROW()-2),$A$2:$A$428,0))/INDEX($D$2:$D$428,MATCH(EDATE(AD$387,ROW()-2),$A$2:$A$428,0)-1),""))} -> 125.32645 | AG35: {=IF(EDATE(AG$387,ROW()-2)>AG$388,"",IFERROR(IF(ROW()=2,100,AG34)*INDEX($D$2:$D$428,MATCH(EDATE(AG$387,ROW()-2),$A$2:$A$428,0))/INDEX($D$2:$D$428,MATCH(EDATE(AG$387,ROW()-2),$A$2:$A$428,0)-1),""))} -> 130.43582 | AH35: {=IF(EDATE(AH$387,ROW()-2)>AH$388,"",IFERROR(IF(ROW()=2,100,AH34)*INDEX($D$2:$D$428,MATCH(EDATE(AH$387,ROW()-2),$A$2:$A$428,0))/INDEX($D$2:$D$428,MATCH(EDATE(AH$387,ROW()-2),$A$2:$A$428,0)-1),""))} -> 134.92026 | AJ35: 33878 | AK35: 422.5 | AL35: =D23/AK35 -> #VALUE! | AN35: =IF(EDATE(AN$387,ROW()-2)>AN$388,"",IFERROR((INDEX($AL$2:$AL$441,MATCH(EDATE(AN$387,ROW()-2),$AJ$2:$AJ$441,0))-INDEX($AL$2:$AL$441,MATCH(EDATE(AN$387,-1),$AJ$2:$AJ$441,0)))*100,"")) -> 18.860951 | AO35: =IF(EDATE(AO$387,ROW()-2)>AO$388,"",IFERROR((INDEX($AL$2:$AL$441,MATCH(EDATE(AO$387,ROW()-2),$AJ$2:$AJ$441,0))-INDEX($AL$2:$AL$441,MATCH(EDATE(AO$387,-1),$AJ$2:$AJ$441,0)))*100,"")) -> -9.2137031 | AP35: =IF(EDATE(AP$387,ROW()-2)>AP$388,"",IFERROR((INDEX($AL$2:$AL$441,MATCH(EDATE(AP$387,ROW()-2),$AJ$2:$AJ$441,0))-INDEX($AL$2:$AL$441,MATCH(EDATE(AP$387,-1),$AJ$2:$AJ$441,0)))*100,"")) -> -1.9165154 | AQ35: =IF(EDATE(AQ$387,ROW()-2)>AQ$388,"",IFERROR((INDEX($AL$2:$AL$441,MATCH(EDATE(AQ$387,ROW()-2),$AJ$2:$AJ$441,0))-INDEX($AL$2:$AL$441,MATCH(EDATE(AQ$387,-1),$AJ$2:$AJ$441,0)))*100,"")) -> -4.3460018 | AT35: =IF(EDATE(AT$387,ROW()-2)>AT$388,"",IFERROR((INDEX($AL$2:$AL$441,MATCH(EDATE(AT$387,ROW()-2),$AJ$2:$AJ$441,0))-INDEX($AL$2:$AL$441,MATCH(EDATE(AT$387,-1),$AJ$2:$AJ$441,0)))*100,"")) -> 3.0955841 | AU35: =IF(EDATE(AU$387,ROW()-2)>AU$388,"",IFERROR((INDEX($AL$2:$AL$441,MATCH(EDATE(AU$387,ROW()-2),$AJ$2:$AJ$441,0))-INDEX($AL$2:$AL$441,MATCH(EDATE(AU$387,-1),$AJ$2:$AJ$441,0)))*100,"")) -> 6.7369488
A36: 34274 | B36: 3690.82 | C36: - | D36: - | E36: =A36 -> 34274 | F36: =B36/B24-1 -> 20.746524 | G36: =C36/C24-1 -> #VALUE! | H36: =D36/D24-1 -> #VALUE! | I36: =A36 -> 34274 | O36: 35735 | P36: {=IF(OR($O36<P$387,$O36>P$388),"",IFERROR(IF($O36=P$387,100,P35)*INDEX($B$2:$B$428,MATCH($O36,$A$2:$A$428,0))/INDEX($B$2:$B$428,MATCH($O36,$A$2:$A$428,0)-1),""))} -> 233.79815 | Q36: {=IF(OR($O36<Q$387,$O36>Q$388),"",IFERROR(IF($O36=Q$387,100,Q35)*INDEX($B$2:$B$428,MATCH($O36,$A$2:$A$428,0))/INDEX($B$2:$B$428,MATCH($O36,$A$2:$A$428,0)-1),""))} | R36: {=IF(OR($O36<R$387,$O36>R$388),"",IFERROR(IF($O36=R$387,100,R35)*INDEX($B$2:$B$428,MATCH($O36,$A$2:$A$428,0))/INDEX($B$2:$B$428,MATCH($O36,$A$2:$A$428,0)-1),""))} | S36: {=IF(OR($O36<S$387,$O36>S$388),"",IFERROR(IF($O36=S$387,100,S35)*INDEX($B$2:$B$428,MATCH($O36,$A$2:$A$428,0))/INDEX($B$2:$B$428,MATCH($O36,$A$2:$A$428,0)-1),""))} | T36: {=IF(OR($O36<T$387,$O36>T$388),"",IFERROR(IF($O36=T$387,100,T35)*INDEX($B$2:$B$428,MATCH($O36,$A$2:$A$428,0))/INDEX($B$2:$B$428,MATCH($O36,$A$2:$A$428,0)-1),""))} | U36: {=IF(OR($O36<U$387,$O36>U$388),"",IFERROR(IF($O36=U$387,100,U35)*INDEX($B$2:$B$428,MATCH($O36,$A$2:$A$428,0))/INDEX($B$2:$B$428,MATCH($O36,$A$2:$A$428,0)-1),""))} | V36: {=IF(OR($O36<V$387,$O36>V$388),"",IFERROR(IF($O36=V$387,100,V35)*INDEX($B$2:$B$428,MATCH($O36,$A$2:$A$428,0))/INDEX($B$2:$B$428,MATCH($O36,$A$2:$A$428,0)-1),""))} | W36: {=IF(OR($O36<W$387,$O36>W$388),"",IFERROR(IF($O36=W$387,100,W35)*INDEX($B$2:$B$428,MATCH($O36,$A$2:$A$428,0))/INDEX($B$2:$B$428,MATCH($O36,$A$2:$A$428,0)-1),""))} | X36: {=IF(OR($O36<X$387,$O36>X$388),"",IFERROR(IF($O36=X$387,100,X35)*INDEX($B$2:$B$428,MATCH($O36,$A$2:$A$428,0))/INDEX($B$2:$B$428,MATCH($O36,$A$2:$A$428,0)-1),""))} | AA36: {=IF(EDATE(AA$387,ROW()-2)>AA$388,"",IFERROR(IF(ROW()=2,100,AA35)*INDEX($D$2:$D$428,MATCH(EDATE(AA$387,ROW()-2),$A$2:$A$428,0))/INDEX($D$2:$D$428,MATCH(EDATE(AA$387,ROW()-2),$A$2:$A$428,0)-1),""))} -> 175.63612 | AB36: {=IF(EDATE(AB$387,ROW()-2)>AB$388,"",IFERROR(IF(ROW()=2,100,AB35)*INDEX($D$2:$D$428,MATCH(EDATE(AB$387,ROW()-2),$A$2:$A$428,0))/INDEX($D$2:$D$428,MATCH(EDATE(AB$387,ROW()-2),$A$2:$A$428,0)-1),""))} -> 128.17153 | AC36: {=IF(EDATE(AC$387,ROW()-2)>AC$388,"",IFERROR(IF(ROW()=2,100,AC35)*INDEX($D$2:$D$428,MATCH(EDATE(AC$387,ROW()-2),$A$2:$A$428,0))/INDEX($D$2:$D$428,MATCH(EDATE(AC$387,ROW()-2),$A$2:$A$428,0)-1),""))} -> 132.42121 | AD36: {=IF(EDATE(AD$387,ROW()-2)>AD$388,"",IFERROR(IF(ROW()=2,100,AD35)*INDEX($D$2:$D$428,MATCH(EDATE(AD$387,ROW()-2),$A$2:$A$428,0))/INDEX($D$2:$D$428,MATCH(EDATE(AD$387,ROW()-2),$A$2:$A$428,0)-1),""))} -> 128.10713 | AG36: {=IF(EDATE(AG$387,ROW()-2)>AG$388,"",IFERROR(IF(ROW()=2,100,AG35)*INDEX($D$2:$D$428,MATCH(EDATE(AG$387,ROW()-2),$A$2:$A$428,0))/INDEX($D$2:$D$428,MATCH(EDATE(AG$387,ROW()-2),$A$2:$A$428,0)-1),""))} -> 132.68331 | AH36: {=IF(EDATE(AH$387,ROW()-2)>AH$388,"",IFERROR(IF(ROW()=2,100,AH35)*INDEX($D$2:$D$428,MATCH(EDATE(AH$387,ROW()-2),$A$2:$A$428,0))/INDEX($D$2:$D$428,MATCH(EDATE(AH$387,ROW()-2),$A$2:$A$428,0)-1),""))} -> 138.0339 | AJ36: 33909 | AK36: 523.8 | AL36: =D24/AK36 -> #VALUE! | AN36: =IF(EDATE(AN$387,ROW()-2)>AN$388,"",IFERROR((INDEX($AL$2:$AL$441,MATCH(EDATE(AN$387,ROW()-2),$AJ$2:$AJ$441,0))-INDEX($AL$2:$AL$441,MATCH(EDATE(AN$387,-1),$AJ$2:$AJ$441,0)))*100,"")) -> 17.469501 | AO36: =IF(EDATE(AO$387,ROW()-2)>AO$388,"",IFERROR((INDEX($AL$2:$AL$441,MATCH(EDATE(AO$387,ROW()-2),$AJ$2:$AJ$441,0))-INDEX($AL$2:$AL$441,MATCH(EDATE(AO$387,-1),$AJ$2:$AJ$441,0)))*100,"")) -> -8.5897972 | AP36: =IF(EDATE(AP$387,ROW()-2)>AP$388,"",IFERROR((INDEX($AL$2:$AL$441,MATCH(EDATE(AP$387,ROW()-2),$AJ$2:$AJ$441,0))-INDEX($AL$2:$AL$441,MATCH(EDATE(AP$387,-1),$AJ$2:$AJ$441,0)))*100,"")) -> -1.9173184 | AQ36: =IF(EDATE(AQ$387,ROW()-2)>AQ$388,"",IFERROR((INDEX($AL$2:$AL$441,MATCH(EDATE(AQ$387,ROW()-2),$AJ$2:$AJ$441,0))-INDEX($AL$2:$AL$441,MATCH(EDATE(AQ$387,-1),$AJ$2:$AJ$441,0)))*100,"")) -> -3.5488133 | AT36: =IF(EDATE(AT$387,ROW()-2)>AT$388,"",IFERROR((INDEX($AL$2:$AL$441,MATCH(EDATE(AT$387,ROW()-2),$AJ$2:$AJ$441,0))-INDEX($AL$2:$AL$441,MATCH(EDATE(AT$387,-1),$AJ$2:$AJ$441,0)))*100,"")) -> 3.52662 | AU36: =IF(EDATE(AU$387,ROW()-2)>AU$388,"",IFERROR((INDEX($AL$2:$AL$441,MATCH(EDATE(AU$387,ROW()-2),$AJ$2:$AJ$441,0))-INDEX($AL$2:$AL$441,MATCH(EDATE(AU$387,-1),$AJ$2:$AJ$441,0)))*100,"")) -> 8.3540387
A37: 34304 | B37: 5194.23 | C37: - | D37: - | E37: =A37 -> 34304 | F37: =B37/B25-1 -> 22.416419 | G37: =C37/C25-1 -> #VALUE! | H37: =D37/D25-1 -> #VALUE! | I37: =A37 -> 34304 | O37: 35765 | P37: {=IF(OR($O37<P$387,$O37>P$388),"",IFERROR(IF($O37=P$387,100,P36)*INDEX($B$2:$B$428,MATCH($O37,$A$2:$A$428,0))/INDEX($B$2:$B$428,MATCH($O37,$A$2:$A$428,0)-1),""))} -> 254.78657 | Q37: {=IF(OR($O37<Q$387,$O37>Q$388),"",IFERROR(IF($O37=Q$387,100,Q36)*INDEX($B$2:$B$428,MATCH($O37,$A$2:$A$428,0))/INDEX($B$2:$B$428,MATCH($O37,$A$2:$A$428,0)-1),""))} | R37: {=IF(OR($O37<R$387,$O37>R$388),"",IFERROR(IF($O37=R$387,100,R36)*INDEX($B$2:$B$428,MATCH($O37,$A$2:$A$428,0))/INDEX($B$2:$B$428,MATCH($O37,$A$2:$A$428,0)-1),""))} | S37: {=IF(OR($O37<S$387,$O37>S$388),"",IFERROR(IF($O37=S$387,100,S36)*INDEX($B$2:$B$428,MATCH($O37,$A$2:$A$428,0))/INDEX($B$2:$B$428,MATCH($O37,$A$2:$A$428,0)-1),""))} | T37: {=IF(OR($O37<T$387,$O37>T$388),"",IFERROR(IF($O37=T$387,100,T36)*INDEX($B$2:$B$428,MATCH($O37,$A$2:$A$428,0))/INDEX($B$2:$B$428,MATCH($O37,$A$2:$A$428,0)-1),""))} | U37: {=IF(OR($O37<U$387,$O37>U$388),"",IFERROR(IF($O37=U$387,100,U36)*INDEX($B$2:$B$428,MATCH($O37,$A$2:$A$428,0))/INDEX($B$2:$B$428,MATCH($O37,$A$2:$A$428,0)-1),""))} | V37: {=IF(OR($O37<V$387,$O37>V$388),"",IFERROR(IF($O37=V$387,100,V36)*INDEX($B$2:$B$428,MATCH($O37,$A$2:$A$428,0))/INDEX($B$2:$B$428,MATCH($O37,$A$2:$A$428,0)-1),""))} | W37: {=IF(OR($O37<W$387,$O37>W$388),"",IFERROR(IF($O37=W$387,100,W36)*INDEX($B$2:$B$428,MATCH($O37,$A$2:$A$428,0))/INDEX($B$2:$B$428,MATCH($O37,$A$2:$A$428,0)-1),""))} | X37: {=IF(OR($O37<X$387,$O37>X$388),"",IFERROR(IF($O37=X$387,100,X36)*INDEX($B$2:$B$428,MATCH($O37,$A$2:$A$428,0))/INDEX($B$2:$B$428,MATCH($O37,$A$2:$A$428,0)-1),""))} | AA37: {=IF(EDATE(AA$387,ROW()-2)>AA$388,"",IFERROR(IF(ROW()=2,100,AA36)*INDEX($D$2:$D$428,MATCH(EDATE(AA$387,ROW()-2),$A$2:$A$428,0))/INDEX($D$2:$D$428,MATCH(EDATE(AA$387,ROW()-2),$A$2:$A$428,0)-1),""))} -> 174.71353 | AB37: {=IF(EDATE(AB$387,ROW()-2)>AB$388,"",IFERROR(IF(ROW()=2,100,AB36)*INDEX($D$2:$D$428,MATCH(EDATE(AB$387,ROW()-2),$A$2:$A$428,0))/INDEX($D$2:$D$428,MATCH(EDATE(AB$387,ROW()-2),$A$2:$A$428,0)-1),""))} -> 128.30925 | AC37: {=IF(EDATE(AC$387,ROW()-2)>AC$388,"",IFERROR(IF(ROW()=2,100,AC36)*INDEX($D$2:$D$428,MATCH(EDATE(AC$387,ROW()-2),$A$2:$A$428,0))/INDEX($D$2:$D$428,MATCH(EDATE(AC$387,ROW()-2),$A$2:$A$428,0)-1),""))} -> 138.552 | AD37: {=IF(EDATE(AD$387,ROW()-2)>AD$388,"",IFERROR(IF(ROW()=2,100,AD36)*INDEX($D$2:$D$428,MATCH(EDATE(AD$387,ROW()-2),$A$2:$A$428,0))/INDEX($D$2:$D$428,MATCH(EDATE(AD$387,ROW()-2),$A$2:$A$428,0)-1),""))} -> 130.96803 | AG37: {=IF(EDATE(AG$387,ROW()-2)>AG$388,"",IFERROR(IF(ROW()=2,100,AG36)*INDEX($D$2:$D$428,MATCH(EDATE(AG$387,ROW()-2),$A$2:$A$428,0))/INDEX($D$2:$D$428,MATCH(EDATE(AG$387,ROW()-2),$A$2:$A$428,0)-1),""))} -> 134.97832 | AH37: {=IF(EDATE(AH$387,ROW()-2)>AH$388,"",IFERROR(IF(ROW()=2,100,AH36)*INDEX($D$2:$D$428,MATCH(EDATE(AH$387,ROW()-2),$A$2:$A$428,0))/INDEX($D$2:$D$428,MATCH(EDATE(AH$387,ROW()-2),$A$2:$A$428,0)-1),""))} -> 140.51687 | AJ37: 33939 | AK37: 641 | AL37: =D25/AK37 -> #VALUE! | AN37: =IF(EDATE(AN$387,ROW()-2)>AN$388,"",IFERROR((INDEX($AL$2:$AL$441,MATCH(EDATE(AN$387,ROW()-2),$AJ$2:$AJ$441,0))-INDEX($AL$2:$AL$441,MATCH(EDATE(AN$387,-1),$AJ$2:$AJ$441,0)))*100,"")) -> 16.743344 | AO37: =IF(EDATE(AO$387,ROW()-2)>AO$388,"",IFERROR((INDEX($AL$2:$AL$441,MATCH(EDATE(AO$387,ROW()-2),$AJ$2:$AJ$441,0))-INDEX($AL$2:$AL$441,MATCH(EDATE(AO$387,-1),$AJ$2:$AJ$441,0)))*100,"")) -> -9.1265899 | AP37: =IF(EDATE(AP$387,ROW()-2)>AP$388,"",IFERROR((INDEX($AL$2:$AL$441,MATCH(EDATE(AP$387,ROW()-2),$AJ$2:$AJ$441,0))-INDEX($AL$2:$AL$441,MATCH(EDATE(AP$387,-1),$AJ$2:$AJ$441,0)))*100,"")) -> 0.10275426 | AQ37: =IF(EDATE(AQ$387,ROW()-2)>AQ$388,"",IFERROR((INDEX($AL$2:$AL$441,MATCH(EDATE(AQ$387,ROW()-2),$AJ$2:$AJ$441,0))-INDEX($AL$2:$AL$441,MATCH(EDATE(AQ$387,-1),$AJ$2:$AJ$441,0)))*100,"")) -> -2.83852 | AT37: =IF(EDATE(AT$387,ROW()-2)>AT$388,"",IFERROR((INDEX($AL$2:$AL$441,MATCH(EDATE(AT$387,ROW()-2),$AJ$2:$AJ$441,0))-INDEX($AL$2:$AL$441,MATCH(EDATE(AT$387,-1),$AJ$2:$AJ$441,0)))*100,"")) -> 4.1572267 | AU37: =IF(EDATE(AU$387,ROW()-2)>AU$388,"",IFERROR((INDEX($AL$2:$AL$441,MATCH(EDATE(AU$387,ROW()-2),$AJ$2:$AJ$441,0))-INDEX($AL$2:$AL$441,MATCH(EDATE(AU$387,-1),$AJ$2:$AJ$441,0)))*100,"")) -> 9.3903497
A38: 34335 | B38: 7196.67 | C38: - | D38: - | E38: =A38 -> 34335 | F38: =B38/B26-1 -> 25.654333 | G38: =C38/C26-1 -> #VALUE! | H38: =D38/D26-1 -> #VALUE! | I38: =A38 -> 34335 | O38: 35796 | P38: {=IF(OR($O38<P$387,$O38>P$388),"",IFERROR(IF($O38=P$387,100,P37)*INDEX($B$2:$B$428,MATCH($O38,$A$2:$A$428,0))/INDEX($B$2:$B$428,MATCH($O38,$A$2:$A$428,0)-1),""))} -> 264.01403 | Q38: {=IF(OR($O38<Q$387,$O38>Q$388),"",IFERROR(IF($O38=Q$387,100,Q37)*INDEX($B$2:$B$428,MATCH($O38,$A$2:$A$428,0))/INDEX($B$2:$B$428,MATCH($O38,$A$2:$A$428,0)-1),""))} | R38: {=IF(OR($O38<R$387,$O38>R$388),"",IFERROR(IF($O38=R$387,100,R37)*INDEX($B$2:$B$428,MATCH($O38,$A$2:$A$428,0))/INDEX($B$2:$B$428,MATCH($O38,$A$2:$A$428,0)-1),""))} | S38: {=IF(OR($O38<S$387,$O38>S$388),"",IFERROR(IF($O38=S$387,100,S37)*INDEX($B$2:$B$428,MATCH($O38,$A$2:$A$428,0))/INDEX($B$2:$B$428,MATCH($O38,$A$2:$A$428,0)-1),""))} | T38: {=IF(OR($O38<T$387,$O38>T$388),"",IFERROR(IF($O38=T$387,100,T37)*INDEX($B$2:$B$428,MATCH($O38,$A$2:$A$428,0))/INDEX($B$2:$B$428,MATCH($O38,$A$2:$A$428,0)-1),""))} | U38: {=IF(OR($O38<U$387,$O38>U$388),"",IFERROR(IF($O38=U$387,100,U37)*INDEX($B$2:$B$428,MATCH($O38,$A$2:$A$428,0))/INDEX($B$2:$B$428,MATCH($O38,$A$2:$A$428,0)-1),""))} | V38: {=IF(OR($O38<V$387,$O38>V$388),"",IFERROR(IF($O38=V$387,100,V37)*INDEX($B$2:$B$428,MATCH($O38,$A$2:$A$428,0))/INDEX($B$2:$B$428,MATCH($O38,$A$2:$A$428,0)-1),""))} | W38: {=IF(OR($O38<W$387,$O38>W$388),"",IFERROR(IF($O38=W$387,100,W37)*INDEX($B$2:$B$428,MATCH($O38,$A$2:$A$428,0))/INDEX($B$2:$B$428,MATCH($O38,$A$2:$A$428,0)-1),""))} | X38: {=IF(OR($O38<X$387,$O38>X$388),"",IFERROR(IF($O38=X$387,100,X37)*INDEX($B$2:$B$428,MATCH($O38,$A$2:$A$428,0))/INDEX($B$2:$B$428,MATCH($O38,$A$2:$A$428,0)-1),""))} | AA38: {=IF(EDATE(AA$387,ROW()-2)>AA$388,"",IFERROR(IF(ROW()=2,100,AA37)*INDEX($D$2:$D$428,MATCH(EDATE(AA$387,ROW()-2),$A$2:$A$428,0))/INDEX($D$2:$D$428,MATCH(EDATE(AA$387,ROW()-2),$A$2:$A$428,0)-1),""))} -> 178.72876 | AB38: {=IF(EDATE(AB$387,ROW()-2)>AB$388,"",IFERROR(IF(ROW()=2,100,AB37)*INDEX($D$2:$D$428,MATCH(EDATE(AB$387,ROW()-2),$A$2:$A$428,0))/INDEX($D$2:$D$428,MATCH(EDATE(AB$387,ROW()-2),$A$2:$A$428,0)-1),""))} -> 128.72549 | AC38: {=IF(EDATE(AC$387,ROW()-2)>AC$388,"",IFERROR(IF(ROW()=2,100,AC37)*INDEX($D$2:$D$428,MATCH(EDATE(AC$387,ROW()-2),$A$2:$A$428,0))/INDEX($D$2:$D$428,MATCH(EDATE(AC$387,ROW()-2),$A$2:$A$428,0)-1),""))} -> 133.67048 | AD38: {=IF(EDATE(AD$387,ROW()-2)>AD$388,"",IFERROR(IF(ROW()=2,100,AD37)*INDEX($D$2:$D$428,MATCH(EDATE(AD$387,ROW()-2),$A$2:$A$428,0))/INDEX($D$2:$D$428,MATCH(EDATE(AD$387,ROW()-2),$A$2:$A$428,0)-1),""))} -> 127.94721 | AG38: {=IF(EDATE(AG$387,ROW()-2)>AG$388,"",IFERROR(IF(ROW()=2,100,AG37)*INDEX($D$2:$D$428,MATCH(EDATE(AG$387,ROW()-2),$A$2:$A$428,0))/INDEX($D$2:$D$428,MATCH(EDATE(AG$387,ROW()-2),$A$2:$A$428,0)-1),""))} -> 134.64066 | AH38: {=IF(EDATE(AH$387,ROW()-2)>AH$388,"",IFERROR(IF(ROW()=2,100,AH37)*INDEX($D$2:$D$428,MATCH(EDATE(AH$387,ROW()-2),$A$2:$A$428,0))/INDEX($D$2:$D$428,MATCH(EDATE(AH$387,ROW()-2),$A$2:$A$428,0)-1),""))} -> 140.31148 | AJ38: 33970 | AK38: 791.9 | AL38: =D26/AK38 -> #VALUE! | AN38: =IF(EDATE(AN$387,ROW()-2)>AN$388,"",IFERROR((INDEX($AL$2:$AL$441,MATCH(EDATE(AN$387,ROW()-2),$AJ$2:$AJ$441,0))-INDEX($AL$2:$AL$441,MATCH(EDATE(AN$387,-1),$AJ$2:$AJ$441,0)))*100,"")) -> 17.779225 | AO38: =IF(EDATE(AO$387,ROW()-2)>AO$388,"",IFERROR((INDEX($AL$2:$AL$441,MATCH(EDATE(AO$387,ROW()-2),$AJ$2:$AJ$441,0))-INDEX($AL$2:$AL$441,MATCH(EDATE(AO$387,-1),$AJ$2:$AJ$441,0)))*100,"")) -> -9.5246062 | AP38: =IF(EDATE(AP$387,ROW()-2)>AP$388,"",IFERROR((INDEX($AL$2:$AL$441,MATCH(EDATE(AP$387,ROW()-2),$AJ$2:$AJ$441,0))-INDEX($AL$2:$AL$441,MATCH(EDATE(AP$387,-1),$AJ$2:$AJ$441,0)))*100,"")) -> -2.9098336 | AQ38: =IF(EDATE(AQ$387,ROW()-2)>AQ$388,"",IFERROR((INDEX($AL$2:$AL$441,MATCH(EDATE(AQ$387,ROW()-2),$AJ$2:$AJ$441,0))-INDEX($AL$2:$AL$441,MATCH(EDATE(AQ$387,-1),$AJ$2:$AJ$441,0)))*100,"")) -> -4.6937037 | AT38: =IF(EDATE(AT$387,ROW()-2)>AT$388,"",IFERROR((INDEX($AL$2:$AL$441,MATCH(EDATE(AT$387,ROW()-2),$AJ$2:$AJ$441,0))-INDEX($AL$2:$AL$441,MATCH(EDATE(AT$387,-1),$AJ$2:$AJ$441,0)))*100,"")) -> 3.5074716 | AU38: =IF(EDATE(AU$387,ROW()-2)>AU$388,"",IFERROR((INDEX($AL$2:$AL$441,MATCH(EDATE(AU$387,ROW()-2),$AJ$2:$AJ$441,0))-INDEX($AL$2:$AL$441,MATCH(EDATE(AU$387,-1),$AJ$2:$AJ$441,0)))*100,"")) -> 8.7476609
A39: 34366 | B39: 10250.42 | C39: - | D39: - | E39: =A39 -> 34366 | F39: =B39/B27-1 -> 28.309524 | G39: =C39/C27-1 -> #VALUE! | H39: =D39/D27-1 -> #VALUE! | I39: =A39 -> 34366 | O39: 35827 | P39: {=IF(OR($O39<P$387,$O39>P$388),"",IFERROR(IF($O39=P$387,100,P38)*INDEX($B$2:$B$428,MATCH($O39,$A$2:$A$428,0))/INDEX($B$2:$B$428,MATCH($O39,$A$2:$A$428,0)-1),""))} -> 269.44122 | Q39: {=IF(OR($O39<Q$387,$O39>Q$388),"",IFERROR(IF($O39=Q$387,100,Q38)*INDEX($B$2:$B$428,MATCH($O39,$A$2:$A$428,0))/INDEX($B$2:$B$428,MATCH($O39,$A$2:$A$428,0)-1),""))} | R39: {=IF(OR($O39<R$387,$O39>R$388),"",IFERROR(IF($O39=R$387,100,R38)*INDEX($B$2:$B$428,MATCH($O39,$A$2:$A$428,0))/INDEX($B$2:$B$428,MATCH($O39,$A$2:$A$428,0)-1),""))} | S39: {=IF(OR($O39<S$387,$O39>S$388),"",IFERROR(IF($O39=S$387,100,S38)*INDEX($B$2:$B$428,MATCH($O39,$A$2:$A$428,0))/INDEX($B$2:$B$428,MATCH($O39,$A$2:$A$428,0)-1),""))} | T39: {=IF(OR($O39<T$387,$O39>T$388),"",IFERROR(IF($O39=T$387,100,T38)*INDEX($B$2:$B$428,MATCH($O39,$A$2:$A$428,0))/INDEX($B$2:$B$428,MATCH($O39,$A$2:$A$428,0)-1),""))} | U39: {=IF(OR($O39<U$387,$O39>U$388),"",IFERROR(IF($O39=U$387,100,U38)*INDEX($B$2:$B$428,MATCH($O39,$A$2:$A$428,0))/INDEX($B$2:$B$428,MATCH($O39,$A$2:$A$428,0)-1),""))} | V39: {=IF(OR($O39<V$387,$O39>V$388),"",IFERROR(IF($O39=V$387,100,V38)*INDEX($B$2:$B$428,MATCH($O39,$A$2:$A$428,0))/INDEX($B$2:$B$428,MATCH($O39,$A$2:$A$428,0)-1),""))} | W39: {=IF(OR($O39<W$387,$O39>W$388),"",IFERROR(IF($O39=W$387,100,W38)*INDEX($B$2:$B$428,MATCH($O39,$A$2:$A$428,0))/INDEX($B$2:$B$428,MATCH($O39,$A$2:$A$428,0)-1),""))} | X39: {=IF(OR($O39<X$387,$O39>X$388),"",IFERROR(IF($O39=X$387,100,X38)*INDEX($B$2:$B$428,MATCH($O39,$A$2:$A$428,0))/INDEX($B$2:$B$428,MATCH($O39,$A$2:$A$428,0)-1),""))} | AA39: {=IF(EDATE(AA$387,ROW()-2)>AA$388,"",IFERROR(IF(ROW()=2,100,AA38)*INDEX($D$2:$D$428,MATCH(EDATE(AA$387,ROW()-2),$A$2:$A$428,0))/INDEX($D$2:$D$428,MATCH(EDATE(AA$387,ROW()-2),$A$2:$A$428,0)-1),""))} -> 178.45914 | AB39: {=IF(EDATE(AB$387,ROW()-2)>AB$388,"",IFERROR(IF(ROW()=2,100,AB38)*INDEX($D$2:$D$428,MATCH(EDATE(AB$387,ROW()-2),$A$2:$A$428,0))/INDEX($D$2:$D$428,MATCH(EDATE(AB$387,ROW()-2),$A$2:$A$428,0)-1),""))} -> 130.23365 | AC39: {=IF(EDATE(AC$387,ROW()-2)>AC$388,"",IFERROR(IF(ROW()=2,100,AC38)*INDEX($D$2:$D$428,MATCH(EDATE(AC$387,ROW()-2),$A$2:$A$428,0))/INDEX($D$2:$D$428,MATCH(EDATE(AC$387,ROW()-2),$A$2:$A$428,0)-1),""))} -> 136.21396 | AD39: {=IF(EDATE(AD$387,ROW()-2)>AD$388,"",IFERROR(IF(ROW()=2,100,AD38)*INDEX($D$2:$D$428,MATCH(EDATE(AD$387,ROW()-2),$A$2:$A$428,0))/INDEX($D$2:$D$428,MATCH(EDATE(AD$387,ROW()-2),$A$2:$A$428,0)-1),""))} -> 129.39965 | AG39: {=IF(EDATE(AG$387,ROW()-2)>AG$388,"",IFERROR(IF(ROW()=2,100,AG38)*INDEX($D$2:$D$428,MATCH(EDATE(AG$387,ROW()-2),$A$2:$A$428,0))/INDEX($D$2:$D$428,MATCH(EDATE(AG$387,ROW()-2),$A$2:$A$428,0)-1),""))} -> 136.61107 | AH39: {=IF(EDATE(AH$387,ROW()-2)>AH$388,"",IFERROR(IF(ROW()=2,100,AH38)*INDEX($D$2:$D$428,MATCH(EDATE(AH$387,ROW()-2),$A$2:$A$428,0))/INDEX($D$2:$D$428,MATCH(EDATE(AH$387,ROW()-2),$A$2:$A$428,0)-1),""))} -> 142.7762 | AJ39: 34001 | AK39: 982.5 | AL39: =D27/AK39 -> #VALUE! | AN39: =IF(EDATE(AN$387,ROW()-2)>AN$388,"",IFERROR((INDEX($AL$2:$AL$441,MATCH(EDATE(AN$387,ROW()-2),$AJ$2:$AJ$441,0))-INDEX($AL$2:$AL$441,MATCH(EDATE(AN$387,-1),$AJ$2:$AJ$441,0)))*100,"")) -> 17.173008 | AO39: =IF(EDATE(AO$387,ROW()-2)>AO$388,"",IFERROR((INDEX($AL$2:$AL$441,MATCH(EDATE(AO$387,ROW()-2),$AJ$2:$AJ$441,0))-INDEX($AL$2:$AL$441,MATCH(EDATE(AO$387,-1),$AJ$2:$AJ$441,0)))*100,"")) -> -9.2639503 | AP39: =IF(EDATE(AP$387,ROW()-2)>AP$388,"",IFERROR((INDEX($AL$2:$AL$441,MATCH(EDATE(AP$387,ROW()-2),$AJ$2:$AJ$441,0))-INDEX($AL$2:$AL$441,MATCH(EDATE(AP$387,-1),$AJ$2:$AJ$441,0)))*100,"")) -> -2.4884606 | AQ39: =IF(EDATE(AQ$387,ROW()-2)>AQ$388,"",IFERROR((INDEX($AL$2:$AL$441,MATCH(EDATE(AQ$387,ROW()-2),$AJ$2:$AJ$441,0))-INDEX($AL$2:$AL$441,MATCH(EDATE(AQ$387,-1),$AJ$2:$AJ$441,0)))*100,"")) -> -4.6553455 | AT39: =IF(EDATE(AT$387,ROW()-2)>AT$388,"",IFERROR((INDEX($AL$2:$AL$441,MATCH(EDATE(AT$387,ROW()-2),$AJ$2:$AJ$441,0))-INDEX($AL$2:$AL$441,MATCH(EDATE(AT$387,-1),$AJ$2:$AJ$441,0)))*100,"")) -> 4.3416355 | AU39: =IF(EDATE(AU$387,ROW()-2)>AU$388,"",IFERROR((INDEX($AL$2:$AL$441,MATCH(EDATE(AU$387,ROW()-2),$AJ$2:$AJ$441,0))-INDEX($AL$2:$AL$441,MATCH(EDATE(AU$387,-1),$AJ$2:$AJ$441,0)))*100,"")) -> 9.9697899
A40: 34394 | B40: 14638.16 | C40: - | D40: - | E40: =A40 -> 34394 | F40: =B40/B28-1 -> 31.871104 | G40: =C40/C28-1 -> #VALUE! | H40: =D40/D28-1 -> #VALUE! | I40: =A40 -> 34394 | O40: 35855 | P40: {=IF(OR($O40<P$387,$O40>P$388),"",IFERROR(IF($O40=P$387,100,P39)*INDEX($B$2:$B$428,MATCH($O40,$A$2:$A$428,0))/INDEX($B$2:$B$428,MATCH($O40,$A$2:$A$428,0)-1),""))} -> 269.64746 | Q40: {=IF(OR($O40<Q$387,$O40>Q$388),"",IFERROR(IF($O40=Q$387,100,Q39)*INDEX($B$2:$B$428,MATCH($O40,$A$2:$A$428,0))/INDEX($B$2:$B$428,MATCH($O40,$A$2:$A$428,0)-1),""))} | R40: {=IF(OR($O40<R$387,$O40>R$388),"",IFERROR(IF($O40=R$387,100,R39)*INDEX($B$2:$B$428,MATCH($O40,$A$2:$A$428,0))/INDEX($B$2:$B$428,MATCH($O40,$A$2:$A$428,0)-1),""))} | S40: {=IF(OR($O40<S$387,$O40>S$388),"",IFERROR(IF($O40=S$387,100,S39)*INDEX($B$2:$B$428,MATCH($O40,$A$2:$A$428,0))/INDEX($B$2:$B$428,MATCH($O40,$A$2:$A$428,0)-1),""))} | T40: {=IF(OR($O40<T$387,$O40>T$388),"",IFERROR(IF($O40=T$387,100,T39)*INDEX($B$2:$B$428,MATCH($O40,$A$2:$A$428,0))/INDEX($B$2:$B$428,MATCH($O40,$A$2:$A$428,0)-1),""))} | U40: {=IF(OR($O40<U$387,$O40>U$388),"",IFERROR(IF($O40=U$387,100,U39)*INDEX($B$2:$B$428,MATCH($O40,$A$2:$A$428,0))/INDEX($B$2:$B$428,MATCH($O40,$A$2:$A$428,0)-1),""))} | V40: {=IF(OR($O40<V$387,$O40>V$388),"",IFERROR(IF($O40=V$387,100,V39)*INDEX($B$2:$B$428,MATCH($O40,$A$2:$A$428,0))/INDEX($B$2:$B$428,MATCH($O40,$A$2:$A$428,0)-1),""))} | W40: {=IF(OR($O40<W$387,$O40>W$388),"",IFERROR(IF($O40=W$387,100,W39)*INDEX($B$2:$B$428,MATCH($O40,$A$2:$A$428,0))/INDEX($B$2:$B$428,MATCH($O40,$A$2:$A$428,0)-1),""))} | X40: {=IF(OR($O40<X$387,$O40>X$388),"",IFERROR(IF($O40=X$387,100,X39)*INDEX($B$2:$B$428,MATCH($O40,$A$2:$A$428,0))/INDEX($B$2:$B$428,MATCH($O40,$A$2:$A$428,0)-1),""))} | AA40: {=IF(EDATE(AA$387,ROW()-2)>AA$388,"",IFERROR(IF(ROW()=2,100,AA39)*INDEX($D$2:$D$428,MATCH(EDATE(AA$387,ROW()-2),$A$2:$A$428,0))/INDEX($D$2:$D$428,MATCH(EDATE(AA$387,ROW()-2),$A$2:$A$428,0)-1),""))} -> 178.81709 | AB40: {=IF(EDATE(AB$387,ROW()-2)>AB$388,"",IFERROR(IF(ROW()=2,100,AB39)*INDEX($D$2:$D$428,MATCH(EDATE(AB$387,ROW()-2),$A$2:$A$428,0))/INDEX($D$2:$D$428,MATCH(EDATE(AB$387,ROW()-2),$A$2:$A$428,0)-1),""))} -> 131.57521 | AC40: {=IF(EDATE(AC$387,ROW()-2)>AC$388,"",IFERROR(IF(ROW()=2,100,AC39)*INDEX($D$2:$D$428,MATCH(EDATE(AC$387,ROW()-2),$A$2:$A$428,0))/INDEX($D$2:$D$428,MATCH(EDATE(AC$387,ROW()-2),$A$2:$A$428,0)-1),""))} -> 140.1568 | AD40: {=IF(EDATE(AD$387,ROW()-2)>AD$388,"",IFERROR(IF(ROW()=2,100,AD39)*INDEX($D$2:$D$428,MATCH(EDATE(AD$387,ROW()-2),$A$2:$A$428,0))/INDEX($D$2:$D$428,MATCH(EDATE(AD$387,ROW()-2),$A$2:$A$428,0)-1),""))} -> 130.393 | AG40: {=IF(EDATE(AG$387,ROW()-2)>AG$388,"",IFERROR(IF(ROW()=2,100,AG39)*INDEX($D$2:$D$428,MATCH(EDATE(AG$387,ROW()-2),$A$2:$A$428,0))/INDEX($D$2:$D$428,MATCH(EDATE(AG$387,ROW()-2),$A$2:$A$428,0)-1),""))} -> 134.0803 | AH40: {=IF(EDATE(AH$387,ROW()-2)>AH$388,"",IFERROR(IF(ROW()=2,100,AH39)*INDEX($D$2:$D$428,MATCH(EDATE(AH$387,ROW()-2),$A$2:$A$428,0))/INDEX($D$2:$D$428,MATCH(EDATE(AH$387,ROW()-2),$A$2:$A$428,0)-1),""))} -> 140.66851 | AJ40: 34029 | AK40: 1257.5 | AL40: =D28/AK40 -> #VALUE! | AN40: =IF(EDATE(AN$387,ROW()-2)>AN$388,"",IFERROR((INDEX($AL$2:$AL$441,MATCH(EDATE(AN$387,ROW()-2),$AJ$2:$AJ$441,0))-INDEX($AL$2:$AL$441,MATCH(EDATE(AN$387,-1),$AJ$2:$AJ$441,0)))*100,"")) -> 16.797225 | AO40: =IF(EDATE(AO$387,ROW()-2)>AO$388,"",IFERROR((INDEX($AL$2:$AL$441,MATCH(EDATE(AO$387,ROW()-2),$AJ$2:$AJ$441,0))-INDEX($AL$2:$AL$441,MATCH(EDATE(AO$387,-1),$AJ$2:$AJ$441,0)))*100,"")) -> -9.1058402 | AP40: =IF(EDATE(AP$387,ROW()-2)>AP$388,"",IFERROR((INDEX($AL$2:$AL$441,MATCH(EDATE(AP$387,ROW()-2),$AJ$2:$AJ$441,0))-INDEX($AL$2:$AL$441,MATCH(EDATE(AP$387,-1),$AJ$2:$AJ$441,0)))*100,"")) -> -1.6097319 | AQ40: =IF(EDATE(AQ$387,ROW()-2)>AQ$388,"",IFERROR((INDEX($AL$2:$AL$441,MATCH(EDATE(AQ$387,ROW()-2),$AJ$2:$AJ$441,0))-INDEX($AL$2:$AL$441,MATCH(EDATE(AQ$387,-1),$AJ$2:$AJ$441,0)))*100,"")) -> -4.6644177 | AT40: =IF(EDATE(AT$387,ROW()-2)>AT$388,"",IFERROR((INDEX($AL$2:$AL$441,MATCH(EDATE(AT$387,ROW()-2),$AJ$2:$AJ$441,0))-INDEX($AL$2:$AL$441,MATCH(EDATE(AT$387,-1),$AJ$2:$AJ$441,0)))*100,"")) -> 1.9974418 | AU40: =IF(EDATE(AU$387,ROW()-2)>AU$388,"",IFERROR((INDEX($AL$2:$AL$441,MATCH(EDATE(AU$387,ROW()-2),$AJ$2:$AJ$441,0))-INDEX($AL$2:$AL$441,MATCH(EDATE(AU$387,-1),$AJ$2:$AJ$441,0)))*100,"")) -> 7.8605733
A41: 34425 | B41: 27200.79 | C41: - | D41: - | E41: =A41 -> 34425 | F41: =B41/B29-1 -> 47.258299 | G41: =C41/C29-1 -> #VALUE! | H41: =D41/D29-1 -> #VALUE! | I41: =A41 -> 34425 | O41: 35886 | P41: {=IF(OR($O41<P$387,$O41>P$388),"",IFERROR(IF($O41=P$387,100,P40)*INDEX($B$2:$B$428,MATCH($O41,$A$2:$A$428,0))/INDEX($B$2:$B$428,MATCH($O41,$A$2:$A$428,0)-1),""))} -> 277.06361 | Q41: {=IF(OR($O41<Q$387,$O41>Q$388),"",IFERROR(IF($O41=Q$387,100,Q40)*INDEX($B$2:$B$428,MATCH($O41,$A$2:$A$428,0))/INDEX($B$2:$B$428,MATCH($O41,$A$2:$A$428,0)-1),""))} | R41: {=IF(OR($O41<R$387,$O41>R$388),"",IFERROR(IF($O41=R$387,100,R40)*INDEX($B$2:$B$428,MATCH($O41,$A$2:$A$428,0))/INDEX($B$2:$B$428,MATCH($O41,$A$2:$A$428,0)-1),""))} | S41: {=IF(OR($O41<S$387,$O41>S$388),"",IFERROR(IF($O41=S$387,100,S40)*INDEX($B$2:$B$428,MATCH($O41,$A$2:$A$428,0))/INDEX($B$2:$B$428,MATCH($O41,$A$2:$A$428,0)-1),""))} | T41: {=IF(OR($O41<T$387,$O41>T$388),"",IFERROR(IF($O41=T$387,100,T40)*INDEX($B$2:$B$428,MATCH($O41,$A$2:$A$428,0))/INDEX($B$2:$B$428,MATCH($O41,$A$2:$A$428,0)-1),""))} | U41: {=IF(OR($O41<U$387,$O41>U$388),"",IFERROR(IF($O41=U$387,100,U40)*INDEX($B$2:$B$428,MATCH($O41,$A$2:$A$428,0))/INDEX($B$2:$B$428,MATCH($O41,$A$2:$A$428,0)-1),""))} | V41: {=IF(OR($O41<V$387,$O41>V$388),"",IFERROR(IF($O41=V$387,100,V40)*INDEX($B$2:$B$428,MATCH($O41,$A$2:$A$428,0))/INDEX($B$2:$B$428,MATCH($O41,$A$2:$A$428,0)-1),""))} | W41: {=IF(OR($O41<W$387,$O41>W$388),"",IFERROR(IF($O41=W$387,100,W40)*INDEX($B$2:$B$428,MATCH($O41,$A$2:$A$428,0))/INDEX($B$2:$B$428,MATCH($O41,$A$2:$A$428,0)-1),""))} | X41: {=IF(OR($O41<X$387,$O41>X$388),"",IFERROR(IF($O41=X$387,100,X40)*INDEX($B$2:$B$428,MATCH($O41,$A$2:$A$428,0))/INDEX($B$2:$B$428,MATCH($O41,$A$2:$A$428,0)-1),""))} | AA41: {=IF(EDATE(AA$387,ROW()-2)>AA$388,"",IFERROR(IF(ROW()=2,100,AA40)*INDEX($D$2:$D$428,MATCH(EDATE(AA$387,ROW()-2),$A$2:$A$428,0))/INDEX($D$2:$D$428,MATCH(EDATE(AA$387,ROW()-2),$A$2:$A$428,0)-1),""))} -> 183.24274 | AB41: {=IF(EDATE(AB$387,ROW()-2)>AB$388,"",IFERROR(IF(ROW()=2,100,AB40)*INDEX($D$2:$D$428,MATCH(EDATE(AB$387,ROW()-2),$A$2:$A$428,0))/INDEX($D$2:$D$428,MATCH(EDATE(AB$387,ROW()-2),$A$2:$A$428,0)-1),""))} -> 126.90224 | AC41: {=IF(EDATE(AC$387,ROW()-2)>AC$388,"",IFERROR(IF(ROW()=2,100,AC40)*INDEX($D$2:$D$428,MATCH(EDATE(AC$387,ROW()-2),$A$2:$A$428,0))/INDEX($D$2:$D$428,MATCH(EDATE(AC$387,ROW()-2),$A$2:$A$428,0)-1),""))} -> 145.66417 | AD41: {=IF(EDATE(AD$387,ROW()-2)>AD$388,"",IFERROR(IF(ROW()=2,100,AD40)*INDEX($D$2:$D$428,MATCH(EDATE(AD$387,ROW()-2),$A$2:$A$428,0))/INDEX($D$2:$D$428,MATCH(EDATE(AD$387,ROW()-2),$A$2:$A$428,0)-1),""))} -> 129.59891 | AG41: {=IF(EDATE(AG$387,ROW()-2)>AG$388,"",IFERROR(IF(ROW()=2,100,AG40)*INDEX($D$2:$D$428,MATCH(EDATE(AG$387,ROW()-2),$A$2:$A$428,0))/INDEX($D$2:$D$428,MATCH(EDATE(AG$387,ROW()-2),$A$2:$A$428,0)-1),""))} -> 134.94705 | AH41: {=IF(EDATE(AH$387,ROW()-2)>AH$388,"",IFERROR(IF(ROW()=2,100,AH40)*INDEX($D$2:$D$428,MATCH(EDATE(AH$387,ROW()-2),$A$2:$A$428,0))/INDEX($D$2:$D$428,MATCH(EDATE(AH$387,ROW()-2),$A$2:$A$428,0)-1),""))} -> 142.94062 | AJ41: 34060 | AK41: 1602.1 | AL41: =D29/AK41 -> #VALUE! | AN41: =IF(EDATE(AN$387,ROW()-2)>AN$388,"",IFERROR((INDEX($AL$2:$AL$441,MATCH(EDATE(AN$387,ROW()-2),$AJ$2:$AJ$441,0))-INDEX($AL$2:$AL$441,MATCH(EDATE(AN$387,-1),$AJ$2:$AJ$441,0)))*100,"")) -> 17.813583 | AO41: =IF(EDATE(AO$387,ROW()-2)>AO$388,"",IFERROR((INDEX($AL$2:$AL$441,MATCH(EDATE(AO$387,ROW()-2),$AJ$2:$AJ$441,0))-INDEX($AL$2:$AL$441,MATCH(EDATE(AO$387,-1),$AJ$2:$AJ$441,0)))*100,"")) -> -11.793273 | AP41: =IF(EDATE(AP$387,ROW()-2)>AP$388,"",IFERROR((INDEX($AL$2:$AL$441,MATCH(EDATE(AP$387,ROW()-2),$AJ$2:$AJ$441,0))-INDEX($AL$2:$AL$441,MATCH(EDATE(AP$387,-1),$AJ$2:$AJ$441,0)))*100,"")) -> -0.033458556 | AQ41: =IF(EDATE(AQ$387,ROW()-2)>AQ$388,"",IFERROR((INDEX($AL$2:$AL$441,MATCH(EDATE(AQ$387,ROW()-2),$AJ$2:$AJ$441,0))-INDEX($AL$2:$AL$441,MATCH(EDATE(AQ$387,-1),$AJ$2:$AJ$441,0)))*100,"")) -> -5.3624182 | AT41: =IF(EDATE(AT$387,ROW()-2)>AT$388,"",IFERROR((INDEX($AL$2:$AL$441,MATCH(EDATE(AT$387,ROW()-2),$AJ$2:$AJ$441,0))-INDEX($AL$2:$AL$441,MATCH(EDATE(AT$387,-1),$AJ$2:$AJ$441,0)))*100,"")) -> 1.672182 | AU41: =IF(EDATE(AU$387,ROW()-2)>AU$388,"",IFERROR((INDEX($AL$2:$AL$441,MATCH(EDATE(AU$387,ROW()-2),$AJ$2:$AJ$441,0))-INDEX($AL$2:$AL$441,MATCH(EDATE(AU$387,-1),$AJ$2:$AJ$441,0)))*100,"")) -> 8.8208113
A42: 34455 | B42: 38731.61 | C42: - | D42: - | E42: =A42 -> 34455 | F42: =B42/B30-1 -> 54.872838 | G42: =C42/C30-1 -> #VALUE! | H42: =D42/D30-1 -> #VALUE! | I42: =A42 -> 34455 | O42: 35916 | P42: {=IF(OR($O42<P$387,$O42>P$388),"",IFERROR(IF($O42=P$387,100,P41)*INDEX($B$2:$B$428,MATCH($O42,$A$2:$A$428,0))/INDEX($B$2:$B$428,MATCH($O42,$A$2:$A$428,0)-1),""))} -> 283.11326 | Q42: {=IF(OR($O42<Q$387,$O42>Q$388),"",IFERROR(IF($O42=Q$387,100,Q41)*INDEX($B$2:$B$428,MATCH($O42,$A$2:$A$428,0))/INDEX($B$2:$B$428,MATCH($O42,$A$2:$A$428,0)-1),""))} | R42: {=IF(OR($O42<R$387,$O42>R$388),"",IFERROR(IF($O42=R$387,100,R41)*INDEX($B$2:$B$428,MATCH($O42,$A$2:$A$428,0))/INDEX($B$2:$B$428,MATCH($O42,$A$2:$A$428,0)-1),""))} | S42: {=IF(OR($O42<S$387,$O42>S$388),"",IFERROR(IF($O42=S$387,100,S41)*INDEX($B$2:$B$428,MATCH($O42,$A$2:$A$428,0))/INDEX($B$2:$B$428,MATCH($O42,$A$2:$A$428,0)-1),""))} | T42: {=IF(OR($O42<T$387,$O42>T$388),"",IFERROR(IF($O42=T$387,100,T41)*INDEX($B$2:$B$428,MATCH($O42,$A$2:$A$428,0))/INDEX($B$2:$B$428,MATCH($O42,$A$2:$A$428,0)-1),""))} | U42: {=IF(OR($O42<U$387,$O42>U$388),"",IFERROR(IF($O42=U$387,100,U41)*INDEX($B$2:$B$428,MATCH($O42,$A$2:$A$428,0))/INDEX($B$2:$B$428,MATCH($O42,$A$2:$A$428,0)-1),""))} | V42: {=IF(OR($O42<V$387,$O42>V$388),"",IFERROR(IF($O42=V$387,100,V41)*INDEX($B$2:$B$428,MATCH($O42,$A$2:$A$428,0))/INDEX($B$2:$B$428,MATCH($O42,$A$2:$A$428,0)-1),""))} | W42: {=IF(OR($O42<W$387,$O42>W$388),"",IFERROR(IF($O42=W$387,100,W41)*INDEX($B$2:$B$428,MATCH($O42,$A$2:$A$428,0))/INDEX($B$2:$B$428,MATCH($O42,$A$2:$A$428,0)-1),""))} | X42: {=IF(OR($O42<X$387,$O42>X$388),"",IFERROR(IF($O42=X$387,100,X41)*INDEX($B$2:$B$428,MATCH($O42,$A$2:$A$428,0))/INDEX($B$2:$B$428,MATCH($O42,$A$2:$A$428,0)-1),""))} | AA42: {=IF(EDATE(AA$387,ROW()-2)>AA$388,"",IFERROR(IF(ROW()=2,100,AA41)*INDEX($D$2:$D$428,MATCH(EDATE(AA$387,ROW()-2),$A$2:$A$428,0))/INDEX($D$2:$D$428,MATCH(EDATE(AA$387,ROW()-2),$A$2:$A$428,0)-1),""))} -> 188.6293 | AB42: {=IF(EDATE(AB$387,ROW()-2)>AB$388,"",IFERROR(IF(ROW()=2,100,AB41)*INDEX($D$2:$D$428,MATCH(EDATE(AB$387,ROW()-2),$A$2:$A$428,0))/INDEX($D$2:$D$428,MATCH(EDATE(AB$387,ROW()-2),$A$2:$A$428,0)-1),""))} -> 126.32699 | AC42: {=IF(EDATE(AC$387,ROW()-2)>AC$388,"",IFERROR(IF(ROW()=2,100,AC41)*INDEX($D$2:$D$428,MATCH(EDATE(AC$387,ROW()-2),$A$2:$A$428,0))/INDEX($D$2:$D$428,MATCH(EDATE(AC$387,ROW()-2),$A$2:$A$428,0)-1),""))} -> 148.43785 | AD42: {=IF(EDATE(AD$387,ROW()-2)>AD$388,"",IFERROR(IF(ROW()=2,100,AD41)*INDEX($D$2:$D$428,MATCH(EDATE(AD$387,ROW()-2),$A$2:$A$428,0))/INDEX($D$2:$D$428,MATCH(EDATE(AD$387,ROW()-2),$A$2:$A$428,0)-1),""))} -> 132.78022 | AG42: {=IF(EDATE(AG$387,ROW()-2)>AG$388,"",IFERROR(IF(ROW()=2,100,AG41)*INDEX($D$2:$D$428,MATCH(EDATE(AG$387,ROW()-2),$A$2:$A$428,0))/INDEX($D$2:$D$428,MATCH(EDATE(AG$387,ROW()-2),$A$2:$A$428,0)-1),""))} -> 136.86887 | AH42: {=IF(EDATE(AH$387,ROW()-2)>AH$388,"",IFERROR(IF(ROW()=2,100,AH41)*INDEX($D$2:$D$428,MATCH(EDATE(AH$387,ROW()-2),$A$2:$A$428,0))/INDEX($D$2:$D$428,MATCH(EDATE(AH$387,ROW()-2),$A$2:$A$428,0)-1),""))} -> 145.99456 | AJ42: 34090 | AK42: 2053.6 | AL42: =D30/AK42 -> #VALUE! | AN42: =IF(EDATE(AN$387,ROW()-2)>AN$388,"",IFERROR((INDEX($AL$2:$AL$441,MATCH(EDATE(AN$387,ROW()-2),$AJ$2:$AJ$441,0))-INDEX($AL$2:$AL$441,MATCH(EDATE(AN$387,-1),$AJ$2:$AJ$441,0)))*100,"")) -> 19.189877 | AO42: =IF(EDATE(AO$387,ROW()-2)>AO$388,"",IFERROR((INDEX($AL$2:$AL$441,MATCH(EDATE(AO$387,ROW()-2),$AJ$2:$AJ$441,0))-INDEX($AL$2:$AL$441,MATCH(EDATE(AO$387,-1),$AJ$2:$AJ$441,0)))*100,"")) -> -12.669201 | AP42: =IF(EDATE(AP$387,ROW()-2)>AP$388,"",IFERROR((INDEX($AL$2:$AL$441,MATCH(EDATE(AP$387,ROW()-2),$AJ$2:$AJ$441,0))-INDEX($AL$2:$AL$441,MATCH(EDATE(AP$387,-1),$AJ$2:$AJ$441,0)))*100,"")) -> 0.32308858 | AQ42: =IF(EDATE(AQ$387,ROW()-2)>AQ$388,"",IFERROR((INDEX($AL$2:$AL$441,MATCH(EDATE(AQ$387,ROW()-2),$AJ$2:$AJ$441,0))-INDEX($AL$2:$AL$441,MATCH(EDATE(AQ$387,-1),$AJ$2:$AJ$441,0)))*100,"")) -> -4.3824308 | AT42: =IF(EDATE(AT$387,ROW()-2)>AT$388,"",IFERROR((INDEX($AL$2:$AL$441,MATCH(EDATE(AT$387,ROW()-2),$AJ$2:$AJ$441,0))-INDEX($AL$2:$AL$441,MATCH(EDATE(AT$387,-1),$AJ$2:$AJ$441,0)))*100,"")) -> 1.8664951 | AU42: =IF(EDATE(AU$387,ROW()-2)>AU$388,"",IFERROR((INDEX($AL$2:$AL$441,MATCH(EDATE(AU$387,ROW()-2),$AJ$2:$AJ$441,0))-INDEX($AL$2:$AL$441,MATCH(EDATE(AU$387,-1),$AJ$2:$AJ$441,0)))*100,"")) -> 10.303387
